people_ahead,active_counters,average_service_time,queue_length,hour,day_of_week,service_type,recent_skipped_count,actual_wait_minutes
28,3,3.0,39,15,4,inquiry,0,31.78
10,4,4.0,15,11,2,blood_lab,1,10.58
1,4,10.0,13,13,1,registration,3,0.5
27,4,8.5,41,10,3,certificate,2,53.6
2,1,3.0,5,14,4,inquiry,0,7.54
27,3,3.0,39,14,3,inquiry,0,33.22
13,1,4.0,17,9,3,blood_lab,1,48.02
28,3,3.0,30,17,3,inquiry,1,25.86
13,3,8.5,21,14,3,certificate,0,46.52
24,4,8.5,36,16,4,certificate,2,58.61
0,1,10.0,7,16,0,registration,3,0.5
32,3,4.0,37,17,6,blood_lab,1,39.53
27,3,6.0,36,15,3,consultation,1,52.06
34,4,10.0,42,13,2,registration,2,101.86
34,1,6.0,48,10,0,consultation,0,237.29
8,3,4.0,18,17,3,blood_lab,0,11.28
31,3,4.0,32,11,4,blood_lab,3,53.51
14,3,10.0,27,11,4,registration,3,63.35
21,4,4.0,23,17,4,blood_lab,1,24.3
19,2,3.0,33,17,6,inquiry,3,24.59
32,1,6.0,41,16,3,consultation,0,187.22
32,3,10.0,42,15,6,registration,2,104.29
11,2,6.0,18,9,2,consultation,0,32.2
0,3,6.0,14,9,4,consultation,3,0.5
31,2,8.5,38,11,6,certificate,2,159.31
33,2,10.0,39,8,0,registration,3,184.05
5,4,4.0,18,10,3,blood_lab,3,0.5
32,4,3.0,39,9,0,inquiry,2,24.72
24,2,3.0,31,17,2,inquiry,2,34.88
1,1,6.0,15,12,4,consultation,3,5.07
8,1,4.0,11,10,2,blood_lab,3,27.95
10,1,3.0,18,11,5,inquiry,3,33.62
34,4,3.0,48,16,2,inquiry,0,28.86
32,4,10.0,33,12,3,registration,3,96.35
16,4,4.0,17,10,5,blood_lab,2,13.97
7,3,10.0,18,9,4,registration,1,22.64
27,3,6.0,28,12,3,consultation,0,72.51
16,4,6.0,28,12,5,consultation,2,26.94
23,1,3.0,24,12,6,inquiry,2,81.54
2,4,6.0,4,16,1,consultation,2,0.5
2,4,8.5,16,15,1,certificate,3,0.5
1,2,4.0,2,15,0,blood_lab,0,4.8
28,2,4.0,35,17,2,blood_lab,1,55.43
19,1,10.0,27,10,6,registration,2,193.93
33,2,3.0,40,13,2,inquiry,0,62.14
5,3,6.0,11,12,0,consultation,3,10.13
4,3,10.0,8,13,4,registration,3,18.97
15,1,3.0,17,17,5,inquiry,2,45.32
18,4,6.0,28,14,1,consultation,0,36.96
0,3,6.0,2,13,0,consultation,3,0.5
0,4,10.0,13,14,6,registration,0,0.5
25,4,3.0,28,12,5,inquiry,0,26.76
13,4,10.0,18,8,5,registration,1,30.01
22,2,10.0,32,13,4,registration,3,155.6
30,2,8.5,40,10,1,certificate,3,123.73
15,4,3.0,22,9,0,inquiry,3,10.08
19,4,4.0,31,9,2,blood_lab,3,14.91
11,3,4.0,12,8,1,blood_lab,2,11.18
28,1,3.0,40,9,4,inquiry,2,90.82
7,1,8.5,17,17,1,certificate,1,60.01
6,4,8.5,16,12,1,certificate,0,16.75
9,1,3.0,18,15,2,inquiry,0,26.86
17,1,4.0,24,15,6,blood_lab,1,63.74
22,1,10.0,25,16,5,registration,0,220.65
19,4,6.0,28,13,4,consultation,2,38.67
18,2,3.0,23,12,2,inquiry,3,29.03
20,4,6.0,25,14,0,consultation,2,40.1
4,3,8.5,11,9,6,certificate,3,5.22
9,2,6.0,21,8,4,consultation,1,29.99
8,2,8.5,19,17,1,certificate,0,33.09
18,4,10.0,31,8,5,registration,3,41.02
3,4,10.0,9,10,4,registration,3,3.79
9,2,4.0,12,14,5,blood_lab,2,18.47
19,4,8.5,27,16,6,certificate,0,37.69
12,4,4.0,26,16,6,blood_lab,3,8.74
5,2,10.0,17,12,5,registration,0,30.53
34,3,4.0,38,16,1,blood_lab,2,44.95
2,4,6.0,9,16,2,consultation,3,0.5
31,4,8.5,39,13,3,certificate,3,75.23
25,4,3.0,35,9,3,inquiry,3,15.66
26,2,10.0,27,16,0,registration,0,150.53
12,2,10.0,15,13,1,registration,2,73.75
24,2,10.0,34,15,5,registration,1,116.28
0,2,6.0,1,12,1,consultation,2,0.5
21,3,6.0,32,8,4,consultation,0,43.89
20,4,6.0,27,13,3,consultation,0,35.88
30,1,10.0,36,10,4,registration,2,341.19
0,3,6.0,13,11,5,consultation,0,1.12
31,2,6.0,43,15,6,consultation,1,85.24
11,1,4.0,17,12,5,blood_lab,1,53.02
16,4,4.0,23,12,4,blood_lab,1,19.76
33,2,3.0,35,9,1,inquiry,1,49.23
33,4,4.0,42,13,0,blood_lab,3,42.46
16,1,8.5,29,11,1,certificate,3,166.46
9,1,6.0,21,11,4,consultation,1,73.38
10,3,4.0,19,14,6,blood_lab,3,14.34
15,4,4.0,19,15,3,blood_lab,3,12.29
28,4,4.0,30,17,2,blood_lab,2,24.58
4,2,10.0,16,17,4,registration,1,18.92
13,2,8.5,26,16,1,certificate,0,54.91
21,3,6.0,29,8,1,consultation,3,38.61
14,3,10.0,22,13,5,registration,1,58.2
22,2,3.0,30,9,4,inquiry,1,37.49
17,2,4.0,23,10,2,blood_lab,2,31.56
27,2,6.0,34,16,0,consultation,2,90.29
16,1,6.0,20,16,3,consultation,1,92.92
17,3,4.0,21,13,1,blood_lab,2,24.54
5,4,4.0,15,9,2,blood_lab,3,3.35
5,1,4.0,14,8,4,blood_lab,1,20.39
29,3,3.0,43,15,6,inquiry,0,26.73
30,4,4.0,35,11,6,blood_lab,1,36.7
14,2,3.0,20,8,5,inquiry,3,16.35
1,3,4.0,12,15,1,blood_lab,2,0.5
3,3,8.5,7,8,3,certificate,0,9.39
0,2,3.0,14,13,4,inquiry,1,0.5
2,1,4.0,8,9,1,blood_lab,0,5.82
1,1,8.5,9,9,3,certificate,0,8.37
29,3,4.0,30,12,5,blood_lab,3,41.99
13,1,3.0,21,16,1,inquiry,3,35.7
28,4,3.0,39,16,4,inquiry,1,22.31
29,3,3.0,34,12,4,inquiry,2,39.21
24,1,3.0,34,16,1,inquiry,3,71.24
32,3,4.0,33,16,0,blood_lab,0,50.3
5,2,10.0,8,14,2,registration,3,22.54
14,3,8.5,27,8,3,certificate,1,38.49
32,1,6.0,37,14,0,consultation,1,274.95
21,2,3.0,31,12,2,inquiry,1,39.74
23,4,3.0,31,15,4,inquiry,0,18.92
11,1,3.0,13,10,2,inquiry,3,25.56
19,3,10.0,33,17,5,registration,1,62.34
11,2,8.5,24,15,5,certificate,1,44.88
11,4,3.0,15,11,4,inquiry,3,7.44
7,3,10.0,17,8,3,registration,2,17.92
13,4,10.0,22,13,2,registration,2,41.02
20,2,6.0,34,11,5,consultation,2,76.57
8,1,10.0,17,17,3,registration,0,80.94
25,1,10.0,28,11,0,registration,1,357.46
26,2,8.5,37,8,2,certificate,2,108.63
23,1,3.0,30,11,5,inquiry,0,85.83
21,2,4.0,33,9,4,blood_lab,0,49.55
19,1,6.0,20,11,5,consultation,1,145.63
29,3,10.0,32,15,2,registration,1,95.27
28,2,10.0,36,10,1,registration,0,139.54
27,1,8.5,29,13,2,certificate,2,286.58
0,4,3.0,13,14,6,inquiry,2,0.5
32,3,8.5,39,9,6,certificate,0,89.27
2,4,6.0,9,15,5,consultation,0,2.06
27,3,6.0,35,9,2,consultation,3,50.38
15,4,4.0,19,12,5,blood_lab,0,15.7
6,2,8.5,13,8,6,certificate,0,23.88
18,4,4.0,31,9,1,blood_lab,0,17.06
1,3,8.5,8,14,3,certificate,3,0.93
29,1,10.0,31,12,3,registration,2,361.25
16,2,6.0,25,15,1,consultation,0,47.94
8,2,6.0,14,11,1,consultation,1,29.04
10,2,10.0,12,12,1,registration,3,59.12
33,1,6.0,38,16,5,consultation,1,195.49
26,1,10.0,32,15,1,registration,3,256.07
6,2,10.0,19,8,1,registration,0,30.69
0,3,8.5,5,11,2,certificate,1,0.5
20,3,10.0,28,11,0,registration,2,93.87
23,2,8.5,29,12,0,certificate,1,135.86
19,3,3.0,22,11,2,inquiry,0,28.36
8,2,8.5,10,12,0,certificate,0,48.7
0,1,6.0,13,15,1,consultation,0,1.27
29,2,10.0,31,10,4,registration,3,161.24
16,2,4.0,25,14,0,blood_lab,2,44.24
22,1,6.0,28,13,0,consultation,1,190.57
11,3,6.0,22,17,0,consultation,0,24.74
22,2,6.0,27,13,1,consultation,2,79.71
6,1,10.0,9,15,1,registration,2,56.93
34,2,3.0,45,17,6,inquiry,0,52.23
33,3,4.0,38,15,1,blood_lab,2,43.6
3,1,6.0,9,16,4,consultation,1,15.77
15,1,6.0,25,9,6,consultation,2,87.15
28,2,4.0,29,12,3,blood_lab,0,71.92
9,2,3.0,18,14,3,inquiry,0,13.52
3,2,8.5,17,12,0,certificate,3,13.29
14,1,6.0,15,16,3,consultation,3,80.51
12,2,4.0,21,14,3,blood_lab,3,22.74
7,4,4.0,20,13,4,blood_lab,2,4.24
25,1,8.5,26,17,2,certificate,3,208.13
4,2,10.0,11,8,0,registration,2,21.14
34,2,4.0,36,8,2,blood_lab,3,67.92
12,4,4.0,25,16,0,blood_lab,3,7.79
2,3,6.0,14,16,2,consultation,0,4.3
11,2,8.5,20,15,0,certificate,0,52.13
14,2,3.0,22,12,1,inquiry,1,26.5
12,4,10.0,17,8,1,registration,3,25.58
2,4,4.0,10,9,2,blood_lab,0,3.85
32,2,10.0,40,10,3,registration,0,159.52
24,1,10.0,34,11,6,registration,2,296.52
6,1,3.0,17,17,0,inquiry,2,16.72
1,2,8.5,14,14,1,certificate,3,1.96
26,1,10.0,35,8,6,registration,1,259.66
5,3,4.0,19,14,1,blood_lab,0,12.23
27,4,8.5,41,12,4,certificate,1,81.29
3,3,8.5,4,13,0,certificate,1,11.45
21,2,6.0,29,9,1,consultation,1,60.49
11,3,10.0,24,8,5,registration,2,34.35
10,2,4.0,17,17,1,blood_lab,1,19.72
12,1,4.0,19,14,4,blood_lab,0,68.91
31,2,4.0,45,11,5,blood_lab,2,74.1
15,1,10.0,26,11,5,registration,2,182.44
4,3,6.0,15,8,1,consultation,3,5.2
24,4,4.0,36,9,6,blood_lab,3,21.05
7,4,4.0,21,16,0,blood_lab,0,9.32
6,3,8.5,19,12,3,certificate,1,21.05
19,2,4.0,28,14,0,blood_lab,1,51.91
21,2,6.0,26,12,1,consultation,3,77.49
12,1,4.0,20,12,1,blood_lab,1,57.69
24,1,4.0,36,13,0,blood_lab,3,129.14
21,3,4.0,29,16,0,blood_lab,3,32.02
32,2,3.0,40,9,3,inquiry,0,47.96
32,1,8.5,41,8,4,certificate,3,305.81
14,2,8.5,24,14,3,certificate,0,72.38
2,3,4.0,8,16,5,blood_lab,0,2.77
11,4,8.5,19,9,3,certificate,1,20.71
6,3,3.0,10,11,5,inquiry,1,5.82
13,3,6.0,15,13,3,consultation,2,32.2
12,1,3.0,25,10,1,inquiry,2,33.94
17,2,4.0,19,10,5,blood_lab,0,32.97
2,4,6.0,12,10,2,consultation,0,2.54
30,2,10.0,43,15,3,registration,0,147.0
27,4,3.0,41,11,3,inquiry,3,22.53
33,4,6.0,37,9,6,consultation,1,53.3
5,3,3.0,15,10,2,inquiry,1,6.16
34,2,6.0,42,11,5,consultation,2,126.98
13,2,8.5,15,14,4,certificate,0,79.23
13,4,3.0,20,16,3,inquiry,1,6.93
24,1,6.0,36,9,2,consultation,0,144.03
22,3,3.0,33,17,2,inquiry,1,20.33
28,2,8.5,40,16,0,certificate,0,138.02
19,4,6.0,28,12,6,consultation,0,33.12
27,3,3.0,33,11,1,inquiry,1,32.34
25,1,3.0,26,14,2,inquiry,1,91.01
4,1,10.0,5,10,5,registration,3,35.75
30,4,6.0,41,9,6,consultation,3,41.31
22,4,3.0,36,11,1,inquiry,1,17.81
0,3,10.0,8,13,4,registration,2,0.5
0,3,8.5,7,17,2,certificate,1,0.5
11,3,6.0,19,16,5,consultation,3,17.8
0,3,6.0,14,12,4,consultation,0,0.54
5,3,8.5,14,8,0,certificate,0,14.93
8,1,10.0,21,16,2,registration,3,77.7
18,2,3.0,20,9,4,inquiry,0,32.3
10,1,4.0,18,13,6,blood_lab,0,52.0
6,3,8.5,11,10,3,certificate,0,14.37
32,1,6.0,33,10,3,consultation,1,190.81
1,2,8.5,10,10,4,certificate,1,2.13
5,4,8.5,10,17,0,certificate,3,7.88
14,3,3.0,21,13,5,inquiry,1,13.87
20,3,3.0,31,14,6,inquiry,0,24.55
14,4,4.0,19,13,2,blood_lab,1,16.71
3,4,10.0,8,11,5,registration,2,6.48
29,2,8.5,31,8,4,certificate,3,138.62
24,2,8.5,35,14,6,certificate,3,123.19
19,4,6.0,25,14,5,consultation,0,33.22
12,3,3.0,18,13,4,inquiry,1,18.14
23,2,8.5,32,17,0,certificate,1,111.67
3,2,4.0,11,10,3,blood_lab,3,3.35
9,1,4.0,16,9,4,blood_lab,2,39.43
34,4,6.0,36,8,6,consultation,0,53.2
9,1,4.0,23,16,5,blood_lab,0,38.92
34,3,8.5,39,9,2,certificate,1,97.85
10,3,6.0,18,10,3,consultation,1,17.5
31,3,8.5,44,11,4,certificate,0,123.32
5,1,6.0,12,11,4,consultation,0,45.97
1,4,3.0,6,12,5,inquiry,3,0.5
2,2,10.0,8,9,6,registration,3,9.31
16,3,8.5,18,14,5,certificate,3,52.34
4,1,3.0,17,16,6,inquiry,3,6.27
29,1,8.5,36,8,3,certificate,3,241.04
19,4,10.0,27,8,0,registration,1,50.59
19,2,10.0,25,9,6,registration,3,90.74
33,1,3.0,47,11,0,inquiry,2,139.04
1,1,8.5,6,9,2,certificate,0,5.19
22,2,3.0,26,9,6,inquiry,1,32.41
21,3,4.0,27,12,3,blood_lab,1,28.97
34,2,8.5,42,17,5,certificate,1,143.05
15,3,4.0,19,16,6,blood_lab,0,21.28
24,1,8.5,30,8,3,certificate,2,201.22
15,2,6.0,29,11,2,consultation,2,51.33
33,4,10.0,38,9,3,registration,0,81.95
11,4,3.0,23,11,1,inquiry,0,10.82
1,4,10.0,8,10,6,registration,2,0.5
18,2,10.0,28,16,1,registration,1,87.49
27,2,6.0,41,10,6,consultation,3,75.76
32,4,3.0,36,14,0,inquiry,0,31.74
34,3,3.0,45,13,5,inquiry,2,41.14
21,1,10.0,35,14,1,registration,1,260.3
9,3,10.0,19,15,6,registration,0,29.97
12,1,6.0,22,9,4,consultation,0,82.58
10,3,6.0,15,11,6,consultation,0,24.22
3,2,8.5,7,9,2,certificate,0,14.57
20,2,8.5,33,8,0,certificate,3,93.83
8,1,6.0,9,9,3,consultation,3,44.72
20,4,8.5,31,14,1,certificate,3,47.75
21,4,4.0,22,8,3,blood_lab,2,15.86
0,3,3.0,5,15,4,inquiry,3,0.5
22,3,6.0,23,10,2,consultation,3,39.52
30,2,8.5,34,11,6,certificate,2,155.4
27,3,4.0,38,17,4,blood_lab,0,43.53
31,4,8.5,43,8,6,certificate,3,62.67
8,2,6.0,10,10,0,consultation,3,25.49
24,2,6.0,31,9,1,consultation,0,73.0
11,3,3.0,19,9,5,inquiry,0,13.75
33,3,3.0,43,8,1,inquiry,2,30.91
24,4,6.0,35,17,0,consultation,1,39.5
20,3,6.0,30,14,6,consultation,0,49.5
17,1,3.0,30,12,5,inquiry,3,59.92
31,3,3.0,37,13,2,inquiry,0,41.63
28,1,3.0,30,9,4,inquiry,0,98.06
22,4,4.0,34,13,2,blood_lab,0,28.54
32,4,10.0,35,13,2,registration,2,98.36
7,2,6.0,17,15,0,consultation,3,20.34
2,1,10.0,6,15,2,registration,3,16.11
9,1,6.0,23,14,2,consultation,2,65.97
12,1,8.5,16,11,5,certificate,1,124.59
19,3,8.5,22,14,5,certificate,3,63.96
3,3,4.0,16,11,3,blood_lab,1,3.9
20,2,10.0,28,14,4,registration,1,143.93
19,1,3.0,26,14,3,inquiry,0,70.23
3,4,8.5,17,15,1,certificate,1,5.21
18,3,8.5,30,10,0,certificate,2,57.66
30,4,10.0,33,11,5,registration,2,89.58
32,2,6.0,36,8,2,consultation,3,91.84
5,4,6.0,9,13,6,consultation,1,8.91
10,3,3.0,19,17,4,inquiry,0,12.14
12,3,4.0,13,13,4,blood_lab,1,21.59
18,2,6.0,21,17,2,consultation,0,53.34
20,2,6.0,25,11,5,consultation,1,74.22
34,1,3.0,42,16,3,inquiry,1,100.01
23,1,3.0,27,12,5,inquiry,3,79.95
29,2,3.0,41,14,2,inquiry,2,50.97
24,1,8.5,30,16,4,certificate,3,230.76
19,2,4.0,29,16,4,blood_lab,3,41.13
31,4,8.5,42,11,6,certificate,3,76.53
25,4,10.0,33,16,4,registration,1,68.87
18,3,6.0,27,12,3,consultation,0,46.1
32,2,10.0,37,11,6,registration,1,198.98
16,4,6.0,29,9,3,consultation,1,21.44
21,1,4.0,22,9,5,blood_lab,1,80.57
4,2,10.0,10,16,1,registration,1,13.24
15,4,8.5,18,14,5,certificate,3,35.38
9,3,3.0,12,8,6,inquiry,0,7.69
25,3,3.0,29,11,5,inquiry,2,28.83
27,2,3.0,38,16,1,inquiry,3,35.55
1,1,8.5,9,10,3,certificate,0,10.78
22,1,3.0,33,9,2,inquiry,2,62.17
10,4,10.0,22,17,3,registration,3,19.04
14,4,6.0,28,15,1,consultation,1,21.18
19,2,3.0,31,9,6,inquiry,3,23.4
31,4,10.0,42,12,3,registration,1,94.65
31,1,4.0,43,14,0,blood_lab,2,173.35
33,4,10.0,45,13,1,registration,2,100.05
26,1,4.0,35,10,0,blood_lab,3,116.14
34,1,10.0,46,16,3,registration,1,339.09
5,3,8.5,17,16,2,certificate,1,12.37
23,2,10.0,29,10,3,registration,3,112.85
20,4,8.5,28,17,5,certificate,0,41.48
17,2,6.0,28,16,6,consultation,3,45.76
4,4,6.0,15,10,0,consultation,3,1.52
27,3,4.0,34,13,0,blood_lab,3,47.79
0,4,3.0,7,14,6,inquiry,2,0.5
34,1,10.0,39,12,5,registration,3,423.99
11,1,3.0,18,16,2,inquiry,3,26.32
5,3,6.0,16,14,2,consultation,2,11.0
13,4,8.5,18,15,5,certificate,2,26.98
19,1,4.0,28,15,5,blood_lab,1,73.82
18,2,6.0,21,10,1,consultation,2,52.6
18,3,3.0,22,15,5,inquiry,0,17.05
16,2,10.0,25,8,3,registration,0,81.34
3,3,6.0,7,15,1,consultation,0,4.41
21,1,10.0,29,14,4,registration,1,300.5
19,1,10.0,22,8,4,registration,0,220.59
8,4,6.0,11,8,1,consultation,3,6.57
14,1,3.0,17,17,3,inquiry,0,42.43
19,1,10.0,32,10,3,registration,2,185.26
2,2,3.0,14,9,1,inquiry,2,0.5
0,4,6.0,7,13,5,consultation,1,0.5
5,2,3.0,16,15,2,inquiry,3,0.62
0,1,8.5,13,8,2,certificate,3,0.5
12,1,3.0,18,8,5,inquiry,0,33.39
19,4,4.0,20,17,6,blood_lab,0,16.39
8,4,8.5,13,8,0,certificate,0,18.98
12,4,10.0,23,10,2,registration,0,32.67
11,1,10.0,12,17,6,registration,3,104.22
4,4,8.5,13,14,5,certificate,0,9.95
29,1,3.0,33,9,4,inquiry,2,98.09
19,1,3.0,20,17,2,inquiry,2,53.05
9,2,10.0,12,17,5,registration,1,46.21
8,1,4.0,15,10,3,blood_lab,1,30.61
16,1,8.5,30,10,2,certificate,0,134.66
14,2,10.0,19,12,5,registration,0,87.19
27,1,6.0,33,9,3,consultation,2,156.33
8,1,10.0,14,17,5,registration,3,74.49
27,4,4.0,36,14,2,blood_lab,3,26.86
32,4,8.5,39,9,3,certificate,0,67.27
0,3,6.0,4,10,4,consultation,1,0.5
17,4,3.0,20,8,0,inquiry,1,13.36
11,2,3.0,12,11,0,inquiry,0,25.87
4,2,8.5,12,15,2,certificate,2,13.82
26,2,4.0,29,9,5,blood_lab,2,49.74
14,1,10.0,28,17,4,registration,1,160.75
17,4,3.0,26,8,4,inquiry,0,14.06
16,1,4.0,22,11,4,blood_lab,0,96.74
21,1,10.0,32,14,2,registration,2,256.25
33,4,8.5,46,10,1,certificate,0,73.78
10,3,10.0,14,10,0,registration,3,33.99
34,1,10.0,36,11,2,registration,0,426.98
18,1,8.5,25,12,3,certificate,0,194.78
18,3,6.0,29,12,1,consultation,2,40.93
10,3,10.0,22,12,0,registration,3,39.64
11,2,3.0,12,10,2,inquiry,1,14.98
10,1,8.5,24,15,6,certificate,2,82.7
10,4,4.0,19,10,1,blood_lab,0,12.15
6,1,3.0,9,16,3,inquiry,0,17.39
16,1,6.0,17,15,2,consultation,2,92.76
30,3,10.0,32,13,4,registration,1,144.06
2,2,4.0,12,17,5,blood_lab,0,6.06
29,1,4.0,43,10,2,blood_lab,1,113.54
6,2,8.5,13,10,0,certificate,3,25.75
12,4,10.0,20,12,3,registration,3,34.29
0,4,6.0,3,9,6,consultation,3,0.5
29,3,3.0,35,10,2,inquiry,1,26.25
12,1,3.0,14,10,2,inquiry,1,33.67
15,2,8.5,27,9,1,certificate,1,61.86
30,4,10.0,32,14,2,registration,3,87.83
28,3,4.0,33,14,0,blood_lab,0,52.82
29,1,6.0,42,12,2,consultation,0,220.17
22,4,6.0,36,17,1,consultation,3,27.64
19,4,3.0,21,9,3,inquiry,1,13.61
12,3,3.0,19,15,1,inquiry,3,8.41
17,4,8.5,19,16,3,certificate,0,35.0
22,4,6.0,24,15,0,consultation,1,36.48
28,4,10.0,39,16,0,registration,2,78.81
3,4,3.0,5,10,4,inquiry,2,0.5
5,4,6.0,13,10,4,consultation,0,8.51
26,1,6.0,34,14,1,consultation,2,195.57
20,3,10.0,33,12,0,registration,3,89.43
19,3,10.0,22,12,1,registration,0,81.07
27,4,10.0,36,10,6,registration,3,62.01
6,1,3.0,19,9,4,inquiry,0,18.5
30,2,3.0,39,16,5,inquiry,2,43.51
22,1,3.0,35,9,0,inquiry,3,73.75
17,3,3.0,29,13,3,inquiry,3,19.54
20,4,6.0,31,10,4,consultation,0,33.13
9,1,6.0,21,12,1,consultation,1,66.53
21,1,8.5,25,17,2,certificate,0,178.17
16,4,4.0,22,11,4,blood_lab,2,22.54
15,3,3.0,16,15,3,inquiry,1,12.51
26,2,3.0,31,17,2,inquiry,2,35.57
24,1,10.0,31,17,6,registration,3,235.85
11,4,6.0,22,12,3,consultation,0,21.83
21,3,10.0,25,15,2,registration,0,71.22
28,2,6.0,30,14,3,consultation,1,103.77
31,4,10.0,33,13,0,registration,0,111.45
25,4,4.0,32,17,0,blood_lab,1,26.42
10,1,4.0,15,15,3,blood_lab,2,38.56
10,3,3.0,11,8,6,inquiry,3,7.74
30,1,6.0,44,9,1,consultation,0,178.38
4,4,8.5,8,16,2,certificate,3,1.11
20,2,10.0,25,13,5,registration,1,123.83
13,2,8.5,27,10,5,certificate,1,51.19
32,1,4.0,43,9,2,blood_lab,2,124.52
5,1,3.0,9,10,3,inquiry,3,11.48
11,3,6.0,16,16,1,consultation,2,18.8
25,2,8.5,29,10,4,certificate,2,121.64
15,2,4.0,17,14,4,blood_lab,1,39.83
29,1,3.0,40,14,0,inquiry,2,122.61
9,4,10.0,14,17,6,registration,2,21.4
23,2,10.0,35,15,1,registration,2,111.15
26,1,10.0,39,10,3,registration,0,260.48
9,4,10.0,18,13,6,registration,2,25.11
28,3,6.0,29,10,3,consultation,3,52.61
29,3,10.0,32,8,6,registration,2,95.08
28,4,10.0,33,9,3,registration,0,67.41
0,2,8.5,10,11,3,certificate,2,0.5
4,2,6.0,5,8,5,consultation,1,10.56
28,4,10.0,33,15,2,registration,0,72.91
6,3,4.0,13,14,1,blood_lab,3,5.69
20,2,10.0,24,14,1,registration,3,117.89
7,1,10.0,10,14,5,registration,3,82.98
26,4,6.0,36,10,4,consultation,0,47.13
33,1,10.0,41,15,1,registration,3,324.84
33,1,4.0,34,14,4,blood_lab,3,185.91
5,1,10.0,14,17,6,registration,2,46.68
19,3,10.0,22,13,6,registration,3,76.86
12,3,10.0,22,9,5,registration,1,39.98
24,4,10.0,35,10,5,registration,0,61.41
15,4,3.0,21,12,5,inquiry,0,13.61
15,3,6.0,22,17,1,consultation,3,26.36
16,3,6.0,26,13,0,consultation,0,44.98
24,3,3.0,29,12,5,inquiry,0,33.59
16,1,3.0,24,9,6,inquiry,3,49.1
5,1,4.0,12,17,6,blood_lab,0,19.24
28,1,4.0,41,13,5,blood_lab,3,136.72
2,1,3.0,3,14,0,inquiry,0,6.66
17,1,3.0,20,11,2,inquiry,3,58.55
32,2,8.5,34,14,3,certificate,3,167.1
32,1,6.0,40,10,4,consultation,0,221.84
26,4,10.0,32,15,4,registration,3,70.69
15,3,3.0,26,17,0,inquiry,3,15.25
22,2,3.0,30,13,2,inquiry,0,40.08
15,3,4.0,18,10,1,blood_lab,3,16.89
32,1,3.0,44,12,2,inquiry,0,122.25
4,1,6.0,16,12,5,consultation,3,22.77
32,2,4.0,34,16,2,blood_lab,1,61.72
32,1,3.0,36,13,6,inquiry,2,116.71
28,4,4.0,32,15,1,blood_lab,2,25.62
28,2,8.5,29,9,5,certificate,1,117.41
27,2,10.0,36,12,1,registration,1,164.83
11,3,6.0,22,10,1,consultation,1,21.17
34,4,6.0,36,15,1,consultation,1,49.66
28,3,4.0,34,11,2,blood_lab,0,47.38
18,4,3.0,21,9,5,inquiry,0,14.96
31,4,6.0,37,16,2,consultation,3,39.93
1,1,4.0,5,8,2,blood_lab,1,6.38
21,3,4.0,26,15,5,blood_lab,3,21.74
29,1,8.5,42,8,0,certificate,0,280.72
18,1,3.0,28,11,0,inquiry,0,78.55
31,4,8.5,37,13,0,certificate,1,93.15
20,3,4.0,29,11,4,blood_lab,2,35.02
26,2,6.0,29,15,3,consultation,0,81.54
19,1,8.5,27,14,0,certificate,0,233.13
32,1,3.0,46,12,2,inquiry,3,115.06
2,2,8.5,12,8,2,certificate,3,5.26
29,4,8.5,36,17,1,certificate,1,59.88
2,2,10.0,8,8,6,registration,3,1.17
7,3,4.0,21,17,0,blood_lab,0,11.81
27,1,6.0,33,12,0,consultation,1,230.32
20,2,4.0,33,17,2,blood_lab,2,35.91
14,4,3.0,16,9,6,inquiry,1,12.09
12,4,4.0,18,14,4,blood_lab,2,15.68
2,2,6.0,8,9,0,consultation,0,6.87
28,1,10.0,29,17,3,registration,0,281.54
18,3,3.0,22,12,0,inquiry,3,23.1
26,4,3.0,36,14,0,inquiry,0,27.54
31,3,6.0,36,11,5,consultation,1,76.28
15,1,6.0,16,12,4,consultation,0,129.93
22,1,10.0,34,14,2,registration,1,269.62
21,1,6.0,34,12,6,consultation,0,156.12
16,3,10.0,24,12,1,registration,0,69.33
17,2,3.0,23,13,0,inquiry,1,34.65
33,1,8.5,43,14,6,certificate,2,348.39
14,2,4.0,26,15,2,blood_lab,0,30.7
18,3,6.0,28,15,6,consultation,1,33.59
28,2,6.0,30,10,4,consultation,1,94.45
28,3,10.0,36,17,0,registration,2,104.44
4,2,10.0,5,10,6,registration,1,13.67
16,3,6.0,25,10,6,consultation,0,32.47
31,2,10.0,43,16,5,registration,3,152.39
21,4,10.0,30,10,3,registration,2,50.98
6,2,6.0,19,10,2,consultation,1,15.75
29,1,4.0,37,9,2,blood_lab,3,106.95
31,4,8.5,37,13,3,certificate,2,80.24
17,2,3.0,30,13,6,inquiry,3,27.45
28,3,10.0,31,10,5,registration,1,90.71
10,2,3.0,21,9,5,inquiry,3,10.17
8,4,6.0,20,9,4,consultation,3,7.98
31,2,6.0,35,8,2,consultation,0,93.15
28,3,4.0,35,16,6,blood_lab,3,30.85
20,4,4.0,30,11,1,blood_lab,0,24.37
21,2,10.0,31,17,4,registration,0,119.3
1,2,4.0,15,17,3,blood_lab,2,1.71
25,2,6.0,27,10,1,consultation,2,74.0
2,2,6.0,5,8,5,consultation,0,7.07
20,2,3.0,34,11,6,inquiry,1,35.72
19,4,3.0,20,15,0,inquiry,0,18.74
20,4,10.0,23,12,3,registration,3,58.67
28,3,6.0,36,13,1,consultation,1,69.35
32,2,4.0,45,13,2,blood_lab,3,76.58
26,3,4.0,39,8,2,blood_lab,3,32.04
20,3,4.0,26,12,2,blood_lab,1,34.24
34,3,4.0,39,12,4,blood_lab,1,64.8
24,4,4.0,37,10,2,blood_lab,1,21.03
18,3,3.0,26,9,6,inquiry,3,16.26
4,3,10.0,9,9,3,registration,1,12.96
13,3,6.0,24,9,2,consultation,2,24.59
22,3,8.5,27,12,6,certificate,0,78.24
21,3,8.5,22,14,3,certificate,0,74.47
21,2,3.0,23,8,4,inquiry,1,35.67
14,4,4.0,22,13,3,blood_lab,1,18.4
27,4,4.0,37,9,4,blood_lab,0,31.75
10,4,8.5,22,15,2,certificate,1,19.38
7,1,3.0,15,17,5,inquiry,0,22.68
6,4,4.0,19,15,2,blood_lab,0,6.47
34,3,6.0,38,12,1,consultation,0,85.52
29,2,10.0,33,14,4,registration,2,205.57
16,4,3.0,26,10,5,inquiry,2,8.29
33,3,8.5,37,9,5,certificate,3,91.46
31,4,8.5,36,11,2,certificate,0,79.28
7,1,4.0,21,15,3,blood_lab,1,25.67
12,4,3.0,16,12,1,inquiry,1,10.11
30,3,8.5,41,12,5,certificate,1,105.27
22,1,4.0,23,14,6,blood_lab,2,109.78
33,1,10.0,39,16,1,registration,2,325.65
16,3,3.0,26,14,6,inquiry,0,17.87
12,4,8.5,21,13,2,certificate,3,26.48
34,4,6.0,36,14,6,consultation,3,60.03
16,1,10.0,21,13,2,registration,0,195.27
25,2,6.0,31,11,3,consultation,2,90.92
27,1,4.0,41,10,3,blood_lab,2,105.31
33,4,10.0,39,13,6,registration,3,100.87
9,3,4.0,20,8,2,blood_lab,2,7.99
4,2,10.0,8,16,6,registration,0,20.24
21,4,3.0,34,17,1,inquiry,0,12.75
12,1,3.0,18,11,0,inquiry,0,50.46
7,2,8.5,18,14,5,certificate,3,32.22
25,3,4.0,36,14,4,blood_lab,0,49.25
17,3,8.5,18,14,4,certificate,3,66.54
28,2,8.5,42,9,4,certificate,2,134.1
14,1,3.0,18,17,3,inquiry,2,35.16
22,4,10.0,26,8,0,registration,3,59.92
31,3,6.0,43,8,4,consultation,1,71.16
7,4,6.0,18,8,2,consultation,3,9.44
31,2,6.0,44,12,4,consultation,3,130.74
7,1,8.5,8,10,2,certificate,2,54.71
18,3,8.5,30,8,5,certificate,2,45.78
1,2,3.0,8,12,2,inquiry,3,0.5
12,4,4.0,22,8,0,blood_lab,3,11.02
18,2,3.0,30,10,5,inquiry,3,24.03
17,4,8.5,25,8,6,certificate,3,30.81
3,2,8.5,15,16,6,certificate,3,6.42
24,3,10.0,26,10,1,registration,3,77.19
8,2,8.5,12,15,1,certificate,2,29.29
22,3,8.5,24,11,3,certificate,2,78.06
22,4,3.0,29,8,5,inquiry,0,16.77
24,4,10.0,25,11,5,registration,0,75.14
32,4,10.0,38,17,1,registration,1,76.04
23,1,10.0,33,12,5,registration,0,291.08
22,4,4.0,33,9,4,blood_lab,3,20.92
9,1,4.0,13,8,6,blood_lab,2,34.94
4,2,10.0,17,12,6,registration,0,27.73
29,3,3.0,41,14,1,inquiry,0,37.33
7,3,4.0,20,13,3,blood_lab,1,8.91
30,4,8.5,39,8,6,certificate,1,63.61
0,1,10.0,9,17,5,registration,1,0.5
15,4,4.0,29,8,0,blood_lab,1,16.53
12,1,8.5,18,8,5,certificate,0,101.19
14,2,10.0,27,8,6,registration,0,70.99
5,1,4.0,11,17,0,blood_lab,2,19.08
25,4,10.0,31,13,2,registration,3,73.69
17,4,8.5,18,16,5,certificate,1,34.38
34,1,4.0,37,10,3,blood_lab,3,130.23
31,2,4.0,43,15,4,blood_lab,0,68.83
34,4,6.0,38,13,1,consultation,3,57.97
14,3,10.0,28,11,2,registration,3,51.67
1,3,10.0,4,13,6,registration,2,0.64
1,4,6.0,8,15,3,consultation,2,0.5
29,2,4.0,35,9,1,blood_lab,0,56.21
28,3,10.0,40,9,2,registration,1,92.25
3,1,8.5,10,13,1,certificate,1,29.93
31,1,8.5,36,17,3,certificate,1,261.59
10,3,4.0,11,11,6,blood_lab,3,12.01
18,1,6.0,24,15,5,consultation,2,104.77
12,3,4.0,22,10,0,blood_lab,3,14.94
22,2,3.0,23,9,0,inquiry,2,32.62
22,2,3.0,31,9,4,inquiry,3,34.48
9,2,6.0,19,16,5,consultation,1,27.45
13,3,6.0,17,9,1,consultation,2,21.98
10,1,4.0,15,13,4,blood_lab,2,53.83
11,1,8.5,21,9,5,certificate,2,89.59
15,1,4.0,18,9,2,blood_lab,0,58.76
11,4,8.5,24,11,6,certificate,1,29.6
25,3,8.5,36,15,6,certificate,2,69.36
11,1,3.0,25,8,6,inquiry,0,29.17
20,4,6.0,25,17,3,consultation,3,25.76
29,3,10.0,43,17,6,registration,0,95.76
28,3,3.0,32,11,2,inquiry,0,37.39
28,4,4.0,37,13,6,blood_lab,3,31.06
21,4,8.5,23,12,5,certificate,3,48.08
12,3,8.5,26,13,4,certificate,3,46.04
8,3,3.0,11,10,5,inquiry,1,7.0
8,4,3.0,12,9,1,inquiry,0,6.65
22,2,3.0,33,12,5,inquiry,1,39.65
18,2,3.0,32,10,0,inquiry,0,30.21
30,3,10.0,35,9,2,registration,3,99.31
31,4,6.0,45,14,4,consultation,2,62.13
23,1,4.0,34,14,4,blood_lab,3,128.75
30,1,3.0,31,8,6,inquiry,3,89.87
6,2,10.0,16,15,3,registration,3,25.25
10,1,8.5,13,10,1,certificate,2,81.49
1,1,6.0,3,13,5,consultation,3,4.65
9,4,10.0,19,15,0,registration,0,24.5
15,1,6.0,21,16,3,consultation,1,87.98
11,4,8.5,20,17,0,certificate,1,21.57
33,4,6.0,37,14,3,consultation,1,62.97
1,3,4.0,10,9,4,blood_lab,2,0.5
27,4,3.0,40,14,4,inquiry,1,29.8
11,2,8.5,19,13,3,certificate,0,58.74
21,2,3.0,34,11,0,inquiry,3,42.91
2,3,8.5,15,12,3,certificate,0,9.17
13,3,4.0,27,13,3,blood_lab,3,17.02
26,4,10.0,33,15,2,registration,1,57.76
32,1,4.0,35,8,3,blood_lab,2,127.4
4,4,8.5,15,16,6,certificate,0,8.91
22,4,3.0,33,14,6,inquiry,1,21.68
15,3,8.5,19,10,0,certificate,2,41.4
0,1,8.5,2,11,5,certificate,3,0.5
34,1,4.0,45,11,4,blood_lab,3,190.28
3,3,6.0,9,10,5,consultation,2,0.87
21,4,3.0,25,12,4,inquiry,1,21.95
18,4,4.0,22,15,1,blood_lab,1,16.4
12,4,4.0,21,11,2,blood_lab,3,8.73
11,3,4.0,18,17,1,blood_lab,2,11.74
5,2,4.0,9,13,0,blood_lab,1,14.24
0,3,3.0,8,15,2,inquiry,3,0.5
3,1,4.0,15,17,5,blood_lab,1,12.96
23,4,3.0,32,16,4,inquiry,1,19.47
10,4,8.5,16,16,6,certificate,0,21.59
27,3,8.5,36,17,0,certificate,1,85.02
29,4,4.0,30,10,5,blood_lab,1,27.39
28,1,3.0,42,15,0,inquiry,2,92.14
22,1,8.5,32,14,5,certificate,0,237.74
9,2,8.5,18,14,4,certificate,1,50.46
33,4,6.0,34,11,2,consultation,1,58.53
3,1,8.5,10,9,0,certificate,0,26.0
26,4,4.0,40,16,1,blood_lab,3,23.16
28,4,3.0,31,11,4,inquiry,0,26.6
3,2,6.0,17,13,2,consultation,1,10.22
11,2,3.0,15,9,1,inquiry,0,17.57
25,3,8.5,35,13,5,certificate,3,82.21
17,3,4.0,31,12,5,blood_lab,0,29.28
20,4,6.0,27,8,2,consultation,1,30.81
14,2,10.0,18,14,4,registration,3,96.36
17,4,4.0,23,12,1,blood_lab,0,20.19
30,2,3.0,41,11,2,inquiry,1,54.8
5,2,8.5,14,14,0,certificate,0,27.42
15,3,4.0,29,14,3,blood_lab,3,21.53
21,4,6.0,26,14,4,consultation,1,41.48
31,3,10.0,41,14,1,registration,2,126.94
14,3,10.0,20,13,4,registration,0,65.94
2,4,4.0,10,14,1,blood_lab,3,0.5
7,3,4.0,20,10,0,blood_lab,3,6.21
6,3,10.0,13,13,1,registration,0,25.1
0,2,3.0,11,15,0,inquiry,0,1.66
11,1,8.5,12,17,5,certificate,3,87.34
5,3,4.0,10,16,1,blood_lab,1,6.07
13,4,10.0,15,16,3,registration,2,31.57
31,4,6.0,43,8,3,consultation,1,43.69
33,4,6.0,36,17,5,consultation,3,42.69
17,3,3.0,19,9,1,inquiry,2,13.93
11,3,10.0,24,9,6,registration,0,38.45
25,2,10.0,39,13,4,registration,3,175.95
0,3,6.0,11,14,5,consultation,2,0.5
32,3,3.0,44,11,4,inquiry,1,45.99
25,3,6.0,27,10,5,consultation,0,52.05
34,4,3.0,47,15,3,inquiry,2,26.05
25,4,10.0,30,16,0,registration,0,69.43
22,4,4.0,36,9,6,blood_lab,2,17.19
20,1,6.0,27,14,2,consultation,0,149.03
19,3,8.5,25,16,4,certificate,0,63.2
30,1,6.0,40,15,4,consultation,0,203.65
27,1,10.0,39,16,1,registration,0,268.91
5,3,8.5,14,13,5,certificate,0,16.49
34,1,4.0,42,10,1,blood_lab,3,130.94
23,1,6.0,26,8,3,consultation,0,139.69
28,3,8.5,35,10,0,certificate,3,87.07
8,1,4.0,18,10,0,blood_lab,1,36.23
33,1,8.5,46,13,4,certificate,1,400.7
30,2,6.0,40,16,3,consultation,1,87.21
30,3,6.0,34,15,0,consultation,0,66.19
25,4,6.0,26,10,0,consultation,3,40.41
1,1,8.5,14,11,1,certificate,0,12.89
30,1,8.5,38,10,6,certificate,1,250.24
8,4,3.0,15,9,5,inquiry,3,0.5
22,3,3.0,30,14,4,inquiry,2,25.85
30,1,10.0,32,11,3,registration,2,369.49
1,1,6.0,14,17,6,consultation,3,1.54
34,2,8.5,45,13,3,certificate,3,173.5
18,2,10.0,29,10,5,registration,2,87.87
34,3,3.0,48,8,2,inquiry,1,33.46
6,2,3.0,9,8,0,inquiry,3,4.07
27,4,8.5,31,10,1,certificate,0,57.31
12,3,10.0,23,17,1,registration,3,36.3
24,3,10.0,25,15,2,registration,1,77.01
33,4,4.0,36,13,4,blood_lab,1,44.44
7,3,4.0,11,13,2,blood_lab,2,8.47
0,1,6.0,8,15,5,consultation,3,0.5
6,3,10.0,7,13,6,registration,3,22.9
10,2,6.0,15,8,1,consultation,2,27.16
34,4,6.0,39,10,3,consultation,2,51.25
13,3,4.0,26,8,3,blood_lab,3,13.4
14,3,8.5,20,9,3,certificate,2,34.85
12,1,4.0,14,15,4,blood_lab,3,51.04
33,2,10.0,39,14,4,registration,2,231.17
24,2,10.0,38,15,2,registration,1,113.79
29,1,6.0,33,12,4,consultation,0,247.61
15,2,4.0,25,8,2,blood_lab,0,30.36
24,1,6.0,29,11,2,consultation,0,180.98
8,1,10.0,18,16,1,registration,0,81.25
28,2,8.5,39,8,1,certificate,2,121.19
32,1,6.0,40,11,3,consultation,0,237.78
27,2,6.0,36,14,3,consultation,3,94.07
22,2,8.5,32,15,0,certificate,0,107.36
16,3,6.0,18,14,5,consultation,2,35.52
33,2,8.5,37,10,6,certificate,3,136.92
0,4,8.5,14,8,3,certificate,1,0.5
28,1,4.0,38,16,2,blood_lab,2,106.44
5,4,4.0,9,15,2,blood_lab,1,2.57
23,4,6.0,30,10,5,consultation,2,29.88
19,2,4.0,32,10,0,blood_lab,1,38.59
0,3,8.5,14,9,6,certificate,1,0.5
14,2,6.0,22,13,2,consultation,3,45.89
33,3,4.0,35,8,3,blood_lab,0,42.55
0,3,4.0,5,12,3,blood_lab,2,0.5
25,4,10.0,37,8,3,registration,1,60.39
22,3,4.0,34,12,6,blood_lab,3,32.17
3,2,8.5,17,14,2,certificate,1,13.52
11,2,10.0,17,16,3,registration,0,53.38
5,3,10.0,7,13,4,registration,0,23.27
26,1,10.0,31,9,6,registration,1,258.28
15,3,6.0,21,14,5,consultation,0,39.65
33,1,10.0,42,16,6,registration,2,324.34
31,3,4.0,33,14,0,blood_lab,0,62.82
6,2,8.5,8,11,4,certificate,1,36.38
16,1,3.0,26,10,6,inquiry,2,46.76
31,3,6.0,45,8,5,consultation,2,56.53
1,3,8.5,5,9,6,certificate,0,5.17
32,3,8.5,42,16,4,certificate,3,97.77
23,4,4.0,37,15,0,blood_lab,0,27.47
23,1,6.0,27,8,0,consultation,0,157.92
29,4,8.5,39,12,4,certificate,1,87.34
16,2,10.0,26,11,4,registration,0,116.79
16,1,8.5,30,8,4,certificate,2,153.4
8,1,4.0,19,12,6,blood_lab,2,36.68
25,1,8.5,35,17,5,certificate,3,210.0
1,1,4.0,11,10,0,blood_lab,3,0.85
11,1,6.0,19,10,2,consultation,0,65.29
6,2,3.0,20,11,4,inquiry,1,13.24
24,2,6.0,30,17,4,consultation,2,82.19
13,3,6.0,23,17,5,consultation,2,20.47
25,1,6.0,38,11,6,consultation,2,184.34
11,2,6.0,23,8,4,consultation,1,37.44
25,1,8.5,37,11,1,certificate,1,265.85
1,4,3.0,5,10,6,inquiry,3,0.5
13,4,8.5,16,9,3,certificate,0,26.47
21,2,3.0,33,11,2,inquiry,1,44.46
6,4,10.0,9,13,3,registration,2,18.22
4,3,4.0,9,12,0,blood_lab,2,2.69
28,2,4.0,29,17,4,blood_lab,3,61.03
23,1,8.5,26,14,5,certificate,2,238.0
11,2,8.5,23,14,5,certificate,1,56.28
0,4,4.0,7,11,1,blood_lab,0,0.5
20,2,8.5,29,11,1,certificate,0,104.75
10,3,10.0,19,16,1,registration,3,29.88
10,4,8.5,15,11,1,certificate,0,25.62
11,1,10.0,25,13,1,registration,0,138.41
29,3,10.0,33,15,6,registration,2,95.48
21,4,10.0,31,14,5,registration,1,62.41
23,3,6.0,33,15,4,consultation,3,47.38
17,4,6.0,29,16,3,consultation,3,19.5
26,2,3.0,40,16,3,inquiry,1,37.71
22,2,4.0,31,11,5,blood_lab,2,50.79
30,4,10.0,37,15,0,registration,0,85.5
33,4,10.0,36,10,1,registration,0,82.03
23,4,8.5,36,12,1,certificate,2,60.97
18,2,3.0,23,10,1,inquiry,2,25.44
15,1,4.0,27,15,1,blood_lab,0,57.78
18,1,10.0,21,17,2,registration,1,178.81
11,2,8.5,22,9,4,certificate,0,52.43
6,2,10.0,16,15,3,registration,3,25.83
8,4,3.0,13,12,2,inquiry,1,4.24
14,2,8.5,22,14,3,certificate,3,71.56
14,4,4.0,18,12,5,blood_lab,0,18.7
22,1,10.0,27,8,2,registration,2,215.22
22,3,10.0,36,11,6,registration,0,88.94
27,1,6.0,39,12,5,consultation,3,196.38
34,1,3.0,36,9,4,inquiry,2,114.6
3,1,4.0,4,14,0,blood_lab,3,13.5
9,3,10.0,18,13,6,registration,0,34.92
11,2,8.5,15,9,3,certificate,0,45.74
33,4,3.0,38,10,0,inquiry,0,29.28
33,1,6.0,47,11,4,consultation,0,285.82
14,4,10.0,24,11,4,registration,1,46.52
16,4,8.5,27,15,2,certificate,1,32.32
25,1,8.5,39,13,6,certificate,1,263.75
6,3,3.0,8,8,6,inquiry,1,3.78
33,3,4.0,41,8,3,blood_lab,1,44.91
3,4,4.0,17,11,2,blood_lab,1,2.91
21,2,6.0,30,9,6,consultation,3,58.65
30,4,3.0,40,14,5,inquiry,0,26.78
14,3,3.0,26,12,4,inquiry,2,19.37
29,1,4.0,31,11,3,blood_lab,3,140.52
18,1,3.0,30,14,0,inquiry,3,72.77
4,3,8.5,14,17,0,certificate,0,11.83
9,2,10.0,15,10,4,registration,3,49.55
8,1,6.0,13,17,0,consultation,1,54.88
18,4,3.0,20,8,4,inquiry,1,16.24
9,3,4.0,15,16,0,blood_lab,2,14.35
26,1,8.5,38,15,5,certificate,2,218.12
27,1,6.0,35,12,1,consultation,2,198.36
28,3,6.0,29,8,4,consultation,2,60.68
24,3,4.0,37,13,4,blood_lab,2,45.13
33,1,3.0,41,14,6,inquiry,1,123.69
16,1,6.0,18,10,2,consultation,3,88.15
19,1,8.5,20,9,6,certificate,1,161.97
6,1,8.5,13,11,4,certificate,3,70.44
4,2,6.0,16,11,4,consultation,0,16.32
17,2,10.0,26,10,3,registration,1,82.96
29,4,6.0,40,10,6,consultation,0,43.82
18,1,4.0,30,11,0,blood_lab,0,99.72
0,2,6.0,11,14,3,consultation,1,0.5
27,2,4.0,38,14,0,blood_lab,0,77.52
7,2,8.5,21,9,6,certificate,3,25.08
8,2,6.0,16,10,2,consultation,1,20.9
13,4,10.0,27,11,6,registration,3,37.42
13,2,8.5,20,11,4,certificate,1,77.33
14,4,3.0,23,8,6,inquiry,0,10.65
9,3,8.5,23,17,0,certificate,3,27.7
30,3,6.0,42,14,6,consultation,2,71.99
33,4,10.0,47,13,1,registration,0,102.68
31,3,8.5,34,13,5,certificate,1,105.56
1,4,10.0,11,14,0,registration,3,0.5
4,4,4.0,14,16,2,blood_lab,0,1.65
23,3,3.0,26,10,3,inquiry,0,20.12
34,3,10.0,42,16,4,registration,3,123.87
34,1,6.0,43,9,0,consultation,0,235.5
1,4,3.0,13,17,5,inquiry,2,0.5
32,1,8.5,40,13,4,certificate,2,392.5
4,2,4.0,15,14,4,blood_lab,3,10.19
7,3,4.0,18,14,4,blood_lab,1,12.61
31,4,6.0,40,9,1,consultation,3,40.02
10,2,6.0,23,14,2,consultation,1,35.81
21,4,8.5,30,8,4,certificate,3,50.16
4,3,8.5,6,13,5,certificate,0,15.93
29,3,10.0,39,17,2,registration,3,92.51
27,2,8.5,41,16,2,certificate,0,113.14
19,4,3.0,32,17,4,inquiry,2,12.87
4,3,10.0,16,9,4,registration,2,9.69
30,3,8.5,39,13,4,certificate,1,119.07
10,1,3.0,16,17,2,inquiry,2,25.26
20,3,6.0,26,9,2,consultation,3,36.38
34,3,6.0,46,14,0,consultation,0,99.68
19,3,4.0,22,9,1,blood_lab,1,23.16
8,2,10.0,10,13,4,registration,2,57.83
11,4,8.5,17,12,0,certificate,2,30.48
4,2,8.5,14,12,4,certificate,1,23.35
25,4,3.0,30,8,4,inquiry,2,15.36
1,2,10.0,12,13,1,registration,1,0.74
24,3,4.0,32,15,0,blood_lab,0,34.65
20,4,4.0,28,11,1,blood_lab,1,25.72
28,4,8.5,37,17,1,certificate,0,60.65
21,3,10.0,28,16,4,registration,3,76.71
30,2,3.0,35,8,0,inquiry,0,51.64
27,4,6.0,35,14,4,consultation,0,59.1
6,2,8.5,10,16,2,certificate,1,24.69
26,1,10.0,33,17,1,registration,3,254.05
2,2,6.0,15,17,5,consultation,0,7.27
11,2,8.5,16,11,6,certificate,3,55.7
0,1,3.0,1,8,4,inquiry,3,0.5
25,1,3.0,26,15,6,inquiry,1,74.74
23,4,4.0,27,15,2,blood_lab,0,23.81
33,3,6.0,34,17,2,consultation,3,60.99
4,3,4.0,17,17,2,blood_lab,1,0.84
25,1,6.0,30,9,0,consultation,2,168.98
19,2,3.0,24,11,3,inquiry,0,33.95
24,4,3.0,34,10,0,inquiry,0,19.64
21,4,4.0,32,11,4,blood_lab,0,28.65
17,2,3.0,26,9,5,inquiry,1,24.17
28,2,10.0,38,12,0,registration,3,194.68
1,4,6.0,15,8,2,consultation,1,0.5
19,2,8.5,22,16,2,certificate,2,77.36
28,3,3.0,42,14,3,inquiry,2,33.38
16,2,10.0,26,17,2,registration,0,79.14
8,2,8.5,17,9,5,certificate,0,38.13
28,3,8.5,41,11,1,certificate,1,98.17
13,3,4.0,16,9,5,blood_lab,1,15.28
17,2,10.0,21,17,0,registration,0,96.51
27,4,6.0,32,15,3,consultation,1,37.48
4,2,3.0,9,16,1,inquiry,3,1.79
11,1,8.5,14,17,0,certificate,0,110.64
25,2,6.0,39,10,5,consultation,3,68.36
34,3,3.0,41,16,1,inquiry,0,33.46
30,4,6.0,32,9,4,consultation,1,48.93
24,2,8.5,29,14,6,certificate,1,125.95
12,3,4.0,22,16,5,blood_lab,3,13.97
11,1,8.5,15,9,2,certificate,2,89.93
25,2,8.5,30,11,3,certificate,1,128.9
29,4,8.5,31,16,6,certificate,0,63.18
19,4,4.0,28,10,4,blood_lab,2,17.84
31,2,4.0,42,10,1,blood_lab,1,61.25
32,3,10.0,37,10,0,registration,2,119.59
7,1,3.0,17,12,4,inquiry,0,30.49
4,2,8.5,17,8,2,certificate,2,14.21
29,2,10.0,42,14,0,registration,1,206.48
1,1,6.0,7,9,5,consultation,1,5.65
9,1,3.0,16,17,5,inquiry,1,28.41
11,3,8.5,25,13,2,certificate,2,33.85
12,1,6.0,21,17,4,consultation,2,79.54
8,3,4.0,12,9,0,blood_lab,0,11.74
5,3,8.5,6,10,2,certificate,1,10.98
11,1,6.0,14,16,5,consultation,3,62.75
17,4,10.0,30,16,1,registration,0,44.49
15,4,10.0,23,10,5,registration,3,33.72
30,2,3.0,39,17,0,inquiry,3,49.08
1,4,4.0,8,9,5,blood_lab,2,0.5
13,4,4.0,22,8,4,blood_lab,2,12.44
17,1,8.5,23,14,4,certificate,0,207.83
27,1,3.0,28,15,1,inquiry,3,74.45
11,3,4.0,23,9,5,blood_lab,1,9.61
29,2,6.0,34,10,3,consultation,3,84.45
22,1,4.0,24,15,0,blood_lab,2,98.56
4,4,10.0,17,12,4,registration,3,10.81
19,2,10.0,28,9,0,registration,3,103.58
32,1,4.0,35,12,4,blood_lab,2,179.09
24,1,3.0,27,10,3,inquiry,1,70.85
2,4,10.0,7,11,6,registration,0,5.08
7,4,6.0,9,11,3,consultation,3,8.33
24,2,10.0,38,15,6,registration,3,114.01
22,4,6.0,24,9,6,consultation,3,28.01
9,4,6.0,11,8,1,consultation,2,9.62
25,1,3.0,37,14,2,inquiry,3,89.03
13,3,10.0,14,8,0,registration,0,48.01
22,1,6.0,33,8,1,consultation,1,134.96
12,2,10.0,19,8,6,registration,3,57.05
8,1,8.5,21,13,0,certificate,2,96.07
33,4,10.0,42,11,1,registration,1,100.45
10,3,10.0,20,8,6,registration,3,28.16
34,1,3.0,39,9,2,inquiry,3,98.71
31,1,6.0,37,15,2,consultation,3,180.9
2,4,10.0,8,14,0,registration,2,4.51
5,1,6.0,7,17,0,consultation,1,31.26
30,4,8.5,41,17,0,certificate,1,72.82
23,1,3.0,29,16,2,inquiry,3,64.48
7,4,4.0,13,17,5,blood_lab,2,5.56
27,3,10.0,38,8,6,registration,3,84.46
14,1,4.0,16,17,3,blood_lab,1,55.11
14,4,3.0,18,13,1,inquiry,1,13.72
27,4,4.0,29,15,4,blood_lab,2,29.01
17,3,10.0,31,9,5,registration,1,56.1
13,4,4.0,25,14,0,blood_lab,0,16.93
14,3,8.5,20,12,3,certificate,3,43.2
4,4,10.0,16,15,0,registration,0,10.01
34,1,4.0,39,17,1,blood_lab,0,132.83
30,2,6.0,36,13,5,consultation,2,108.92
11,1,3.0,13,9,6,inquiry,2,29.16
13,4,3.0,27,8,5,inquiry,1,15.54
23,2,4.0,34,9,4,blood_lab,3,50.57
21,2,4.0,29,8,1,blood_lab,3,38.6
27,4,3.0,39,14,6,inquiry,0,25.72
28,2,4.0,40,9,5,blood_lab,1,55.64
23,4,3.0,33,13,4,inquiry,0,21.76
32,1,10.0,34,15,6,registration,2,314.98
33,3,8.5,41,14,5,certificate,2,114.36
3,2,8.5,5,16,6,certificate,1,9.77
4,3,3.0,16,17,1,inquiry,3,0.5
22,3,4.0,29,14,5,blood_lab,1,33.36
18,2,8.5,27,10,1,certificate,0,77.31
13,4,3.0,22,10,6,inquiry,2,5.85
9,3,4.0,13,10,2,blood_lab,2,9.44
9,3,6.0,23,13,2,consultation,0,23.56
17,3,6.0,19,13,5,consultation,2,40.8
29,2,4.0,38,9,4,blood_lab,0,66.18
33,4,8.5,40,15,4,certificate,1,80.99
18,4,3.0,29,8,2,inquiry,3,8.27
31,1,6.0,32,15,0,consultation,1,210.36
6,3,4.0,11,13,3,blood_lab,1,8.23
2,4,6.0,16,14,5,consultation,3,0.5
34,1,4.0,48,13,5,blood_lab,0,169.96
27,4,4.0,29,8,0,blood_lab,2,31.22
8,1,10.0,20,8,4,registration,0,91.78
20,1,10.0,30,13,2,registration,0,248.84
8,1,8.5,17,10,2,certificate,3,63.12
24,1,8.5,25,16,2,certificate,1,203.78
13,3,8.5,21,15,0,certificate,3,43.46
29,4,3.0,37,10,4,inquiry,3,22.4
15,3,3.0,21,15,0,inquiry,1,16.63
11,3,10.0,22,14,6,registration,1,40.85
33,1,6.0,46,14,6,consultation,3,239.47
23,4,6.0,24,9,4,consultation,2,40.77
14,3,4.0,22,8,3,blood_lab,1,14.94
8,3,3.0,16,16,4,inquiry,2,7.52
4,1,8.5,16,16,2,certificate,2,31.97
21,2,4.0,29,8,3,blood_lab,2,37.26
26,4,3.0,34,14,3,inquiry,1,23.52
28,2,10.0,32,8,2,registration,3,133.31
28,1,10.0,32,17,6,registration,3,273.48
11,3,3.0,12,16,6,inquiry,1,9.98
14,4,8.5,20,17,3,certificate,2,27.43
34,2,3.0,40,15,5,inquiry,0,49.61
21,3,8.5,32,17,0,certificate,3,65.53
27,2,10.0,38,11,4,registration,2,187.94
19,3,4.0,33,14,4,blood_lab,1,35.32
10,2,8.5,18,8,6,certificate,2,41.67
22,2,8.5,30,14,5,certificate,0,117.2
2,3,10.0,8,11,1,registration,0,9.93
9,3,6.0,13,9,4,consultation,3,14.18
22,4,4.0,32,13,5,blood_lab,2,28.2
16,4,3.0,24,13,3,inquiry,0,16.16
2,2,4.0,7,10,2,blood_lab,2,0.93
11,1,8.5,21,14,5,certificate,2,111.35
20,1,6.0,24,15,6,consultation,0,120.14
29,3,10.0,30,14,1,registration,3,114.24
8,4,4.0,11,11,3,blood_lab,3,4.89
11,2,6.0,18,9,6,consultation,2,30.25
10,2,6.0,17,11,2,consultation,0,36.47
16,1,10.0,28,10,6,registration,1,159.47
1,1,10.0,15,15,5,registration,0,10.0
1,3,4.0,5,17,5,blood_lab,0,3.33
27,2,6.0,34,16,0,consultation,0,93.4
9,4,8.5,20,8,0,certificate,0,27.25
19,1,10.0,23,10,1,registration,0,188.41
25,1,10.0,26,13,4,registration,0,361.9
21,1,8.5,25,11,5,certificate,3,219.22
25,3,6.0,32,11,0,consultation,1,68.92
16,1,3.0,30,15,3,inquiry,0,49.87
18,1,6.0,20,13,3,consultation,1,129.98
21,2,8.5,22,8,4,certificate,1,99.81
29,3,4.0,43,8,0,blood_lab,0,42.15
22,4,6.0,33,16,0,consultation,1,37.75
22,3,4.0,32,16,4,blood_lab,0,33.84
5,2,6.0,11,16,0,consultation,0,14.83
5,2,10.0,8,17,0,registration,3,23.63
11,2,3.0,22,17,1,inquiry,2,15.83
12,2,6.0,21,17,0,consultation,3,36.45
9,4,10.0,11,13,6,registration,2,28.01
14,1,4.0,18,17,5,blood_lab,2,54.49
6,3,6.0,8,9,3,consultation,0,11.02
25,3,8.5,31,17,4,certificate,2,77.24
33,4,6.0,34,10,1,consultation,0,50.33
11,2,3.0,15,9,0,inquiry,1,17.99
23,2,6.0,27,12,2,consultation,3,82.22
23,2,10.0,33,9,5,registration,1,115.7
10,3,6.0,13,12,0,consultation,1,24.36
2,4,10.0,12,17,5,registration,3,0.5
29,4,8.5,39,17,2,certificate,0,63.64
16,2,8.5,24,14,6,certificate,3,79.56
8,2,4.0,10,8,0,blood_lab,0,16.78
3,1,3.0,12,13,1,inquiry,3,5.28
8,2,8.5,11,14,4,certificate,3,43.88
25,2,6.0,39,15,4,consultation,0,88.47
1,2,6.0,5,9,2,consultation,0,0.95
3,1,10.0,12,9,4,registration,2,31.0
32,2,8.5,35,16,3,certificate,2,132.87
20,1,6.0,32,10,0,consultation,0,140.04
21,4,6.0,30,14,6,consultation,3,35.34
32,3,6.0,44,13,4,consultation,2,91.15
28,2,8.5,42,11,3,certificate,0,148.13
27,4,10.0,41,13,3,registration,3,81.26
28,3,4.0,30,17,1,blood_lab,2,33.84
14,4,6.0,26,11,1,consultation,2,19.29
33,4,6.0,47,8,1,consultation,2,45.53
12,1,6.0,17,8,3,consultation,2,70.61
16,1,10.0,18,17,2,registration,0,162.45
9,4,6.0,14,9,4,consultation,1,13.48
10,4,6.0,19,9,4,consultation,0,18.03
9,2,3.0,20,17,5,inquiry,1,13.33
1,2,8.5,3,17,3,certificate,0,5.49
14,1,10.0,26,15,1,registration,1,138.23
18,3,10.0,24,12,2,registration,3,73.59
9,2,8.5,19,16,5,certificate,2,38.15
3,1,8.5,16,13,5,certificate,3,27.56
5,3,6.0,18,16,2,consultation,3,5.77
21,1,8.5,24,17,1,certificate,0,179.66
1,2,6.0,10,10,0,consultation,0,1.84
31,2,10.0,33,15,2,registration,0,152.6
27,1,8.5,36,8,0,certificate,1,262.26
34,2,3.0,44,13,3,inquiry,0,63.64
2,1,4.0,4,11,6,blood_lab,1,10.71
30,2,8.5,38,17,1,certificate,3,119.88
18,4,10.0,30,15,6,registration,2,46.98
21,1,4.0,25,8,5,blood_lab,2,82.42
31,3,3.0,35,10,4,inquiry,2,32.22
7,4,4.0,18,15,5,blood_lab,2,4.54
20,4,4.0,24,11,2,blood_lab,0,25.46
8,4,10.0,20,16,4,registration,3,15.96
27,2,10.0,30,15,2,registration,0,136.95
12,2,10.0,24,12,1,registration,1,72.06
32,2,6.0,45,11,6,consultation,3,117.4
16,4,6.0,30,9,0,consultation,3,24.9
32,2,4.0,43,9,6,blood_lab,3,59.35
14,3,6.0,18,17,5,consultation,3,23.27
10,1,3.0,24,16,3,inquiry,1,27.33
18,2,6.0,24,11,0,consultation,3,70.69
22,1,6.0,29,16,5,consultation,3,125.44
14,1,10.0,20,10,5,registration,1,138.74
17,3,6.0,27,8,6,consultation,2,32.31
26,1,6.0,37,8,4,consultation,2,174.74
11,2,4.0,15,12,2,blood_lab,0,30.3
25,2,8.5,32,14,2,certificate,0,134.16
8,1,8.5,16,14,4,certificate,2,93.22
3,1,4.0,11,11,2,blood_lab,3,9.41
10,4,6.0,24,9,5,consultation,3,11.9
19,1,10.0,31,12,0,registration,2,268.37
34,4,6.0,35,8,0,consultation,0,59.38
7,1,4.0,12,16,2,blood_lab,2,21.69
15,1,8.5,17,8,1,certificate,1,120.38
15,3,6.0,25,15,6,consultation,2,25.03
26,2,8.5,29,14,0,certificate,3,151.48
22,4,3.0,36,12,1,inquiry,0,21.16
25,1,6.0,32,14,3,consultation,2,182.21
1,4,10.0,4,15,4,registration,3,0.5
26,4,8.5,35,11,3,certificate,0,69.43
30,4,6.0,40,12,5,consultation,0,53.65
9,2,8.5,22,14,3,certificate,1,47.55
2,2,10.0,13,12,3,registration,0,12.83
22,3,3.0,35,15,3,inquiry,1,19.75
25,2,4.0,26,13,0,blood_lab,0,72.58
25,4,8.5,31,14,6,certificate,3,61.63
8,3,8.5,15,16,4,certificate,1,23.23
34,3,6.0,42,13,5,consultation,0,86.56
32,4,10.0,36,10,0,registration,3,88.92
14,2,4.0,18,16,4,blood_lab,3,26.69
25,2,8.5,37,14,2,certificate,0,135.63
5,2,4.0,17,17,4,blood_lab,0,14.02
11,3,4.0,14,12,2,blood_lab,1,16.73
17,4,3.0,21,17,4,inquiry,0,13.0
28,4,3.0,38,16,6,inquiry,2,14.89
5,2,6.0,13,10,2,consultation,0,17.4
0,1,8.5,7,10,6,certificate,3,0.5
18,4,8.5,28,14,1,certificate,1,45.41
18,2,6.0,23,14,6,consultation,2,63.68
22,4,8.5,35,15,5,certificate,1,47.93
26,3,6.0,31,16,0,consultation,3,55.35
10,4,10.0,23,17,5,registration,3,20.02
8,2,10.0,12,8,5,registration,3,35.21
9,1,10.0,20,16,2,registration,1,88.45
24,3,8.5,26,15,5,certificate,3,63.62
29,3,4.0,36,17,0,blood_lab,3,39.41
28,1,3.0,29,9,5,inquiry,1,80.11
25,4,6.0,30,16,2,consultation,2,37.43
5,1,6.0,11,15,6,consultation,1,24.92
4,2,8.5,8,9,6,certificate,1,12.07
16,2,8.5,21,8,0,certificate,2,74.46
27,1,10.0,32,16,5,registration,0,270.26
7,1,6.0,15,8,3,consultation,0,42.1
24,1,6.0,34,17,2,consultation,0,144.97
28,2,4.0,30,16,0,blood_lab,3,58.3
11,4,6.0,15,9,2,consultation,2,10.89
3,1,6.0,5,12,5,consultation,1,17.57
23,1,3.0,29,9,0,inquiry,3,75.31
21,4,6.0,22,16,3,consultation,0,32.53
30,3,8.5,42,16,2,certificate,0,84.04
20,2,4.0,27,11,2,blood_lab,3,46.32
16,1,3.0,27,10,0,inquiry,1,57.48
26,1,10.0,40,8,2,registration,3,255.9
25,2,6.0,32,17,6,consultation,3,69.54
0,4,3.0,4,12,1,inquiry,0,0.5
12,3,6.0,25,9,1,consultation,3,20.36
12,1,4.0,13,14,2,blood_lab,1,61.3
18,1,6.0,24,15,5,consultation,1,103.43
22,2,10.0,24,9,2,registration,2,105.93
13,4,10.0,18,10,0,registration,2,31.36
5,3,8.5,6,16,1,certificate,0,15.38
2,2,10.0,10,14,0,registration,0,17.56
3,3,8.5,16,8,4,certificate,2,12.04
2,1,3.0,3,17,6,inquiry,0,4.21
27,1,3.0,31,10,4,inquiry,3,91.75
22,2,8.5,23,10,4,certificate,1,106.38
0,3,4.0,3,12,2,blood_lab,0,0.5
13,2,6.0,24,8,5,consultation,3,34.79
22,1,4.0,31,14,3,blood_lab,0,109.23
34,2,8.5,42,16,4,certificate,2,164.02
2,1,3.0,6,13,2,inquiry,1,1.92
13,4,6.0,14,13,0,consultation,3,22.9
32,1,4.0,45,12,5,blood_lab,2,157.07
12,4,6.0,22,15,1,consultation,0,19.97
2,3,10.0,4,11,1,registration,0,8.02
32,2,10.0,33,15,4,registration,3,174.28
6,4,4.0,12,14,5,blood_lab,3,4.16
3,2,3.0,8,8,0,inquiry,0,3.2
25,1,8.5,29,14,5,certificate,3,262.34
15,1,3.0,28,14,6,inquiry,1,55.05
30,4,8.5,40,8,1,certificate,0,63.47
15,4,6.0,17,10,1,consultation,0,21.54
23,1,8.5,36,9,6,certificate,3,191.0
19,4,10.0,29,12,0,registration,0,65.5
32,2,6.0,35,11,1,consultation,0,118.71
2,3,3.0,5,9,1,inquiry,3,0.5
7,1,3.0,12,16,0,inquiry,2,26.98
31,4,8.5,45,10,4,certificate,3,72.87
30,3,6.0,43,15,0,consultation,1,66.7
19,4,3.0,33,8,1,inquiry,3,10.21
26,4,3.0,39,11,0,inquiry,3,26.08
8,3,6.0,9,16,4,consultation,3,12.41
32,1,8.5,44,13,0,certificate,2,387.14
24,2,8.5,29,14,2,certificate,1,128.11
30,1,8.5,32,16,6,certificate,3,251.26
6,2,6.0,17,12,6,consultation,3,18.54
31,2,6.0,37,11,4,consultation,3,128.05
34,1,4.0,43,13,1,blood_lab,3,165.99
8,1,3.0,10,9,4,inquiry,2,23.65
2,1,8.5,16,10,6,certificate,2,14.16
22,3,8.5,28,17,0,certificate,0,70.42
21,4,10.0,22,14,5,registration,3,57.7
8,4,6.0,10,15,1,consultation,0,12.3
0,1,4.0,12,11,4,blood_lab,0,1.71
6,3,10.0,14,12,4,registration,0,30.79
15,1,4.0,17,17,4,blood_lab,2,63.81
12,4,10.0,25,15,2,registration,1,33.26
28,1,6.0,41,8,6,consultation,3,164.58
2,3,4.0,6,10,6,blood_lab,3,0.5
10,3,8.5,11,13,0,certificate,0,43.82
27,1,8.5,30,10,3,certificate,2,226.83
25,4,4.0,29,8,3,blood_lab,0,25.81
4,1,6.0,18,14,5,consultation,3,28.29
30,3,4.0,39,12,4,blood_lab,1,56.58
9,4,3.0,14,14,2,inquiry,1,6.69
18,1,10.0,26,13,4,registration,1,258.64
16,3,4.0,19,15,5,blood_lab,3,16.63
15,3,8.5,21,12,4,certificate,1,60.41
18,4,4.0,26,15,3,blood_lab,0,18.5
31,2,4.0,40,9,0,blood_lab,3,66.21
1,2,3.0,2,11,0,inquiry,3,0.5
32,2,3.0,45,13,0,inquiry,0,69.69
5,2,8.5,9,15,4,certificate,2,21.48
12,3,4.0,19,13,4,blood_lab,1,22.16
28,4,6.0,33,17,2,consultation,2,40.26
12,2,4.0,14,13,3,blood_lab,0,32.42
6,2,3.0,13,10,5,inquiry,1,11.15
18,1,4.0,30,8,3,blood_lab,1,70.51
26,4,4.0,35,10,3,blood_lab,1,25.27
15,3,6.0,23,12,0,consultation,1,43.15
11,1,10.0,16,9,3,registration,2,104.33
1,1,10.0,8,9,0,registration,1,9.32
34,2,8.5,46,10,2,certificate,0,140.84
30,4,3.0,36,13,4,inquiry,2,27.2
2,1,6.0,8,8,5,consultation,1,7.89
34,3,10.0,36,15,6,registration,0,112.45
15,2,4.0,22,11,0,blood_lab,1,39.32
18,3,3.0,23,9,1,inquiry,3,14.84
30,4,10.0,40,15,3,registration,0,74.01
6,2,6.0,14,14,0,consultation,3,19.4
16,2,4.0,30,9,3,blood_lab,1,29.78
10,2,8.5,11,15,3,certificate,2,39.73
34,4,10.0,45,9,6,registration,0,83.05
26,3,6.0,29,11,4,consultation,1,72.69
27,3,4.0,40,13,0,blood_lab,3,48.19
32,3,8.5,35,14,6,certificate,0,112.74
0,3,3.0,13,15,0,inquiry,2,0.5
10,3,4.0,11,14,0,blood_lab,0,14.69
28,2,6.0,35,11,5,consultation,0,105.79
16,4,3.0,19,8,1,inquiry,2,8.89
32,4,10.0,46,11,4,registration,2,108.95
18,3,6.0,31,13,6,consultation,3,42.31
16,1,8.5,24,17,6,certificate,2,133.27
15,2,4.0,27,14,5,blood_lab,2,33.35
6,4,8.5,19,15,3,certificate,2,14.06
28,2,10.0,42,17,2,registration,1,137.12
26,2,10.0,29,12,5,registration,2,159.57
8,1,10.0,17,17,4,registration,2,90.64
28,3,10.0,39,15,3,registration,3,90.04
7,1,4.0,16,13,4,blood_lab,3,36.95
1,2,4.0,10,9,1,blood_lab,2,0.5
19,1,6.0,33,9,1,consultation,2,108.41
16,2,10.0,24,16,6,registration,3,75.99
13,4,8.5,14,11,2,certificate,3,28.88
5,3,8.5,11,17,3,certificate,0,12.98
9,1,3.0,18,11,2,inquiry,1,30.85
19,1,8.5,32,15,6,certificate,1,160.27
28,1,4.0,33,10,1,blood_lab,3,106.42
26,4,8.5,33,8,0,certificate,3,59.53
30,3,10.0,31,15,3,registration,2,96.19
18,1,6.0,27,8,2,consultation,1,107.39
22,4,3.0,26,11,5,inquiry,2,15.65
20,1,4.0,28,16,1,blood_lab,2,78.21
22,2,3.0,33,9,0,inquiry,1,35.46
22,1,8.5,28,17,1,certificate,3,179.25
22,3,10.0,23,16,1,registration,3,70.96
15,4,6.0,18,8,6,consultation,2,18.73
15,4,10.0,29,13,1,registration,2,44.87
2,4,10.0,12,8,3,registration,2,3.08
7,3,6.0,11,14,1,consultation,2,15.76
1,2,6.0,6,9,5,consultation,1,0.5
1,3,4.0,10,10,5,blood_lab,0,4.44
22,1,8.5,27,14,0,certificate,3,263.65
11,2,6.0,17,12,5,consultation,0,42.16
21,1,3.0,32,11,4,inquiry,0,89.07
9,2,8.5,23,8,4,certificate,1,45.45
24,3,4.0,27,9,4,blood_lab,3,31.31
33,4,8.5,39,12,2,certificate,1,87.07
30,1,6.0,39,8,6,consultation,1,177.62
34,1,4.0,45,8,3,blood_lab,3,131.23
25,4,8.5,28,14,6,certificate,3,61.27
18,1,6.0,23,17,3,consultation,0,107.47
9,3,6.0,21,13,0,consultation,1,22.4
15,4,6.0,23,15,2,consultation,3,16.89
34,1,4.0,36,12,4,blood_lab,1,191.83
24,2,6.0,31,17,3,consultation,2,70.46
28,4,10.0,40,8,3,registration,1,65.21
20,2,3.0,33,17,4,inquiry,1,34.11
6,1,8.5,9,8,1,certificate,2,48.67
5,4,4.0,13,12,6,blood_lab,0,6.37
28,4,10.0,42,12,2,registration,1,86.97
34,1,8.5,36,9,1,certificate,0,291.2
2,1,10.0,7,12,2,registration,2,24.32
29,2,3.0,39,11,3,inquiry,0,53.5
16,4,8.5,23,16,4,certificate,3,28.36
30,4,3.0,33,17,6,inquiry,3,17.4
6,4,3.0,12,17,5,inquiry,2,1.76
9,3,6.0,17,8,0,consultation,0,19.43
33,1,6.0,41,16,6,consultation,3,195.02
10,1,4.0,22,17,1,blood_lab,0,41.09
20,2,3.0,24,9,3,inquiry,3,25.58
11,2,3.0,14,15,5,inquiry,1,13.37
8,2,8.5,14,12,3,certificate,0,41.55
15,3,4.0,18,10,6,blood_lab,1,17.61
17,2,4.0,30,17,1,blood_lab,2,28.16
26,2,6.0,38,11,6,consultation,0,96.03
29,1,6.0,32,12,3,consultation,0,217.31
13,1,10.0,26,17,1,registration,0,132.0
7,4,3.0,18,8,1,inquiry,0,6.3
26,4,3.0,33,17,4,inquiry,0,23.35
7,3,3.0,9,12,5,inquiry,3,1.76
28,2,4.0,39,16,0,blood_lab,3,60.3
15,4,6.0,21,12,4,consultation,3,27.29
16,2,3.0,23,13,2,inquiry,0,32.78
30,2,10.0,39,9,2,registration,1,146.45
23,3,4.0,30,15,2,blood_lab,1,28.47
23,3,10.0,30,8,5,registration,2,74.47
24,4,10.0,27,14,4,registration,1,84.74
18,4,4.0,21,16,2,blood_lab,3,11.29
25,2,10.0,32,11,5,registration,2,157.2
17,3,10.0,29,13,2,registration,0,72.15
7,4,8.5,18,16,2,certificate,3,11.75
19,2,10.0,31,17,6,registration,1,92.79
4,1,4.0,5,13,2,blood_lab,0,18.63
31,4,6.0,43,10,3,consultation,3,43.62
27,1,4.0,37,8,5,blood_lab,1,108.67
15,2,6.0,22,15,0,consultation,2,49.43
34,4,6.0,35,15,4,consultation,2,56.02
30,4,10.0,31,13,6,registration,1,93.81
5,3,4.0,6,9,3,blood_lab,3,0.5
28,2,10.0,38,13,0,registration,1,200.41
12,4,10.0,21,15,6,registration,3,25.72
26,4,10.0,31,14,4,registration,0,92.26
16,4,3.0,21,8,3,inquiry,1,9.51
23,1,3.0,24,14,0,inquiry,0,99.47
28,3,8.5,39,13,4,certificate,0,115.97
21,4,10.0,34,8,4,registration,2,59.74
4,4,8.5,17,16,4,certificate,1,9.96
19,3,4.0,24,10,3,blood_lab,1,24.93
7,1,8.5,18,11,4,certificate,2,84.53
24,3,10.0,29,10,0,registration,2,89.38
13,4,3.0,18,11,1,inquiry,3,10.31
23,4,6.0,28,13,5,consultation,3,36.71
14,2,3.0,21,8,4,inquiry,2,24.14
15,3,8.5,25,11,2,certificate,2,49.44
6,1,6.0,16,11,4,consultation,0,52.43
27,4,4.0,36,13,5,blood_lab,3,28.1
20,2,8.5,31,12,1,certificate,3,100.17
8,4,10.0,20,17,1,registration,2,15.8
16,3,6.0,23,14,1,consultation,0,39.43
4,3,6.0,7,10,3,consultation,2,6.15
10,1,10.0,11,16,0,registration,1,116.2
2,3,6.0,12,12,6,consultation,1,3.44
24,4,3.0,30,16,0,inquiry,1,19.26
22,1,3.0,27,8,1,inquiry,1,64.11
25,3,3.0,38,12,4,inquiry,0,37.43
27,1,3.0,30,10,1,inquiry,3,77.29
25,3,6.0,33,10,5,consultation,2,47.88
21,1,8.5,22,13,4,certificate,1,255.53
9,3,4.0,20,17,2,blood_lab,3,9.91
31,1,10.0,35,16,0,registration,0,352.77
11,1,6.0,22,10,1,consultation,3,58.33
13,2,3.0,15,16,4,inquiry,3,15.36
1,3,8.5,4,13,2,certificate,2,0.86
7,2,10.0,17,10,5,registration,0,34.0
27,2,4.0,37,11,6,blood_lab,1,64.7
6,3,4.0,16,10,3,blood_lab,0,5.93
12,1,3.0,23,8,5,inquiry,1,34.7
18,4,3.0,24,13,6,inquiry,0,17.85
32,4,8.5,34,17,5,certificate,0,72.34
2,3,8.5,14,15,3,certificate,3,2.5
21,4,8.5,27,16,0,certificate,1,50.05
12,3,3.0,18,15,4,inquiry,1,15.58
34,2,10.0,37,15,6,registration,0,170.09
27,1,3.0,36,11,0,inquiry,3,110.53
29,4,6.0,41,10,0,consultation,0,51.3
23,4,3.0,33,15,1,inquiry,3,13.52
6,2,6.0,18,9,0,consultation,2,17.72
20,3,10.0,32,10,6,registration,1,64.03
11,4,4.0,20,11,3,blood_lab,2,10.58
2,1,10.0,5,9,3,registration,0,21.08
26,2,3.0,36,10,3,inquiry,1,36.32
21,4,6.0,28,12,5,consultation,3,33.35
21,1,4.0,22,12,4,blood_lab,0,119.26
16,3,6.0,21,14,2,consultation,1,38.57
15,2,10.0,20,16,5,registration,3,69.52
29,4,3.0,33,17,4,inquiry,0,22.1
34,3,10.0,39,10,1,registration,0,109.42
31,2,6.0,41,11,3,consultation,3,111.75
0,2,8.5,13,10,3,certificate,3,0.5
7,4,3.0,11,13,5,inquiry,0,4.38
6,4,10.0,13,8,0,registration,3,12.89
6,4,3.0,9,14,4,inquiry,3,3.79
5,4,10.0,6,12,2,registration,3,8.73
17,3,4.0,30,14,6,blood_lab,0,29.72
12,2,6.0,16,16,1,consultation,3,31.78
17,1,3.0,20,17,1,inquiry,1,48.46
21,1,10.0,28,8,0,registration,3,236.86
13,2,3.0,21,14,4,inquiry,2,23.48
25,4,4.0,39,13,3,blood_lab,1,30.17
13,1,4.0,21,10,3,blood_lab,0,53.82
11,3,10.0,13,12,6,registration,2,45.37
10,3,8.5,20,8,4,certificate,1,27.34
24,3,3.0,28,15,3,inquiry,1,23.71
26,3,8.5,34,14,3,certificate,0,90.89
22,1,6.0,29,16,1,consultation,0,132.01
3,4,4.0,5,10,2,blood_lab,1,3.92
25,2,6.0,27,14,5,consultation,1,94.85
30,1,8.5,39,8,4,certificate,2,291.05
22,2,6.0,28,16,6,consultation,1,66.28
11,1,3.0,15,14,1,inquiry,1,41.63
7,1,3.0,15,15,0,inquiry,1,25.53
14,4,3.0,26,16,2,inquiry,1,8.64
21,1,4.0,34,17,3,blood_lab,0,84.78
22,4,10.0,24,14,5,registration,0,66.17
22,2,8.5,34,16,2,certificate,1,92.56
24,1,10.0,37,8,4,registration,0,276.87
22,1,4.0,26,8,5,blood_lab,1,89.4
19,1,10.0,28,11,3,registration,1,234.2
8,1,10.0,16,17,2,registration,2,79.65
30,2,3.0,33,9,4,inquiry,0,55.56
3,3,10.0,15,12,4,registration,0,13.27
12,4,6.0,22,12,1,consultation,2,20.99
5,1,8.5,6,16,3,certificate,0,40.54
4,3,4.0,5,13,5,blood_lab,0,6.27
5,1,4.0,19,10,6,blood_lab,1,18.27
18,3,4.0,30,14,3,blood_lab,3,28.0
6,2,10.0,10,17,1,registration,1,28.56
8,1,4.0,12,17,4,blood_lab,1,33.79
21,2,10.0,23,16,2,registration,1,104.74
20,2,8.5,32,11,1,certificate,1,104.38
13,4,4.0,20,8,4,blood_lab,1,14.28
14,1,4.0,22,15,6,blood_lab,1,54.56
8,3,4.0,10,8,2,blood_lab,0,7.64
21,3,10.0,29,14,1,registration,3,81.9
12,3,6.0,18,9,2,consultation,0,24.06
4,1,8.5,17,13,4,certificate,3,45.36
17,1,3.0,23,17,6,inquiry,0,48.59
22,2,6.0,26,9,5,consultation,3,60.56
0,2,6.0,5,16,4,consultation,3,0.5
28,4,8.5,35,10,0,certificate,2,69.79
7,3,4.0,19,9,4,blood_lab,1,8.2
31,1,6.0,37,17,2,consultation,1,184.75
3,1,6.0,15,14,5,consultation,3,18.12
27,1,8.5,38,17,6,certificate,1,226.98
9,2,3.0,19,12,1,inquiry,1,17.51
23,2,10.0,26,15,6,registration,1,110.58
33,2,8.5,37,8,3,certificate,0,137.26
10,1,3.0,20,12,0,inquiry,0,43.74
13,3,8.5,27,15,0,certificate,3,35.07
28,2,4.0,29,15,0,blood_lab,0,62.61
23,4,10.0,37,8,4,registration,3,59.95
25,3,4.0,28,15,4,blood_lab,3,33.12
8,2,8.5,16,10,4,certificate,0,38.36
12,1,6.0,21,11,3,consultation,2,88.29
13,4,3.0,27,10,0,inquiry,0,14.49
2,2,8.5,8,10,2,certificate,3,4.6
12,4,6.0,15,10,2,consultation,3,10.69
18,2,4.0,26,13,4,blood_lab,3,47.58
12,4,6.0,16,13,2,consultation,2,18.0
11,3,4.0,17,16,0,blood_lab,1,15.79
23,3,4.0,31,13,3,blood_lab,2,34.67
26,1,3.0,38,9,4,inquiry,1,90.14
17,3,10.0,29,12,4,registration,1,81.84
26,4,6.0,38,14,6,consultation,2,47.6
25,4,4.0,31,10,2,blood_lab,0,23.66
22,1,3.0,33,10,1,inquiry,2,63.98
10,4,4.0,15,12,1,blood_lab,1,9.82
25,4,8.5,30,14,6,certificate,3,64.54
3,4,6.0,11,8,6,consultation,3,0.5
9,1,10.0,13,11,3,registration,3,105.52
12,2,10.0,14,8,4,registration,3,63.65
4,1,6.0,10,13,2,consultation,3,24.29
7,4,4.0,12,17,1,blood_lab,3,3.96
6,3,6.0,10,12,5,consultation,3,8.88
23,1,3.0,34,15,6,inquiry,0,71.56
26,4,4.0,28,13,1,blood_lab,0,30.2
15,2,6.0,18,14,1,consultation,1,54.23
26,1,6.0,35,12,4,consultation,0,224.63
5,2,8.5,16,11,4,certificate,2,27.65
8,4,6.0,11,17,2,consultation,2,10.03
15,3,10.0,26,17,6,registration,2,47.71
25,4,6.0,30,17,0,consultation,3,36.4
26,3,8.5,29,16,5,certificate,0,74.26
18,2,3.0,20,12,1,inquiry,3,32.94
12,4,8.5,20,17,3,certificate,2,20.92
26,2,4.0,39,11,6,blood_lab,0,66.44
6,4,3.0,9,17,1,inquiry,2,4.19
30,3,10.0,39,15,5,registration,2,95.39
2,3,4.0,5,8,6,blood_lab,1,0.5
21,2,6.0,35,8,4,consultation,3,68.02
19,1,6.0,20,17,6,consultation,0,111.44
12,3,10.0,14,13,5,registration,0,47.27
29,1,10.0,34,12,3,registration,3,360.54
19,2,8.5,24,9,3,certificate,2,80.19
21,1,6.0,25,13,5,consultation,3,150.8
13,4,8.5,20,11,4,certificate,2,38.98
13,4,8.5,22,11,5,certificate,1,36.7
9,1,4.0,14,8,0,blood_lab,2,38.8
0,4,3.0,4,17,3,inquiry,0,0.5
29,3,6.0,42,11,4,consultation,0,82.48
7,4,10.0,21,8,6,registration,3,14.64
15,1,4.0,22,10,0,blood_lab,0,71.66
23,4,4.0,33,16,4,blood_lab,3,20.17
22,3,4.0,23,14,3,blood_lab,3,36.25
23,3,3.0,28,13,3,inquiry,2,25.85
1,3,10.0,8,13,4,registration,3,3.4
16,1,3.0,30,13,6,inquiry,2,57.22
0,2,8.5,3,12,3,certificate,2,0.5
10,4,10.0,20,9,0,registration,1,26.26
12,4,3.0,19,13,4,inquiry,1,13.2
1,1,3.0,10,16,1,inquiry,2,0.5
28,3,8.5,39,8,2,certificate,2,78.6
28,3,4.0,32,14,6,blood_lab,3,43.28
17,4,3.0,22,14,6,inquiry,1,16.73
0,3,4.0,11,9,1,blood_lab,1,0.5
4,1,8.5,5,17,3,certificate,1,35.19
14,4,8.5,22,8,6,certificate,3,25.32
29,2,10.0,40,17,0,registration,1,165.23
14,2,4.0,15,14,1,blood_lab,0,36.78
15,2,3.0,21,17,1,inquiry,2,18.2
20,1,4.0,22,17,5,blood_lab,3,73.89
3,2,4.0,11,15,4,blood_lab,1,2.72
16,2,8.5,29,14,5,certificate,1,82.97
20,2,8.5,30,15,2,certificate,0,85.08
33,3,10.0,46,16,4,registration,2,125.1
3,3,8.5,7,17,6,certificate,1,6.81
27,3,10.0,38,8,1,registration,0,92.05
25,1,10.0,33,14,3,registration,0,312.08
12,1,6.0,15,10,2,consultation,1,67.29
3,1,6.0,11,10,4,consultation,1,19.75
2,1,8.5,5,13,4,certificate,1,21.62
34,4,4.0,42,8,1,blood_lab,1,31.92
34,1,10.0,47,14,4,registration,0,487.03
22,1,10.0,30,17,6,registration,0,219.63
2,2,10.0,8,12,0,registration,1,14.1
2,1,3.0,10,13,0,inquiry,1,6.9
21,1,6.0,24,10,5,consultation,0,124.88
12,3,4.0,22,13,4,blood_lab,3,19.59
6,4,4.0,8,14,4,blood_lab,0,8.82
13,4,3.0,25,10,1,inquiry,1,6.45
0,2,4.0,8,8,2,blood_lab,1,0.5
12,3,4.0,14,12,1,blood_lab,2,17.1
0,4,4.0,1,14,4,blood_lab,3,0.5
10,3,3.0,23,13,5,inquiry,3,4.31
17,2,10.0,26,8,5,registration,3,79.27
12,2,8.5,17,13,4,certificate,2,68.92
13,1,4.0,26,17,1,blood_lab,3,46.54
7,2,10.0,12,17,3,registration,3,34.28
11,3,3.0,14,12,5,inquiry,2,13.49
15,3,8.5,26,12,0,certificate,2,60.59
11,4,3.0,20,12,6,inquiry,1,7.84
6,4,10.0,11,9,3,registration,1,16.34
11,3,3.0,21,8,0,inquiry,3,8.06
8,3,6.0,15,16,3,consultation,2,14.04
19,3,10.0,22,15,1,registration,0,61.12
33,1,4.0,38,15,2,blood_lab,2,132.96
16,1,3.0,28,16,1,inquiry,3,39.79
27,2,10.0,31,16,3,registration,0,135.02
8,4,6.0,21,9,4,consultation,0,11.13
0,4,3.0,9,12,6,inquiry,2,0.5
3,1,6.0,13,10,6,consultation,2,14.49
12,4,8.5,14,16,3,certificate,3,20.04
22,3,4.0,34,16,2,blood_lab,1,29.1
14,4,3.0,27,17,4,inquiry,1,10.93
17,2,10.0,29,16,0,registration,3,93.23
14,3,8.5,26,8,4,certificate,1,44.87
21,4,6.0,24,17,5,consultation,3,26.1
11,4,8.5,12,12,0,certificate,0,35.78
27,3,8.5,36,13,1,certificate,0,92.47
6,2,3.0,12,12,5,inquiry,1,6.31
32,4,10.0,41,13,3,registration,1,99.74
13,1,6.0,21,14,4,consultation,0,111.14
18,2,8.5,24,9,3,certificate,0,75.0
27,2,6.0,38,8,1,consultation,1,82.45
15,1,10.0,25,11,6,registration,2,181.04
11,2,10.0,19,9,2,registration,3,51.91
28,1,10.0,38,16,4,registration,0,323.19
8,3,3.0,22,10,3,inquiry,0,7.63
15,2,4.0,19,15,6,blood_lab,0,31.01
29,1,4.0,39,9,5,blood_lab,1,114.23
31,1,8.5,36,8,0,certificate,0,303.92
26,3,6.0,38,9,6,consultation,0,50.83
15,3,6.0,28,8,3,consultation,0,29.41
12,4,3.0,16,15,4,inquiry,3,6.01
29,2,8.5,32,17,3,certificate,1,118.59
19,3,3.0,29,17,4,inquiry,2,16.77
17,1,10.0,28,13,1,registration,1,212.31
27,1,3.0,40,9,6,inquiry,1,78.45
9,3,4.0,20,9,6,blood_lab,2,9.72
6,4,6.0,8,10,1,consultation,0,11.84
3,4,4.0,7,14,3,blood_lab,1,0.5
18,2,6.0,21,14,0,consultation,2,74.03
5,4,10.0,6,8,5,registration,3,4.38
31,4,6.0,33,12,5,consultation,2,57.13
16,3,6.0,28,11,0,consultation,2,42.87
16,4,3.0,30,9,2,inquiry,2,8.34
25,3,8.5,33,14,3,certificate,3,83.61
15,1,8.5,28,14,3,certificate,2,155.2
26,4,10.0,28,8,1,registration,3,58.98
4,1,4.0,8,15,5,blood_lab,0,17.64
7,1,4.0,10,14,3,blood_lab,2,29.34
15,1,3.0,19,10,4,inquiry,2,49.99
33,3,8.5,34,12,0,certificate,1,128.41
7,3,3.0,20,13,3,inquiry,0,9.54
5,2,4.0,9,13,2,blood_lab,2,9.98
33,3,3.0,40,10,6,inquiry,0,35.35
17,4,6.0,20,8,6,consultation,3,19.37
8,3,3.0,22,11,0,inquiry,2,11.38
16,2,6.0,20,14,1,consultation,3,56.66
22,1,10.0,36,13,3,registration,1,274.46
2,2,4.0,3,8,4,blood_lab,2,0.5
13,2,4.0,20,8,1,blood_lab,3,20.06
26,2,3.0,27,14,5,inquiry,3,44.65
12,2,4.0,20,9,5,blood_lab,3,22.45
3,1,8.5,17,15,3,certificate,1,25.63
12,2,8.5,20,14,4,certificate,3,67.67
26,4,3.0,35,11,3,inquiry,0,24.03
14,1,8.5,20,11,3,certificate,0,147.41
16,1,4.0,25,10,3,blood_lab,0,61.58
11,3,8.5,17,15,6,certificate,0,27.91
1,4,6.0,4,16,0,consultation,0,0.5
14,2,4.0,21,17,2,blood_lab,3,20.27
16,3,8.5,22,15,6,certificate,3,37.2
30,1,4.0,39,9,4,blood_lab,3,137.11
20,3,3.0,24,12,4,inquiry,0,29.15
18,3,4.0,21,9,2,blood_lab,2,20.04
4,4,8.5,13,15,2,certificate,3,2.39
20,4,10.0,27,8,5,registration,2,47.33
22,1,10.0,28,12,3,registration,0,273.22
14,3,10.0,24,10,4,registration,3,48.33
0,4,6.0,4,11,4,consultation,0,4.05
34,2,4.0,46,10,4,blood_lab,1,76.19
28,3,3.0,40,11,2,inquiry,1,33.41
30,1,6.0,34,17,4,consultation,2,202.11
33,4,10.0,42,9,6,registration,3,79.52
16,4,4.0,29,14,0,blood_lab,0,22.93
25,2,6.0,37,17,2,consultation,0,73.95
4,1,8.5,15,17,2,certificate,3,29.72
14,3,3.0,15,17,3,inquiry,0,13.03
32,1,10.0,40,12,5,registration,2,397.21
30,2,4.0,41,13,1,blood_lab,0,75.58
16,4,4.0,28,13,5,blood_lab,2,18.43
29,2,4.0,39,9,4,blood_lab,1,66.31
17,3,6.0,29,17,3,consultation,3,30.44
23,2,6.0,31,12,6,consultation,0,85.79
13,2,10.0,14,13,1,registration,3,75.86
14,4,6.0,19,9,5,consultation,3,13.83
12,4,8.5,26,9,2,certificate,2,21.2
29,1,8.5,43,16,1,certificate,3,239.15
33,4,6.0,41,17,5,consultation,2,51.32
13,4,3.0,22,16,2,inquiry,0,8.99
3,3,8.5,17,15,2,certificate,2,4.5
27,2,8.5,31,13,3,certificate,0,145.8
32,2,3.0,41,10,2,inquiry,2,44.09
25,3,3.0,37,9,0,inquiry,2,26.02
21,1,8.5,32,12,6,certificate,2,219.63
31,3,10.0,36,14,0,registration,0,148.99
20,4,8.5,32,11,1,certificate,1,49.83
33,3,6.0,35,14,3,consultation,1,78.0
17,4,4.0,26,14,3,blood_lab,0,19.83
1,4,3.0,11,14,6,inquiry,3,0.5
5,3,4.0,12,13,2,blood_lab,3,2.41
3,1,10.0,7,11,2,registration,0,38.69
13,3,6.0,26,9,5,consultation,1,23.24
15,2,8.5,21,13,1,certificate,3,77.83
6,3,4.0,15,15,5,blood_lab,0,5.19
9,2,6.0,19,9,5,consultation,0,28.31
8,3,10.0,21,12,5,registration,0,32.6
31,3,6.0,34,9,5,consultation,1,58.6
18,2,6.0,21,13,2,consultation,1,65.66
18,1,4.0,21,14,4,blood_lab,2,100.34
4,2,4.0,5,15,1,blood_lab,3,3.81
17,2,8.5,20,11,0,certificate,3,100.42
2,2,10.0,13,17,1,registration,0,14.18
3,3,6.0,9,16,0,consultation,2,2.36
8,4,3.0,13,16,5,inquiry,2,1.94
25,1,6.0,38,16,6,consultation,2,147.34
0,1,6.0,8,16,3,consultation,1,0.5
3,3,4.0,8,9,2,blood_lab,2,2.85
26,1,3.0,40,12,5,inquiry,0,99.51
28,4,8.5,34,12,0,certificate,0,85.95
17,1,4.0,24,12,3,blood_lab,1,82.56
2,3,8.5,7,14,0,certificate,1,5.01
18,2,4.0,25,14,3,blood_lab,3,43.15
27,3,6.0,29,11,2,consultation,2,62.96
30,2,8.5,36,16,0,certificate,3,141.74
25,2,8.5,36,13,1,certificate,3,130.37
20,4,3.0,34,15,3,inquiry,1,12.7
6,4,6.0,15,9,0,consultation,3,7.18
16,1,10.0,22,10,3,registration,2,157.68
34,2,4.0,43,16,5,blood_lab,0,67.12
21,4,4.0,35,11,3,blood_lab,1,24.92
8,2,8.5,9,9,6,certificate,3,28.32
30,2,8.5,36,14,4,certificate,2,179.22
27,4,10.0,36,15,3,registration,3,63.74
17,1,3.0,20,11,5,inquiry,2,61.07
14,3,3.0,24,8,5,inquiry,1,10.8
17,4,3.0,31,12,4,inquiry,1,17.54
26,3,6.0,35,11,6,consultation,2,61.79
28,1,6.0,36,16,1,consultation,3,165.32
18,1,3.0,20,12,2,inquiry,1,63.96
9,3,4.0,18,14,3,blood_lab,0,12.82
23,2,8.5,36,17,5,certificate,1,96.93
9,1,8.5,14,9,4,certificate,2,86.45
26,4,6.0,39,8,3,consultation,2,34.17
6,4,4.0,9,11,3,blood_lab,2,4.72
12,3,6.0,20,13,0,consultation,0,35.5
7,1,8.5,20,9,3,certificate,1,59.16
11,4,10.0,23,14,3,registration,1,31.85
3,2,6.0,7,9,2,consultation,0,8.68
18,3,10.0,32,9,2,registration,0,59.83
26,1,8.5,32,9,1,certificate,0,219.41
13,2,8.5,14,17,4,certificate,3,57.91
9,3,8.5,17,9,4,certificate,3,25.16
3,3,6.0,12,12,1,consultation,3,6.13
24,1,4.0,27,15,2,blood_lab,3,90.31
19,1,4.0,29,15,4,blood_lab,3,81.83
5,4,4.0,17,14,0,blood_lab,0,7.11
9,4,8.5,22,8,0,certificate,1,19.99
18,1,8.5,23,8,5,certificate,3,146.92
6,1,3.0,7,12,0,inquiry,1,25.9
1,3,8.5,10,13,4,certificate,0,5.67
15,4,10.0,28,17,5,registration,2,32.32
28,3,8.5,37,16,5,certificate,1,75.52
20,2,4.0,26,16,4,blood_lab,3,42.65
10,1,10.0,15,17,0,registration,1,110.36
21,2,10.0,26,13,2,registration,1,127.85
30,4,8.5,33,13,2,certificate,1,76.92
34,3,6.0,40,12,5,consultation,2,83.95
31,3,4.0,44,12,3,blood_lab,1,48.94
19,2,3.0,28,17,5,inquiry,0,28.48
18,2,3.0,23,10,4,inquiry,0,33.58
6,2,6.0,12,12,6,consultation,3,18.42
0,4,8.5,10,8,2,certificate,0,1.67
13,3,8.5,15,16,5,certificate,0,37.21
4,4,4.0,17,12,0,blood_lab,1,4.7
16,4,8.5,25,15,0,certificate,1,37.08
17,3,3.0,19,15,1,inquiry,1,13.93
34,2,10.0,48,11,4,registration,2,242.87
28,3,8.5,32,13,3,certificate,3,97.3
32,2,3.0,45,17,4,inquiry,0,56.16
29,3,8.5,35,15,3,certificate,0,82.07
18,3,8.5,27,10,6,certificate,0,47.53
22,4,8.5,26,11,5,certificate,3,52.6
10,3,10.0,21,15,0,registration,2,30.84
17,2,8.5,24,9,3,certificate,1,71.61
30,4,8.5,43,11,0,certificate,1,90.08
22,2,4.0,23,13,2,blood_lab,2,53.25
6,2,10.0,11,13,3,registration,3,29.99
31,1,8.5,41,12,5,certificate,0,327.37
1,3,6.0,12,9,2,consultation,2,0.5
14,3,8.5,25,16,3,certificate,3,37.29
17,1,8.5,20,12,3,certificate,1,178.53
29,4,4.0,39,9,5,blood_lab,1,25.54
21,3,6.0,24,8,3,consultation,3,38.51
27,2,8.5,37,11,5,certificate,1,143.68
29,3,10.0,37,15,3,registration,2,94.09
24,1,4.0,30,12,2,blood_lab,2,115.34
6,4,6.0,14,10,6,consultation,0,9.97
5,3,4.0,8,16,3,blood_lab,0,3.63
14,2,4.0,25,14,2,blood_lab,1,35.0
17,1,4.0,28,11,1,blood_lab,0,84.52
20,3,8.5,34,11,4,certificate,3,78.67
12,3,8.5,19,9,6,certificate,2,30.02
20,1,4.0,22,11,0,blood_lab,2,112.38
32,2,6.0,39,10,3,consultation,2,91.55
27,2,10.0,33,11,3,registration,2,165.46
33,3,4.0,42,16,3,blood_lab,0,41.47
17,1,6.0,30,8,4,consultation,1,112.73
9,2,8.5,13,8,6,certificate,3,34.69
27,2,6.0,40,13,6,consultation,0,99.81
24,1,8.5,29,14,5,certificate,1,250.4
18,2,3.0,28,9,5,inquiry,2,24.43
33,4,3.0,36,16,6,inquiry,1,22.89
22,2,6.0,26,12,2,consultation,1,78.87
27,3,4.0,35,8,4,blood_lab,2,37.75
23,4,4.0,37,15,4,blood_lab,1,21.27
3,2,4.0,7,15,5,blood_lab,2,5.42
2,3,10.0,5,17,1,registration,0,5.24
9,1,4.0,13,10,4,blood_lab,3,38.73
31,4,3.0,44,12,3,inquiry,0,29.4
20,4,3.0,23,12,2,inquiry,1,19.69
13,2,3.0,14,13,1,inquiry,3,22.28
2,2,4.0,16,13,5,blood_lab,2,1.11
31,2,8.5,38,17,5,certificate,2,127.17
29,4,3.0,43,12,6,inquiry,3,22.33
21,3,4.0,28,16,4,blood_lab,3,27.33
18,4,3.0,23,9,4,inquiry,3,8.92
2,4,3.0,12,15,5,inquiry,1,1.46
20,3,6.0,30,8,6,consultation,2,38.33
30,3,8.5,36,16,6,certificate,1,80.03
30,1,4.0,34,12,6,blood_lab,1,145.72
29,2,4.0,35,14,0,blood_lab,1,80.0
3,1,8.5,11,8,3,certificate,1,26.89
23,3,10.0,25,11,3,registration,0,96.67
29,1,10.0,35,9,5,registration,0,290.08
28,3,6.0,40,13,4,consultation,3,76.12
17,2,3.0,24,12,6,inquiry,0,31.12
30,3,10.0,31,9,1,registration,1,95.69
7,3,3.0,21,17,4,inquiry,3,6.06
0,3,6.0,13,10,2,consultation,2,0.5
30,4,10.0,41,13,1,registration,3,87.57
8,4,10.0,11,13,2,registration,0,23.63
26,2,10.0,40,13,5,registration,0,162.78
31,3,6.0,40,15,4,consultation,1,71.41
7,1,4.0,10,14,5,blood_lab,2,29.6
13,1,10.0,19,14,6,registration,0,163.27
15,4,8.5,22,14,6,certificate,2,34.92
34,3,3.0,48,9,5,inquiry,1,30.74
19,4,4.0,25,15,1,blood_lab,1,17.22
21,3,3.0,27,12,4,inquiry,1,29.47
17,3,10.0,30,16,0,registration,0,63.75
3,2,8.5,7,9,1,certificate,2,6.73
24,2,3.0,25,15,3,inquiry,2,35.53
15,4,10.0,25,15,0,registration,1,41.4
14,3,4.0,19,8,1,blood_lab,0,16.03
33,2,10.0,36,14,2,registration,2,204.03
13,2,6.0,27,13,2,consultation,0,47.4
25,4,8.5,27,9,6,certificate,2,51.05
15,2,4.0,25,15,3,blood_lab,1,30.08
0,3,4.0,3,16,4,blood_lab,0,1.15
0,2,10.0,1,11,6,registration,2,0.5
17,4,8.5,28,13,2,certificate,2,41.41
32,2,4.0,33,12,0,blood_lab,1,91.21
25,4,8.5,37,11,0,certificate,1,72.32
28,4,4.0,32,9,3,blood_lab,1,29.24
21,3,8.5,31,12,0,certificate,3,80.23
24,4,10.0,38,9,2,registration,0,60.85
21,3,10.0,25,14,6,registration,1,84.16
22,4,4.0,35,15,0,blood_lab,2,24.13
14,1,4.0,24,12,6,blood_lab,1,68.27
6,1,6.0,10,17,5,consultation,1,33.18
0,1,6.0,13,15,2,consultation,2,0.5
34,2,6.0,46,12,2,consultation,2,123.09
5,2,4.0,18,14,0,blood_lab,0,15.9
3,1,3.0,8,11,0,inquiry,2,11.45
19,2,8.5,24,13,2,certificate,0,101.47
2,1,8.5,16,15,2,certificate,0,19.68
28,2,10.0,35,14,0,registration,0,200.39
13,4,3.0,17,9,4,inquiry,2,8.53
31,1,6.0,43,17,6,consultation,0,183.98
22,1,10.0,29,17,5,registration,3,217.61
14,4,3.0,27,17,3,inquiry,3,5.37
16,3,10.0,28,13,4,registration,3,71.8
10,4,10.0,14,10,1,registration,3,18.78
9,2,4.0,22,11,4,blood_lab,1,24.12
20,4,8.5,31,17,0,certificate,3,44.92
32,2,10.0,46,13,4,registration,0,231.89
32,2,8.5,41,14,6,certificate,2,167.07
1,2,8.5,8,10,4,certificate,3,0.5
28,3,3.0,33,8,1,inquiry,3,21.47
15,4,10.0,17,9,0,registration,1,40.83
16,4,6.0,26,11,5,consultation,3,26.02
33,1,10.0,36,13,1,registration,3,409.2
24,4,8.5,31,17,1,certificate,2,51.73
0,4,3.0,2,16,4,inquiry,2,0.5
13,4,6.0,20,16,6,consultation,0,20.47
19,4,8.5,24,16,0,certificate,2,45.29
30,3,10.0,31,15,2,registration,2,93.9
2,2,3.0,5,17,0,inquiry,0,3.89
27,2,4.0,41,17,6,blood_lab,2,52.02
34,2,10.0,38,11,2,registration,3,209.01
4,4,6.0,8,9,1,consultation,0,6.06
15,3,10.0,23,16,2,registration,2,46.13
8,1,4.0,11,13,6,blood_lab,2,39.16
34,2,10.0,46,17,4,registration,1,192.8
31,3,8.5,38,15,0,certificate,2,99.93
23,3,6.0,33,14,5,consultation,0,54.35
27,4,6.0,29,15,1,consultation,3,35.41
5,1,4.0,19,16,5,blood_lab,3,11.02
23,2,4.0,30,14,1,blood_lab,3,52.18
9,3,6.0,23,9,4,consultation,3,15.06
9,3,6.0,14,16,6,consultation,3,13.32
30,1,3.0,42,17,0,inquiry,1,100.89
16,3,4.0,19,8,4,blood_lab,0,26.7
0,1,4.0,1,9,1,blood_lab,1,0.5
1,2,10.0,11,16,5,registration,3,2.44
28,3,10.0,37,13,1,registration,3,110.56
25,1,3.0,30,12,3,inquiry,3,91.41
19,1,8.5,26,14,4,certificate,2,229.05
29,1,4.0,41,10,0,blood_lab,2,130.27
22,3,8.5,36,9,4,certificate,3,65.93
33,2,6.0,37,10,0,consultation,3,109.62
10,1,8.5,23,8,0,certificate,2,94.85
3,4,10.0,13,17,4,registration,3,2.12
19,2,4.0,23,9,4,blood_lab,2,41.59
0,2,4.0,11,9,6,blood_lab,3,0.5
20,1,10.0,22,12,2,registration,3,246.6
12,2,6.0,23,10,0,consultation,0,40.75
0,4,4.0,1,12,5,blood_lab,2,0.5
31,4,10.0,36,8,0,registration,2,84.31
0,4,6.0,2,13,6,consultation,2,0.5
22,2,10.0,33,10,6,registration,0,111.61
16,2,4.0,28,8,2,blood_lab,0,31.52
25,2,3.0,37,14,5,inquiry,0,47.46
19,4,6.0,31,16,4,consultation,3,29.92
8,1,3.0,9,8,3,inquiry,1,24.1
6,3,4.0,9,8,3,blood_lab,3,3.27
3,1,8.5,4,15,6,certificate,1,21.23
3,2,10.0,16,10,2,registration,0,16.79
22,3,4.0,36,11,6,blood_lab,1,37.07
20,3,10.0,24,11,4,registration,3,94.77
12,1,10.0,22,15,6,registration,1,115.73
29,2,8.5,43,17,1,certificate,1,122.65
0,2,10.0,2,16,1,registration,3,0.5
14,3,6.0,23,15,2,consultation,3,24.44
14,2,10.0,27,15,5,registration,3,61.53
5,2,4.0,13,16,4,blood_lab,0,11.58
19,4,8.5,22,8,4,certificate,1,44.63
24,3,3.0,36,8,0,inquiry,2,23.38
3,1,3.0,7,14,5,inquiry,2,7.49
22,1,6.0,23,11,3,consultation,0,161.28
23,3,10.0,26,16,6,registration,0,78.87
20,4,6.0,33,10,3,consultation,3,27.83
23,3,4.0,33,12,4,blood_lab,0,44.53
18,3,3.0,21,11,5,inquiry,2,19.11
28,1,3.0,39,12,5,inquiry,1,103.44
26,1,8.5,38,14,1,certificate,1,273.79
3,2,6.0,17,17,6,consultation,0,10.15
34,1,8.5,35,15,6,certificate,0,286.84
25,2,3.0,38,17,5,inquiry,1,35.23
31,3,3.0,32,12,5,inquiry,3,32.26
12,2,4.0,24,15,4,blood_lab,1,25.31
28,3,8.5,42,10,4,certificate,1,88.92
28,4,8.5,30,12,4,certificate,2,84.18
3,3,6.0,8,15,3,consultation,2,6.38
9,1,10.0,10,9,1,registration,2,84.78
3,3,6.0,14,8,3,consultation,1,5.99
20,1,10.0,32,14,6,registration,3,245.31
7,2,4.0,12,14,5,blood_lab,2,15.43
4,3,3.0,17,9,4,inquiry,1,2.0
29,2,8.5,38,13,3,certificate,2,153.16
2,4,8.5,11,16,6,certificate,1,4.46
4,3,8.5,7,8,5,certificate,1,10.8
1,2,4.0,7,15,6,blood_lab,1,0.5
28,4,10.0,39,13,2,registration,1,86.74
21,3,4.0,23,8,5,blood_lab,3,26.34
14,1,6.0,25,13,2,consultation,3,101.74
6,2,8.5,11,14,2,certificate,2,30.28
31,3,4.0,35,8,2,blood_lab,0,40.66
2,3,8.5,16,17,3,certificate,0,5.2
32,4,4.0,42,13,5,blood_lab,1,37.36
8,3,4.0,11,8,1,blood_lab,2,6.54
2,2,3.0,10,13,6,inquiry,0,1.04
34,3,6.0,46,11,5,consultation,1,82.62
12,4,6.0,18,17,0,consultation,2,14.1
34,1,8.5,46,10,0,certificate,0,333.61
9,1,10.0,23,16,5,registration,1,87.22
17,1,4.0,20,12,0,blood_lab,2,96.74
16,4,8.5,26,12,1,certificate,3,41.24
0,3,8.5,5,17,0,certificate,3,0.5
29,3,3.0,35,16,1,inquiry,0,31.22
13,2,8.5,24,11,5,certificate,2,64.71
32,3,10.0,39,15,1,registration,2,104.42
23,4,4.0,37,9,5,blood_lab,3,15.91
9,2,6.0,17,8,2,consultation,1,27.7
0,2,8.5,3,16,4,certificate,1,0.5
11,2,8.5,21,12,4,certificate,0,65.05
7,1,6.0,16,13,0,consultation,3,55.58
6,3,10.0,13,13,2,registration,3,20.17
9,2,8.5,11,8,6,certificate,2,33.96
12,4,3.0,18,12,3,inquiry,0,10.28
25,3,6.0,38,10,1,consultation,2,46.45
7,3,6.0,11,12,5,consultation,1,12.04
2,3,6.0,3,14,0,consultation,2,5.03
22,1,3.0,29,16,1,inquiry,1,64.73
3,2,3.0,11,12,6,inquiry,0,6.77
25,3,10.0,33,15,0,registration,0,96.49
22,1,6.0,31,9,6,consultation,3,126.58
30,3,4.0,44,17,2,blood_lab,2,36.19
0,2,8.5,9,13,5,certificate,2,0.5
5,2,6.0,6,15,2,consultation,0,11.23
16,1,6.0,30,16,3,consultation,0,95.67
24,1,6.0,35,11,5,consultation,1,177.97
9,3,3.0,13,16,0,inquiry,3,7.12
5,1,10.0,12,8,2,registration,3,46.67
20,1,6.0,34,8,5,consultation,1,120.65
22,3,3.0,34,16,3,inquiry,0,24.61
28,4,3.0,29,8,1,inquiry,1,18.62
7,2,8.5,13,17,1,certificate,0,30.09
5,4,4.0,19,8,6,blood_lab,3,1.2
10,4,6.0,17,10,1,consultation,2,13.51
3,4,3.0,13,13,0,inquiry,1,4.11
9,2,4.0,22,12,1,blood_lab,1,21.87
26,2,6.0,29,10,3,consultation,3,72.96
23,3,10.0,37,13,6,registration,3,91.41
31,4,6.0,36,12,1,consultation,3,50.42
6,2,8.5,20,12,6,certificate,0,29.56
22,3,10.0,24,16,6,registration,0,72.74
21,4,8.5,28,15,3,certificate,3,39.54
28,3,8.5,29,11,6,certificate,1,98.09
32,3,3.0,35,8,6,inquiry,3,30.13
23,1,10.0,30,10,0,registration,0,264.5
32,4,4.0,43,12,0,blood_lab,3,42.5
18,2,6.0,27,17,1,consultation,2,49.04
1,3,3.0,7,17,0,inquiry,3,0.5
19,4,6.0,23,16,3,consultation,2,25.14
23,1,8.5,32,16,4,certificate,2,218.87
15,1,6.0,25,11,2,consultation,1,108.65
20,4,6.0,27,9,1,consultation,0,22.94
27,1,6.0,28,11,3,consultation,3,198.51
25,3,6.0,36,8,0,consultation,1,56.24
11,3,10.0,19,8,4,registration,2,39.44
16,3,8.5,23,8,2,certificate,1,41.39
4,3,4.0,15,14,4,blood_lab,3,3.49
18,3,3.0,30,11,5,inquiry,2,17.33
33,4,4.0,34,8,1,blood_lab,0,32.33
28,1,10.0,33,16,4,registration,3,319.18
32,3,10.0,42,15,6,registration,1,106.07
19,1,10.0,29,16,6,registration,3,185.46
5,1,8.5,7,17,3,certificate,2,40.6
16,3,10.0,25,17,3,registration,0,51.27
14,2,3.0,20,9,2,inquiry,3,12.25
32,3,3.0,46,9,5,inquiry,2,30.01
6,2,4.0,16,13,0,blood_lab,2,16.34
11,4,3.0,18,16,5,inquiry,2,5.98
18,2,6.0,22,8,0,consultation,2,58.5
21,2,8.5,23,11,3,certificate,3,107.17
34,2,8.5,43,12,1,certificate,2,176.9
33,2,3.0,39,15,6,inquiry,3,47.8
11,4,3.0,16,9,5,inquiry,3,4.19
23,3,4.0,37,12,0,blood_lab,2,43.71
15,2,10.0,20,14,6,registration,3,89.4
13,3,6.0,24,12,3,consultation,2,28.18
9,3,10.0,23,11,4,registration,0,41.06
14,4,10.0,18,14,2,registration,0,46.48
12,1,8.5,17,16,4,certificate,3,115.33
7,4,3.0,16,12,2,inquiry,2,5.54
10,1,8.5,19,10,1,certificate,1,86.34
22,1,10.0,23,10,2,registration,3,216.76
14,2,10.0,28,16,2,registration,0,70.52
31,3,4.0,44,16,2,blood_lab,0,41.62
8,3,8.5,20,11,5,certificate,2,23.73
31,1,4.0,39,15,2,blood_lab,3,117.42
30,1,4.0,40,9,1,blood_lab,1,119.8
6,4,6.0,12,14,3,consultation,0,10.9
3,2,3.0,12,15,2,inquiry,0,1.29
32,4,6.0,46,13,3,consultation,2,55.4
28,4,8.5,34,8,3,certificate,0,57.77
25,1,6.0,29,15,2,consultation,3,143.57
21,1,6.0,26,16,4,consultation,1,141.99
7,2,4.0,18,11,3,blood_lab,2,12.86
28,4,6.0,35,12,0,consultation,0,61.64
1,4,8.5,9,8,4,certificate,2,0.5
25,4,10.0,37,16,6,registration,3,58.45
32,4,10.0,34,10,3,registration,2,77.02
33,3,3.0,36,14,4,inquiry,3,44.4
28,2,4.0,32,13,4,blood_lab,2,76.1
30,1,6.0,32,13,0,consultation,0,260.77
1,4,3.0,4,13,5,inquiry,3,0.5
34,4,10.0,41,13,6,registration,0,107.72
21,4,3.0,32,13,2,inquiry,1,19.44
8,2,3.0,12,16,6,inquiry,1,8.85
19,4,10.0,29,10,2,registration,0,48.02
9,2,6.0,11,10,5,consultation,2,23.19
2,4,8.5,13,13,6,certificate,1,2.21
16,3,10.0,19,8,3,registration,2,53.89
11,1,8.5,24,16,4,certificate,3,106.16
16,4,8.5,26,9,2,certificate,3,29.6
22,4,4.0,29,9,0,blood_lab,2,22.51
34,1,10.0,45,15,6,registration,1,339.81
32,2,10.0,33,8,5,registration,1,156.85
0,3,3.0,9,8,3,inquiry,2,0.5
4,4,10.0,5,12,3,registration,1,10.47
28,4,6.0,31,12,4,consultation,0,61.07
31,4,10.0,35,15,2,registration,3,71.44
6,1,8.5,17,10,4,certificate,1,55.18
28,2,4.0,30,13,1,blood_lab,0,67.72
20,4,8.5,27,11,4,certificate,0,61.98
14,1,6.0,17,10,1,consultation,3,80.27
4,3,10.0,5,10,5,registration,0,13.37
26,3,10.0,30,10,1,registration,0,84.88
22,3,10.0,30,13,2,registration,1,85.53
22,3,4.0,26,8,4,blood_lab,0,33.68
9,2,4.0,16,8,5,blood_lab,3,13.72
14,4,3.0,28,17,5,inquiry,1,9.81
22,4,8.5,35,10,5,certificate,0,49.11
2,4,3.0,5,9,2,inquiry,2,1.17
14,3,6.0,23,11,6,consultation,2,27.16
0,3,6.0,5,9,3,consultation,3,0.5
2,3,3.0,8,13,6,inquiry,2,0.5
29,3,4.0,30,14,1,blood_lab,1,45.98
7,1,3.0,20,12,2,inquiry,2,23.91
26,1,4.0,35,8,0,blood_lab,1,118.15
0,4,10.0,12,8,6,registration,1,0.5
15,4,8.5,23,9,5,certificate,0,31.59
30,2,6.0,38,10,0,consultation,2,99.98
9,2,6.0,16,13,3,consultation,2,30.72
2,3,3.0,6,17,4,inquiry,0,0.53
8,4,8.5,15,12,0,certificate,3,20.63
24,4,3.0,36,16,1,inquiry,3,15.96
8,2,8.5,18,10,2,certificate,3,30.55
4,2,10.0,9,9,5,registration,2,12.93
18,4,3.0,22,11,0,inquiry,0,19.85
27,2,3.0,35,12,5,inquiry,3,46.71
7,1,8.5,13,16,6,certificate,3,53.39
33,4,10.0,46,15,2,registration,0,80.51
5,2,3.0,10,8,2,inquiry,2,3.95
14,4,6.0,19,15,4,consultation,1,24.01
1,3,3.0,8,10,5,inquiry,0,1.59
20,1,6.0,24,10,0,consultation,1,134.85
18,4,8.5,25,13,2,certificate,3,44.68
14,4,6.0,26,10,1,consultation,1,19.01
13,3,4.0,14,11,0,blood_lab,1,23.4
15,2,6.0,18,11,3,consultation,1,55.26
21,4,8.5,24,16,1,certificate,3,40.6
2,4,10.0,16,12,0,registration,0,4.88
21,3,4.0,25,12,5,blood_lab,2,32.97
17,4,4.0,27,9,6,blood_lab,0,20.49
0,4,8.5,6,14,0,certificate,0,0.5
17,4,10.0,18,11,6,registration,2,49.64
8,4,3.0,22,15,4,inquiry,3,0.5
25,1,8.5,33,10,5,certificate,1,211.87
18,4,8.5,30,14,2,certificate,3,40.12
12,4,8.5,20,16,1,certificate,0,28.51
14,3,8.5,20,15,4,certificate,0,47.48
30,3,8.5,32,9,1,certificate,2,81.5
6,4,3.0,16,10,1,inquiry,3,0.5
13,3,10.0,15,13,5,registration,0,55.37
13,2,3.0,17,10,4,inquiry,0,22.15
3,2,4.0,5,11,5,blood_lab,0,6.77
31,1,6.0,41,8,6,consultation,1,183.58
2,2,10.0,10,8,1,registration,0,8.92
8,2,3.0,12,17,6,inquiry,2,10.01
17,3,6.0,19,15,6,consultation,3,29.97
25,4,10.0,39,9,1,registration,0,61.11
33,4,3.0,43,16,6,inquiry,3,19.85
23,3,6.0,26,11,3,consultation,0,56.04
26,2,8.5,32,15,5,certificate,3,105.77
6,3,3.0,16,8,4,inquiry,3,2.17
27,2,8.5,40,9,5,certificate,2,110.75
12,3,4.0,25,15,0,blood_lab,1,15.45
18,3,4.0,31,12,3,blood_lab,1,25.77
25,1,6.0,38,12,4,consultation,1,213.37
5,1,3.0,14,11,6,inquiry,1,19.13
2,3,6.0,7,8,6,consultation,0,9.25
6,2,6.0,13,10,3,consultation,1,17.36
13,1,4.0,17,17,2,blood_lab,0,52.71
5,2,8.5,7,11,0,certificate,2,29.4
14,1,8.5,26,12,1,certificate,1,144.56
11,2,4.0,18,11,5,blood_lab,0,26.15
1,2,8.5,10,17,1,certificate,3,0.5
11,3,3.0,12,16,4,inquiry,2,11.17
1,4,6.0,6,14,5,consultation,0,2.41
6,4,4.0,14,15,6,blood_lab,3,0.5
17,2,4.0,23,14,5,blood_lab,1,39.53
3,3,8.5,9,10,2,certificate,2,7.59
28,2,4.0,40,9,0,blood_lab,2,64.22
9,2,4.0,13,13,2,blood_lab,0,23.85
25,4,10.0,30,11,5,registration,0,75.24
2,4,8.5,9,17,5,certificate,1,1.43
7,1,6.0,14,14,1,consultation,0,55.94
3,4,6.0,17,9,4,consultation,2,3.8
20,1,3.0,32,12,4,inquiry,3,81.23
1,1,4.0,8,16,4,blood_lab,1,2.74
10,1,6.0,20,17,3,consultation,1,58.48
34,2,6.0,42,13,6,consultation,0,126.33
16,1,4.0,29,17,4,blood_lab,3,67.18
8,4,6.0,20,17,2,consultation,0,10.53
33,4,4.0,34,11,1,blood_lab,1,39.27
16,3,4.0,25,11,4,blood_lab,2,28.47
10,4,8.5,12,17,4,certificate,0,22.1
12,4,3.0,25,13,1,inquiry,3,4.12
28,2,10.0,32,9,6,registration,0,138.59
16,3,6.0,18,13,4,consultation,2,46.98
33,2,10.0,43,17,5,registration,2,158.67
26,4,3.0,31,9,1,inquiry,2,15.56
11,1,6.0,23,10,0,consultation,1,73.29
9,4,6.0,21,11,3,consultation,2,16.2
33,3,6.0,34,14,5,consultation,3,78.79
4,1,8.5,5,12,5,certificate,0,42.25
4,2,8.5,13,10,4,certificate,2,18.34
3,3,4.0,14,9,4,blood_lab,1,1.43
1,2,10.0,15,16,1,registration,1,3.53
20,2,10.0,34,8,4,registration,2,111.98
21,2,8.5,35,16,4,certificate,2,98.1
5,2,6.0,13,15,6,consultation,0,16.21
13,3,8.5,23,17,4,certificate,3,38.68
31,1,4.0,33,14,5,blood_lab,2,154.43
31,4,4.0,35,8,2,blood_lab,2,27.13
23,1,10.0,25,9,3,registration,3,223.5
24,2,3.0,36,16,6,inquiry,1,33.67
27,4,6.0,29,13,1,consultation,2,47.57
5,2,4.0,8,8,3,blood_lab,1,12.03
8,3,4.0,22,12,1,blood_lab,2,10.94
6,1,6.0,10,16,0,consultation,3,37.98
1,4,4.0,8,16,2,blood_lab,3,0.5
28,2,8.5,30,13,6,certificate,3,144.99
19,1,4.0,26,16,6,blood_lab,2,72.38
7,3,8.5,16,17,3,certificate,3,17.53
18,4,4.0,30,10,3,blood_lab,1,18.36
24,4,10.0,33,17,4,registration,2,66.54
20,2,4.0,27,9,1,blood_lab,0,39.53
15,2,8.5,18,8,0,certificate,1,72.42
18,2,6.0,21,9,4,consultation,0,63.19
17,1,3.0,23,16,2,inquiry,2,48.52
27,4,4.0,35,17,3,blood_lab,0,25.11
13,2,10.0,18,17,3,registration,2,60.64
15,3,4.0,22,10,2,blood_lab,3,14.01
11,3,3.0,19,10,1,inquiry,3,9.53
33,4,10.0,35,9,1,registration,0,80.32
33,1,3.0,42,14,5,inquiry,3,119.82
3,1,4.0,14,17,2,blood_lab,0,10.78
7,1,6.0,13,8,2,consultation,2,39.93
2,2,10.0,4,10,0,registration,2,9.09
20,4,10.0,32,8,3,registration,3,44.95
21,2,6.0,28,14,5,consultation,1,77.16
7,2,3.0,16,10,5,inquiry,0,14.63
25,1,8.5,30,13,6,certificate,2,264.94
33,4,3.0,45,9,3,inquiry,3,23.94
31,1,3.0,41,8,4,inquiry,3,102.43
23,4,6.0,31,17,6,consultation,2,30.78
3,2,10.0,13,17,1,registration,2,12.91
33,2,3.0,40,16,4,inquiry,0,56.65
2,2,6.0,3,9,3,consultation,1,4.8
27,1,8.5,41,16,2,certificate,1,231.45
18,3,8.5,20,12,1,certificate,2,60.43
23,1,8.5,31,17,6,certificate,0,191.76
33,3,8.5,39,8,4,certificate,2,103.11
14,3,10.0,18,12,3,registration,0,61.72
14,3,8.5,20,16,6,certificate,3,32.26
29,1,4.0,38,8,2,blood_lab,1,112.62
17,3,3.0,19,17,0,inquiry,3,13.85
20,2,10.0,25,16,0,registration,0,112.14
3,3,6.0,17,15,1,consultation,2,3.67
22,1,8.5,27,8,6,certificate,3,180.05
12,4,3.0,24,9,1,inquiry,3,7.0
0,3,8.5,2,17,6,certificate,1,0.5
14,1,8.5,15,14,4,certificate,0,170.1
16,1,8.5,24,17,5,certificate,2,133.32
11,3,10.0,24,8,3,registration,1,33.74
2,4,8.5,3,9,4,certificate,0,5.47
33,3,6.0,36,13,1,consultation,3,76.84
32,1,8.5,39,16,4,certificate,2,311.36
30,4,8.5,39,11,0,certificate,1,92.09
12,2,3.0,24,11,5,inquiry,1,21.11
24,4,10.0,30,16,1,registration,2,57.57
7,4,10.0,10,9,2,registration,1,15.18
27,4,8.5,37,10,4,certificate,1,66.0
8,4,3.0,21,12,6,inquiry,3,0.94
27,3,4.0,31,8,6,blood_lab,3,31.72
16,2,6.0,17,8,1,consultation,2,48.05
11,3,3.0,12,9,6,inquiry,2,7.53
20,4,10.0,23,16,6,registration,2,45.9
20,3,6.0,31,16,0,consultation,3,42.57
34,2,6.0,48,11,2,consultation,2,122.49
12,1,8.5,17,17,1,certificate,2,97.11
12,2,3.0,20,8,5,inquiry,1,13.71
0,3,3.0,10,15,5,inquiry,2,0.5
5,4,3.0,12,15,4,inquiry,1,3.24
9,4,6.0,23,17,4,consultation,0,16.58
24,4,4.0,28,9,0,blood_lab,2,22.86
28,3,8.5,30,12,4,certificate,0,114.49
25,4,3.0,28,9,0,inquiry,3,16.62
26,2,6.0,39,14,3,consultation,0,97.69
4,2,4.0,8,8,5,blood_lab,0,7.82
33,1,4.0,35,17,5,blood_lab,3,128.9
30,1,10.0,42,13,5,registration,1,371.41
33,3,8.5,41,16,3,certificate,3,90.08
17,1,6.0,28,12,2,consultation,1,125.9
17,2,10.0,30,14,1,registration,2,103.11
15,3,3.0,18,8,4,inquiry,2,13.94
24,2,10.0,32,14,2,registration,0,148.65
24,2,3.0,32,11,3,inquiry,3,37.9
21,2,4.0,25,9,0,blood_lab,2,45.48
21,3,8.5,22,17,2,certificate,3,58.36
6,3,4.0,14,8,4,blood_lab,0,10.08
27,2,4.0,30,11,4,blood_lab,2,74.27
25,1,8.5,35,15,3,certificate,3,207.89
2,3,8.5,4,14,1,certificate,0,6.72
11,3,10.0,13,12,4,registration,2,51.05
0,1,8.5,6,16,1,certificate,2,0.5
4,1,10.0,7,10,5,registration,3,34.89
22,2,8.5,23,10,3,certificate,0,88.59
0,2,4.0,9,12,2,blood_lab,1,0.5
33,1,8.5,34,16,1,certificate,0,282.73
2,3,6.0,6,13,3,consultation,0,5.35
7,1,10.0,12,15,4,registration,0,77.97
14,1,10.0,28,16,0,registration,3,157.31
6,2,8.5,16,9,3,certificate,0,29.03
23,3,10.0,32,14,0,registration,1,105.13
1,3,10.0,6,15,1,registration,0,5.53
19,3,4.0,21,11,5,blood_lab,3,30.3
23,4,6.0,26,17,1,consultation,3,32.93
16,2,3.0,17,12,3,inquiry,3,24.97
10,4,6.0,23,15,0,consultation,0,17.82
3,4,8.5,13,10,3,certificate,1,6.0
2,2,10.0,13,10,5,registration,0,10.65
23,2,3.0,29,8,5,inquiry,2,33.59
9,1,10.0,20,13,1,registration,0,110.4
22,4,10.0,30,14,1,registration,0,71.4
14,1,6.0,27,11,5,consultation,0,101.71
7,2,6.0,17,13,5,consultation,3,22.07
34,2,3.0,38,9,5,inquiry,1,49.6
14,2,4.0,22,16,6,blood_lab,2,22.22
23,2,6.0,32,14,3,consultation,1,86.59
20,2,4.0,23,8,1,blood_lab,0,40.55
0,3,8.5,9,17,4,certificate,3,0.5
29,1,6.0,37,14,0,consultation,2,246.46
3,3,3.0,11,13,0,inquiry,1,5.72
34,4,3.0,41,11,4,inquiry,3,31.67
31,3,6.0,38,8,1,consultation,1,63.78
34,4,4.0,35,11,5,blood_lab,0,41.89
23,3,10.0,24,13,6,registration,2,93.75
12,1,3.0,26,14,1,inquiry,2,44.0
18,2,3.0,29,13,5,inquiry,2,29.9
16,1,10.0,28,8,6,registration,2,155.83
18,3,4.0,20,17,0,blood_lab,0,25.75
30,3,10.0,35,9,5,registration,2,99.12
18,2,6.0,22,17,2,consultation,3,49.34
14,4,3.0,20,16,2,inquiry,3,7.84
12,3,3.0,26,14,1,inquiry,0,16.69
24,1,8.5,32,10,6,certificate,3,199.18
5,4,3.0,15,9,4,inquiry,0,6.54
22,3,4.0,33,14,2,blood_lab,0,36.2
16,4,4.0,26,16,3,blood_lab,1,15.65
32,4,6.0,39,15,1,consultation,0,48.97
3,4,6.0,6,14,0,consultation,0,5.4
14,1,4.0,27,14,0,blood_lab,3,79.53
22,2,4.0,29,14,1,blood_lab,0,56.27
0,1,8.5,3,8,1,certificate,1,0.5
26,3,10.0,32,16,5,registration,1,84.98
15,4,10.0,26,15,5,registration,1,33.6
30,4,6.0,39,12,0,consultation,3,63.38
19,3,4.0,23,11,1,blood_lab,1,30.53
33,1,10.0,37,14,2,registration,1,410.61
26,2,8.5,31,14,6,certificate,0,139.81
14,3,6.0,20,14,5,consultation,0,34.98
18,4,3.0,19,11,1,inquiry,3,11.37
33,4,8.5,46,11,6,certificate,1,83.06
18,4,4.0,26,8,2,blood_lab,0,17.41
11,4,8.5,16,17,2,certificate,2,21.06
31,3,3.0,34,12,6,inquiry,3,36.34
31,3,10.0,39,12,6,registration,1,128.49
8,2,3.0,9,10,6,inquiry,3,9.14
23,4,10.0,32,14,2,registration,0,69.52
19,4,4.0,26,14,3,blood_lab,0,26.3
34,4,10.0,42,15,4,registration,3,93.11
1,2,6.0,13,17,2,consultation,0,2.07
17,4,4.0,26,14,3,blood_lab,1,22.93
28,3,3.0,33,12,2,inquiry,3,26.87
25,1,6.0,31,10,1,consultation,2,147.1
25,1,10.0,32,10,5,registration,3,246.63
1,2,10.0,8,14,2,registration,1,4.34
30,3,4.0,32,16,3,blood_lab,1,39.67
12,4,4.0,26,17,4,blood_lab,1,13.89
14,4,4.0,15,12,0,blood_lab,1,18.22
22,3,4.0,34,12,3,blood_lab,1,38.16
21,4,8.5,23,16,6,certificate,1,45.39
17,3,10.0,22,12,6,registration,0,71.15
18,3,6.0,26,17,3,consultation,1,36.02
2,2,3.0,15,9,1,inquiry,2,0.5
16,2,10.0,18,11,6,registration,2,95.07
32,1,10.0,46,12,4,registration,1,456.25
18,3,8.5,27,12,4,certificate,0,72.08
18,2,8.5,22,14,1,certificate,3,92.88
6,3,6.0,14,10,0,consultation,2,8.79
10,2,6.0,19,9,3,consultation,1,27.82
2,4,4.0,7,11,4,blood_lab,1,2.25
10,4,10.0,16,16,4,registration,0,26.76
27,2,10.0,38,12,3,registration,0,165.73
13,3,6.0,14,8,1,consultation,0,26.95
6,2,6.0,20,13,1,consultation,3,17.33
5,4,4.0,13,10,3,blood_lab,3,1.13
9,2,3.0,11,13,5,inquiry,3,11.47
23,1,6.0,31,17,6,consultation,2,132.0
17,4,8.5,20,14,0,certificate,3,49.42
5,1,6.0,19,11,4,consultation,1,40.18
12,3,6.0,14,9,4,consultation,1,22.67
21,4,4.0,22,10,5,blood_lab,1,20.03
27,3,8.5,30,15,3,certificate,1,77.0
20,1,4.0,33,15,5,blood_lab,3,74.64
30,1,6.0,41,14,5,consultation,1,222.31
10,2,8.5,22,11,3,certificate,0,54.56
30,1,10.0,42,10,4,registration,1,340.43
7,2,6.0,16,16,2,consultation,3,14.13
14,3,3.0,22,12,5,inquiry,3,14.96
22,2,10.0,36,8,4,registration,1,123.64
7,1,8.5,12,14,1,certificate,0,71.84
31,4,10.0,40,13,6,registration,3,94.63
19,3,4.0,31,15,3,blood_lab,1,23.67
0,3,6.0,12,11,4,consultation,2,0.5
32,4,4.0,36,13,2,blood_lab,2,34.99
17,2,8.5,29,11,4,certificate,0,104.0
0,3,3.0,7,17,2,inquiry,1,0.5
0,3,8.5,8,17,5,certificate,1,0.5
26,4,3.0,28,14,2,inquiry,1,21.05
6,4,4.0,9,12,5,blood_lab,0,6.32
11,2,8.5,25,16,5,certificate,1,44.57
0,1,10.0,9,11,0,registration,2,0.5
7,1,4.0,17,9,5,blood_lab,0,27.78
31,3,6.0,33,15,6,consultation,0,60.55
33,4,8.5,42,12,4,certificate,3,96.71
22,2,6.0,25,9,4,consultation,1,75.23
7,4,10.0,14,13,1,registration,1,23.9
15,1,8.5,25,17,3,certificate,3,123.56
29,4,6.0,30,15,3,consultation,2,42.54
5,4,3.0,19,17,0,inquiry,0,4.42
26,4,6.0,32,12,2,consultation,2,45.03
12,2,4.0,25,9,5,blood_lab,3,22.22
27,2,6.0,28,11,3,consultation,0,95.91
2,3,8.5,7,8,0,certificate,3,1.47
21,1,3.0,31,8,5,inquiry,2,58.24
8,1,10.0,20,11,6,registration,1,99.44
8,3,4.0,15,17,6,blood_lab,2,6.86
4,2,6.0,7,8,2,consultation,3,4.83
9,3,6.0,14,13,3,consultation,1,21.66
18,3,4.0,20,15,4,blood_lab,2,24.1
27,4,8.5,39,16,3,certificate,3,53.86
19,2,10.0,27,15,1,registration,1,95.63
33,2,6.0,38,14,6,consultation,2,121.66
12,4,3.0,26,17,2,inquiry,2,7.75
6,4,6.0,11,9,0,consultation,1,9.14
15,1,10.0,18,16,2,registration,3,144.13
4,1,4.0,9,14,0,blood_lab,3,19.62
34,4,6.0,40,12,4,consultation,1,70.29
22,4,4.0,23,12,1,blood_lab,0,30.64
32,4,3.0,35,11,3,inquiry,2,23.93
3,4,10.0,12,15,1,registration,2,6.4
27,3,8.5,39,10,3,certificate,2,74.4
32,4,3.0,35,17,1,inquiry,1,19.44
28,4,10.0,34,13,3,registration,0,88.69
33,4,8.5,34,11,5,certificate,1,84.53
19,2,10.0,26,14,1,registration,0,120.71
16,4,6.0,20,16,4,consultation,3,21.89
6,4,10.0,13,11,4,registration,0,21.44
15,3,3.0,21,16,1,inquiry,1,14.81
12,3,8.5,26,9,5,certificate,3,28.76
3,3,3.0,10,8,6,inquiry,3,0.5
32,1,3.0,37,12,1,inquiry,2,118.12
3,3,6.0,8,12,5,consultation,3,0.5
30,3,10.0,36,9,3,registration,3,96.31
4,1,3.0,10,14,2,inquiry,0,15.58
20,4,6.0,21,14,6,consultation,0,36.58
27,2,8.5,37,12,4,certificate,1,162.65
22,2,6.0,27,13,6,consultation,1,83.4
8,4,3.0,19,12,6,inquiry,3,1.84
24,1,6.0,27,15,3,consultation,2,141.39
26,2,10.0,29,17,3,registration,1,126.0
23,3,8.5,35,13,4,certificate,3,87.7
22,2,4.0,25,10,5,blood_lab,0,44.22
4,1,6.0,5,10,2,consultation,3,19.46
32,4,3.0,43,8,2,inquiry,0,24.62
28,3,6.0,29,9,1,consultation,1,56.36
4,1,8.5,9,10,2,certificate,3,27.14
32,3,8.5,38,15,0,certificate,3,100.82
1,1,6.0,8,11,2,consultation,2,2.77
20,3,3.0,34,10,3,inquiry,3,14.39
6,4,4.0,8,8,1,blood_lab,0,6.75
6,4,4.0,11,12,3,blood_lab,1,7.13
9,1,6.0,10,8,0,consultation,2,60.45
27,3,3.0,32,14,1,inquiry,1,30.77
15,1,8.5,20,16,6,certificate,0,126.47
29,4,3.0,43,9,3,inquiry,3,16.98
22,3,8.5,28,13,1,certificate,1,74.53
23,3,10.0,34,12,6,registration,3,89.28
25,3,10.0,38,9,3,registration,2,79.73
5,3,3.0,11,13,1,inquiry,0,7.28
4,2,10.0,14,12,0,registration,1,26.35
12,2,10.0,18,11,1,registration,1,71.32
33,2,3.0,36,14,6,inquiry,0,60.72
7,2,6.0,21,9,2,consultation,1,21.88
13,3,4.0,15,9,4,blood_lab,3,17.65
13,1,6.0,24,15,0,consultation,0,88.48
14,2,6.0,15,17,2,consultation,3,37.13
13,1,6.0,14,8,6,consultation,0,80.03
17,3,8.5,30,10,4,certificate,2,50.79
18,2,3.0,27,13,2,inquiry,0,33.74
15,3,8.5,20,14,3,certificate,3,48.82
27,3,6.0,34,17,0,consultation,0,60.67
17,3,10.0,18,10,6,registration,0,59.91
29,3,3.0,35,16,0,inquiry,2,30.72
30,1,3.0,41,11,4,inquiry,0,126.84
20,3,6.0,23,16,0,consultation,3,41.64
25,1,4.0,39,15,1,blood_lab,2,98.6
9,2,3.0,13,16,6,inquiry,0,15.35
34,3,4.0,41,12,3,blood_lab,2,52.82
7,2,3.0,10,17,4,inquiry,0,11.72
32,3,4.0,46,14,6,blood_lab,0,54.98
25,4,3.0,26,11,2,inquiry,1,18.8
33,2,10.0,44,9,0,registration,1,189.66
4,2,4.0,8,11,4,blood_lab,1,9.67
29,2,6.0,35,10,5,consultation,1,86.28
34,2,3.0,45,13,1,inquiry,0,64.76
30,4,8.5,37,16,1,certificate,0,66.06
33,3,8.5,46,8,1,certificate,1,93.56
8,4,6.0,9,12,5,consultation,1,15.42
0,3,3.0,10,11,3,inquiry,0,1.84
24,1,3.0,25,12,0,inquiry,3,98.16
28,4,10.0,30,17,1,registration,1,69.44
16,4,4.0,17,11,2,blood_lab,0,16.38
13,4,6.0,24,16,3,consultation,2,14.47
30,3,3.0,32,8,5,inquiry,3,28.13
11,1,6.0,13,9,0,consultation,0,72.31
2,4,6.0,11,15,6,consultation,0,2.3
25,2,3.0,28,14,3,inquiry,2,44.0
12,2,6.0,24,15,5,consultation,1,34.96
22,2,6.0,31,14,3,consultation,0,82.94
13,1,4.0,15,13,4,blood_lab,1,73.32
28,3,4.0,30,15,5,blood_lab,2,35.12
9,3,6.0,14,9,2,consultation,3,15.34
10,1,3.0,11,16,6,inquiry,3,27.06
26,1,6.0,38,13,4,consultation,0,224.58
16,4,6.0,29,12,1,consultation,1,28.26
31,1,8.5,44,10,5,certificate,2,261.91
32,2,4.0,43,17,6,blood_lab,2,60.36
10,4,8.5,16,13,6,certificate,2,20.86
9,1,6.0,23,15,2,consultation,2,50.44
17,2,6.0,20,8,1,consultation,1,47.54
11,2,10.0,22,15,3,registration,3,50.35
2,2,6.0,9,16,4,consultation,0,8.46
15,4,6.0,26,10,0,consultation,1,24.24
19,1,3.0,28,9,5,inquiry,2,54.14
2,2,10.0,6,9,2,registration,3,5.49
32,2,8.5,39,9,0,certificate,3,152.3
30,2,6.0,43,11,3,consultation,3,106.91
22,1,3.0,35,17,6,inquiry,2,65.37
0,1,8.5,7,12,3,certificate,0,0.98
33,3,8.5,37,13,3,certificate,3,114.77
12,1,4.0,24,9,0,blood_lab,1,56.37
7,2,8.5,16,15,1,certificate,2,28.12
2,1,4.0,15,16,6,blood_lab,0,9.19
7,3,10.0,20,12,4,registration,2,33.02
18,3,6.0,32,17,0,consultation,0,39.19
8,2,4.0,16,15,0,blood_lab,2,16.61
8,4,6.0,19,8,5,consultation,3,7.22
8,1,3.0,20,15,2,inquiry,0,23.01
34,1,8.5,38,12,3,certificate,1,360.18
8,4,3.0,13,9,5,inquiry,3,4.81
4,4,3.0,11,13,5,inquiry,1,0.5
27,3,3.0,30,8,4,inquiry,0,29.77
21,4,6.0,23,15,1,consultation,1,32.49
9,1,6.0,21,8,3,consultation,0,53.01
12,1,3.0,24,13,1,inquiry,0,43.25
24,3,4.0,35,13,6,blood_lab,2,37.42
2,3,10.0,15,9,0,registration,3,6.87
26,2,3.0,36,16,5,inquiry,0,38.15
24,1,10.0,30,14,3,registration,0,299.17
9,3,6.0,21,9,2,consultation,1,14.15
1,3,6.0,12,16,0,consultation,1,0.5
9,3,4.0,19,9,1,blood_lab,2,10.16
24,3,10.0,31,12,6,registration,3,97.02
5,2,10.0,6,10,2,registration,0,28.39
9,3,8.5,18,17,3,certificate,3,20.97
19,1,4.0,30,17,4,blood_lab,2,85.83
3,1,3.0,9,12,2,inquiry,0,11.9
18,2,3.0,19,14,6,inquiry,3,28.7
3,1,3.0,15,9,6,inquiry,0,13.21
17,2,6.0,20,12,3,consultation,0,65.96
0,1,4.0,1,15,6,blood_lab,2,0.5
4,3,6.0,8,8,5,consultation,3,2.46
0,3,10.0,6,15,1,registration,0,1.66
16,2,8.5,23,17,2,certificate,3,64.52
8,2,4.0,22,8,0,blood_lab,0,16.46
23,4,8.5,26,13,5,certificate,3,54.87
2,4,10.0,10,16,2,registration,1,4.47
23,2,3.0,33,15,1,inquiry,2,29.78
20,3,6.0,23,9,0,consultation,1,41.05
21,3,4.0,32,15,4,blood_lab,3,24.84
20,4,6.0,34,11,3,consultation,0,35.65
33,3,8.5,43,10,0,certificate,2,105.39
6,3,6.0,10,8,2,consultation,2,8.79
33,2,8.5,41,14,2,certificate,1,172.81
14,1,6.0,20,9,6,consultation,1,79.05
29,4,8.5,37,12,0,certificate,3,81.52
14,4,4.0,15,16,3,blood_lab,2,9.28
2,4,6.0,11,11,2,consultation,2,0.5
23,1,6.0,27,13,5,consultation,2,173.1
4,4,10.0,8,13,6,registration,1,9.82
32,1,8.5,46,15,6,certificate,0,271.59
15,4,10.0,17,17,6,registration,0,36.89
14,4,4.0,26,16,6,blood_lab,2,8.8
22,4,6.0,24,16,3,consultation,1,29.2
31,1,4.0,34,15,2,blood_lab,1,122.47
21,2,8.5,35,9,6,certificate,1,85.84
11,3,3.0,20,13,2,inquiry,3,12.0
32,2,6.0,34,13,0,consultation,2,136.38
18,4,8.5,32,16,1,certificate,3,34.38
23,4,10.0,28,14,5,registration,0,74.35
3,2,3.0,7,8,4,inquiry,3,1.89
16,1,4.0,23,10,3,blood_lab,1,63.08
12,3,10.0,24,15,4,registration,2,47.54
1,2,6.0,8,16,6,consultation,3,0.96
18,2,8.5,23,16,4,certificate,3,84.31
13,4,4.0,14,11,3,blood_lab,1,14.42
4,2,3.0,10,13,5,inquiry,1,6.87
11,4,8.5,21,11,1,certificate,3,28.51
28,4,6.0,29,10,0,consultation,2,43.59
13,1,10.0,26,9,2,registration,2,126.01
28,1,6.0,35,10,5,consultation,3,163.99
23,2,10.0,25,15,0,registration,2,131.21
25,2,3.0,29,15,1,inquiry,3,32.42
17,3,6.0,18,8,1,consultation,3,29.02
30,2,3.0,42,10,5,inquiry,0,43.3
0,2,3.0,8,12,4,inquiry,2,0.5
23,2,3.0,36,12,4,inquiry,3,44.99
2,1,8.5,11,8,1,certificate,0,13.66
19,1,10.0,28,9,2,registration,3,182.49
34,2,10.0,40,9,5,registration,1,167.65
12,2,8.5,17,14,4,certificate,2,69.54
2,2,3.0,12,13,1,inquiry,3,0.5
27,4,8.5,36,17,4,certificate,2,60.63
20,4,10.0,25,14,0,registration,3,66.81
26,4,8.5,37,13,1,certificate,3,67.99
7,2,10.0,12,11,5,registration,1,42.45
16,1,6.0,23,8,4,consultation,0,111.18
5,1,10.0,19,10,0,registration,2,57.36
29,2,10.0,41,17,1,registration,3,142.34
6,3,6.0,10,8,2,consultation,2,12.52
30,2,3.0,44,12,6,inquiry,0,55.12
18,2,6.0,27,17,6,consultation,0,55.89
31,1,6.0,44,16,0,consultation,1,215.87
5,1,8.5,8,9,1,certificate,1,40.82
2,4,4.0,7,15,5,blood_lab,1,1.24
27,4,3.0,28,9,3,inquiry,2,16.66
5,2,8.5,17,14,1,certificate,2,22.91
18,3,4.0,29,11,6,blood_lab,3,27.18
13,2,8.5,19,16,1,certificate,0,54.45
25,2,8.5,27,16,0,certificate,1,122.74
33,2,4.0,40,13,2,blood_lab,3,79.62
24,3,10.0,29,17,3,registration,0,80.51
9,3,3.0,23,12,0,inquiry,0,14.1
17,1,10.0,23,12,1,registration,3,208.89
30,2,3.0,38,13,2,inquiry,1,50.32
2,4,3.0,9,15,6,inquiry,0,1.25
28,1,6.0,42,15,5,consultation,3,164.81
34,4,4.0,42,11,0,blood_lab,3,46.0
16,3,10.0,25,16,0,registration,2,57.21
19,1,3.0,25,8,4,inquiry,1,61.65
9,3,8.5,12,8,4,certificate,0,27.56
9,3,4.0,16,17,0,blood_lab,1,12.08
33,1,4.0,38,10,1,blood_lab,2,127.27
31,3,6.0,37,9,0,consultation,1,69.71
17,1,4.0,19,11,6,blood_lab,2,80.94
22,2,10.0,30,16,5,registration,3,105.25
31,4,3.0,41,17,2,inquiry,0,20.98
25,4,8.5,38,12,4,certificate,3,73.01
12,1,6.0,24,13,6,consultation,2,85.71
11,2,4.0,17,16,3,blood_lab,0,20.98
2,2,10.0,10,17,6,registration,0,11.46
13,1,6.0,24,16,3,consultation,1,80.08
32,1,4.0,33,8,5,blood_lab,2,126.84
14,4,8.5,20,11,0,certificate,2,40.18
34,4,8.5,48,16,0,certificate,0,80.21
31,4,4.0,43,17,6,blood_lab,2,28.51
29,1,3.0,36,12,4,inquiry,3,118.05
16,2,10.0,18,17,2,registration,1,76.48
2,2,3.0,14,9,5,inquiry,2,0.5
5,1,3.0,9,17,3,inquiry,1,15.39
4,3,3.0,14,9,6,inquiry,0,2.27
14,1,3.0,17,17,3,inquiry,2,37.86
16,1,10.0,18,8,3,registration,1,160.53
8,3,4.0,12,8,6,blood_lab,1,7.69
29,4,4.0,34,10,4,blood_lab,1,30.97
12,3,6.0,18,13,1,consultation,1,30.37
10,3,10.0,18,15,6,registration,3,30.61
33,3,8.5,37,16,5,certificate,3,90.96
31,4,8.5,43,8,3,certificate,1,65.82
33,3,6.0,36,9,4,consultation,3,69.22
34,3,6.0,40,17,6,consultation,2,67.5
18,1,3.0,32,12,4,inquiry,1,75.62
25,1,4.0,36,11,3,blood_lab,0,124.96
20,2,4.0,29,9,2,blood_lab,0,40.15
0,4,8.5,12,12,0,certificate,2,0.5
21,3,10.0,22,15,3,registration,2,67.33
16,3,8.5,18,11,3,certificate,0,56.6
21,4,6.0,34,10,0,consultation,3,31.32
29,4,3.0,39,14,1,inquiry,1,25.82
29,4,3.0,30,9,5,inquiry,2,18.56
32,3,8.5,34,13,2,certificate,3,109.82
25,1,10.0,39,8,2,registration,0,249.73
4,2,6.0,17,9,1,consultation,0,10.03
1,4,8.5,13,11,2,certificate,0,2.42
26,2,8.5,36,13,4,certificate,1,156.77
29,1,3.0,33,14,1,inquiry,3,102.08
21,1,3.0,25,15,2,inquiry,2,59.55
21,4,8.5,22,13,0,certificate,3,60.34
25,2,10.0,36,8,1,registration,0,125.68
31,1,3.0,37,16,0,inquiry,3,102.68
21,3,8.5,25,16,5,certificate,2,56.61
8,1,6.0,10,16,4,consultation,3,49.39
23,1,10.0,34,17,1,registration,1,230.36
19,2,10.0,29,17,0,registration,0,111.33
12,3,3.0,24,13,3,inquiry,3,12.4
1,3,6.0,5,12,6,consultation,2,0.5
16,2,8.5,20,15,1,certificate,3,64.28
13,3,3.0,24,15,4,inquiry,3,12.94
14,3,3.0,28,14,6,inquiry,1,14.88
3,3,4.0,6,8,5,blood_lab,2,1.9
5,2,4.0,17,10,5,blood_lab,2,9.55
11,4,3.0,22,14,4,inquiry,3,6.07
8,4,8.5,17,8,1,certificate,0,19.4
15,2,8.5,26,13,3,certificate,0,81.77
3,4,10.0,7,9,0,registration,3,4.29
17,3,3.0,20,14,5,inquiry,2,16.9
12,3,6.0,20,12,4,consultation,2,30.34
12,2,4.0,24,13,5,blood_lab,2,24.18
30,4,4.0,35,16,2,blood_lab,1,29.0
6,2,3.0,9,14,3,inquiry,1,11.89
29,4,10.0,43,17,0,registration,2,78.76
26,1,6.0,36,12,6,consultation,0,194.96
7,4,4.0,16,13,1,blood_lab,2,6.61
21,3,4.0,35,9,4,blood_lab,3,26.45
5,1,6.0,12,16,1,consultation,2,28.26
21,4,6.0,28,17,4,consultation,1,35.55
0,2,6.0,11,11,2,consultation,0,0.65
20,3,10.0,29,10,3,registration,3,63.99
18,1,4.0,27,12,1,blood_lab,0,92.81
34,4,4.0,44,16,0,blood_lab,2,34.88
27,3,10.0,37,14,5,registration,3,105.18
34,2,3.0,44,16,1,inquiry,2,48.27
24,3,3.0,29,14,2,inquiry,2,26.93
24,4,6.0,25,13,3,consultation,3,42.16
1,1,4.0,15,17,2,blood_lab,0,4.63
0,2,6.0,4,14,5,consultation,2,0.5
24,4,4.0,31,12,5,blood_lab,1,30.94
11,4,3.0,16,8,6,inquiry,0,11.3
26,1,10.0,28,15,1,registration,2,256.8
34,3,6.0,45,10,1,consultation,1,66.53
23,4,8.5,25,9,1,certificate,1,45.74
16,2,4.0,30,8,6,blood_lab,3,29.85
15,4,4.0,22,13,1,blood_lab,1,16.02
3,3,6.0,7,14,1,consultation,3,3.95
10,3,6.0,14,8,1,consultation,1,20.4
7,3,4.0,13,13,0,blood_lab,3,7.68
30,2,8.5,31,16,3,certificate,3,123.44
32,2,4.0,38,17,1,blood_lab,3,57.48
14,4,10.0,25,9,3,registration,1,31.94
31,4,6.0,42,13,3,consultation,1,55.24
30,1,8.5,35,13,5,certificate,1,321.67
28,1,10.0,39,13,6,registration,0,351.87
12,2,10.0,14,9,1,registration,2,57.13
10,2,6.0,20,16,2,consultation,0,30.18
5,3,10.0,8,17,6,registration,2,12.84
15,3,8.5,28,10,0,certificate,2,44.76
16,2,10.0,23,16,1,registration,3,76.69
18,2,10.0,29,11,2,registration,2,111.4
9,4,6.0,11,14,6,consultation,2,15.14
2,3,3.0,3,14,1,inquiry,2,0.5
5,3,8.5,18,16,5,certificate,2,11.25
23,2,3.0,33,14,1,inquiry,3,40.71
17,1,3.0,23,9,0,inquiry,2,56.0
8,1,3.0,20,8,2,inquiry,2,20.01
5,3,8.5,9,17,5,certificate,0,16.34
18,1,6.0,24,10,5,consultation,0,104.74
11,4,10.0,19,9,3,registration,0,27.03
3,1,4.0,12,10,6,blood_lab,3,8.38
8,2,10.0,11,17,4,registration,3,40.23
15,2,10.0,23,15,5,registration,0,74.63
34,1,6.0,35,17,0,consultation,0,233.62
29,2,6.0,31,15,6,consultation,0,88.49
26,3,4.0,33,12,2,blood_lab,2,41.56
1,3,4.0,4,11,3,blood_lab,3,0.5
14,4,6.0,15,14,6,consultation,2,24.27
4,4,4.0,6,14,5,blood_lab,1,6.23
6,4,8.5,16,12,6,certificate,3,12.08
19,4,6.0,30,15,6,consultation,1,28.84
22,2,6.0,27,15,2,consultation,2,62.61
28,1,4.0,36,14,4,blood_lab,3,153.43
23,4,3.0,34,17,2,inquiry,1,12.22
34,4,4.0,45,17,6,blood_lab,2,29.96
16,2,8.5,18,15,2,certificate,1,66.18
1,3,4.0,2,16,3,blood_lab,1,0.5
23,4,8.5,32,17,2,certificate,1,47.45
13,2,3.0,20,17,0,inquiry,0,24.35
14,4,4.0,28,16,4,blood_lab,0,18.36
20,2,3.0,28,8,1,inquiry,3,26.51
13,3,4.0,24,12,5,blood_lab,3,18.56
9,3,10.0,11,15,3,registration,1,30.04
31,3,3.0,34,10,4,inquiry,2,33.77
26,1,10.0,39,14,5,registration,2,323.73
13,4,4.0,23,11,3,blood_lab,1,15.73
27,2,10.0,37,13,6,registration,0,166.49
6,1,8.5,9,11,1,certificate,2,60.33
15,4,3.0,25,14,3,inquiry,1,11.17
5,4,4.0,6,14,6,blood_lab,3,1.42
33,1,10.0,43,11,2,registration,0,414.44
32,3,4.0,36,14,5,blood_lab,1,49.78
26,2,3.0,32,8,4,inquiry,1,45.89
5,2,3.0,6,15,1,inquiry,0,8.33
6,4,8.5,20,16,3,certificate,2,12.0
21,2,10.0,23,15,5,registration,2,102.57
6,2,10.0,17,12,5,registration,3,34.54
32,1,4.0,38,16,3,blood_lab,1,124.97
31,1,3.0,33,8,4,inquiry,0,107.22
9,3,8.5,18,16,4,certificate,3,25.98
19,3,8.5,20,16,2,certificate,0,54.65
11,1,10.0,23,10,3,registration,0,109.85
9,1,6.0,23,11,4,consultation,3,74.64
3,2,6.0,4,12,4,consultation,0,13.42
18,1,3.0,20,9,0,inquiry,2,58.03
8,1,8.5,11,17,4,certificate,1,75.94
29,3,3.0,32,11,1,inquiry,1,33.47
19,2,8.5,22,15,2,certificate,1,79.74
29,3,3.0,39,10,2,inquiry,3,25.81
28,2,10.0,32,8,3,registration,3,136.72
10,4,4.0,14,12,5,blood_lab,1,12.72
32,4,6.0,38,13,0,consultation,1,68.65
34,2,4.0,42,13,3,blood_lab,3,82.07
2,1,4.0,7,13,5,blood_lab,1,8.66
18,2,3.0,26,14,2,inquiry,3,30.3
26,3,10.0,38,14,0,registration,1,122.14
29,2,8.5,38,15,1,certificate,2,120.1
31,3,8.5,34,12,6,certificate,2,104.08
12,2,10.0,15,10,4,registration,2,65.25
1,3,8.5,11,13,3,certificate,2,0.5
10,4,4.0,19,13,1,blood_lab,0,11.21
23,4,4.0,28,8,2,blood_lab,3,16.4
15,2,10.0,29,17,3,registration,1,73.24
30,2,6.0,32,9,0,consultation,0,102.05
20,1,6.0,24,17,0,consultation,0,137.57
11,3,6.0,18,14,2,consultation,2,22.76
25,3,3.0,37,14,3,inquiry,3,26.19
29,2,6.0,37,12,2,consultation,1,109.71
31,4,8.5,44,8,6,certificate,0,66.44
15,3,4.0,28,14,5,blood_lab,2,22.77
16,2,8.5,29,16,5,certificate,1,69.56
34,2,8.5,48,10,6,certificate,0,146.34
21,2,8.5,35,14,5,certificate,1,110.02
2,1,4.0,10,17,2,blood_lab,1,8.76
27,2,3.0,38,9,6,inquiry,0,40.38
16,2,4.0,20,15,2,blood_lab,3,23.49
14,3,4.0,27,16,1,blood_lab,0,19.34
5,4,6.0,14,14,3,consultation,1,2.49
6,4,3.0,14,15,1,inquiry,1,1.17
17,2,8.5,21,12,3,certificate,2,86.87
12,1,6.0,24,17,3,consultation,3,67.87
29,3,8.5,32,13,1,certificate,2,99.28
6,2,10.0,18,14,1,registration,3,34.61
22,1,6.0,24,14,2,consultation,1,160.51
4,3,4.0,6,15,5,blood_lab,3,0.5
32,4,6.0,43,9,1,consultation,3,41.44
30,2,3.0,44,12,0,inquiry,2,62.37
24,3,8.5,38,16,4,certificate,2,73.39
11,1,8.5,25,16,3,certificate,3,90.23
34,1,6.0,40,17,5,consultation,2,202.63
16,1,4.0,22,17,4,blood_lab,3,71.41
16,1,4.0,22,17,4,blood_lab,0,71.48
25,1,3.0,36,17,3,inquiry,2,73.13
33,1,8.5,38,13,4,certificate,1,400.13
1,3,6.0,6,8,2,consultation,3,0.5
1,3,3.0,2,10,3,inquiry,0,0.5
20,4,3.0,26,8,1,inquiry,0,15.16
23,4,4.0,29,16,5,blood_lab,2,23.38
23,2,4.0,32,10,0,blood_lab,3,47.48
25,4,3.0,37,15,4,inquiry,2,17.7
18,4,6.0,23,14,4,consultation,3,33.24
17,2,3.0,19,10,0,inquiry,1,28.51
16,3,8.5,26,11,5,certificate,3,51.81
31,2,4.0,34,15,0,blood_lab,3,66.65
15,4,8.5,19,14,5,certificate,2,39.21
23,1,6.0,30,11,0,consultation,2,194.85
0,1,8.5,9,12,4,certificate,1,0.5
8,4,8.5,12,15,6,certificate,2,13.85
9,4,10.0,23,16,2,registration,3,18.4
2,2,3.0,7,11,4,inquiry,0,5.5
21,2,3.0,23,8,0,inquiry,2,35.76
3,4,8.5,9,8,0,certificate,0,2.34
22,3,8.5,25,8,1,certificate,1,64.56
31,2,8.5,40,14,6,certificate,1,164.72
7,4,3.0,16,9,5,inquiry,3,5.26
15,1,10.0,20,11,5,registration,0,188.84
13,4,8.5,27,17,1,certificate,1,26.25
33,3,3.0,45,17,6,inquiry,0,33.08
16,1,6.0,30,11,0,consultation,3,133.61
18,1,6.0,27,12,3,consultation,0,135.41
25,4,10.0,26,12,4,registration,0,87.99
26,1,6.0,31,14,1,consultation,2,194.67
10,2,8.5,15,9,5,certificate,2,38.28
16,4,3.0,25,17,4,inquiry,1,12.73
8,3,3.0,15,16,1,inquiry,3,2.73
23,4,4.0,32,8,0,blood_lab,3,20.32
23,1,8.5,37,15,1,certificate,2,192.29
15,1,8.5,29,12,4,certificate,1,183.16
24,2,4.0,37,8,0,blood_lab,3,54.25
25,1,10.0,30,14,0,registration,3,354.73
21,4,10.0,27,17,6,registration,2,49.01
7,1,6.0,20,9,1,consultation,1,41.98
22,3,6.0,34,10,2,consultation,0,42.42
24,1,4.0,34,8,6,blood_lab,2,92.08
19,4,4.0,21,17,5,blood_lab,1,18.66
28,2,10.0,35,16,3,registration,3,139.2
15,3,10.0,28,13,4,registration,3,68.91
22,4,6.0,24,10,3,consultation,1,31.42
18,2,8.5,23,12,1,certificate,1,91.77
32,3,3.0,44,14,2,inquiry,0,41.77
32,1,8.5,42,16,5,certificate,1,268.77
17,2,3.0,20,10,5,inquiry,2,22.02
31,1,6.0,35,8,0,consultation,2,211.43
24,4,10.0,33,17,4,registration,0,67.87
20,2,3.0,31,10,1,inquiry,1,29.13
28,3,4.0,38,8,2,blood_lab,0,36.13
19,4,8.5,23,14,0,certificate,0,58.69
12,2,3.0,21,17,4,inquiry,1,18.2
31,3,8.5,37,8,4,certificate,3,96.19
9,2,3.0,16,12,6,inquiry,2,15.02
13,4,8.5,17,11,2,certificate,0,35.26
30,3,6.0,38,17,1,consultation,3,56.1
20,4,8.5,26,15,0,certificate,0,48.14
0,1,4.0,1,10,1,blood_lab,2,0.5
7,2,3.0,11,11,3,inquiry,1,9.72
27,2,6.0,33,8,0,consultation,3,86.94
4,1,3.0,18,13,6,inquiry,2,13.67
16,3,10.0,25,13,4,registration,0,77.98
9,4,3.0,21,15,2,inquiry,3,3.2
29,3,3.0,43,12,4,inquiry,0,45.38
20,1,3.0,27,15,6,inquiry,1,56.54
34,2,6.0,39,16,2,consultation,0,104.27
19,1,3.0,32,14,5,inquiry,0,71.7
21,4,3.0,27,10,0,inquiry,2,18.98
10,4,8.5,20,17,1,certificate,1,17.94
16,4,8.5,26,17,4,certificate,0,40.96
23,2,6.0,28,10,4,consultation,2,77.38
32,4,10.0,46,11,0,registration,1,113.68
17,3,3.0,20,8,0,inquiry,2,13.41
16,3,3.0,18,12,6,inquiry,2,16.16
15,3,4.0,24,13,0,blood_lab,2,25.67
11,2,10.0,24,9,5,registration,1,56.34
15,1,6.0,19,17,5,consultation,2,89.47
28,4,8.5,36,15,5,certificate,1,56.63
22,4,3.0,32,10,2,inquiry,0,19.45
18,3,3.0,22,9,4,inquiry,0,18.62
6,1,3.0,8,16,1,inquiry,1,19.64
5,3,3.0,8,17,4,inquiry,0,7.01
15,4,6.0,21,17,6,consultation,1,22.35
27,4,6.0,38,15,6,consultation,2,37.69
33,2,10.0,37,17,2,registration,1,164.68
29,4,3.0,40,13,1,inquiry,0,26.89
20,1,8.5,30,12,4,certificate,1,244.08
22,1,10.0,28,11,3,registration,3,272.6
31,3,3.0,39,15,6,inquiry,0,30.12
16,1,4.0,17,10,2,blood_lab,0,62.99
9,4,6.0,19,17,1,consultation,2,11.36
0,4,4.0,9,15,6,blood_lab,3,0.5
10,2,10.0,14,14,2,registration,2,62.13
22,1,6.0,35,8,1,consultation,1,130.85
3,4,8.5,7,16,0,certificate,0,10.2
22,4,10.0,34,12,1,registration,2,65.7
3,2,6.0,10,16,0,consultation,1,8.51
27,1,3.0,37,10,2,inquiry,2,78.18
15,3,10.0,22,16,0,registration,2,54.16
23,4,6.0,25,15,2,consultation,2,31.47
24,3,4.0,35,12,3,blood_lab,0,37.98
15,3,4.0,26,17,1,blood_lab,3,16.18
12,3,10.0,14,15,4,registration,2,43.31
22,1,10.0,30,17,4,registration,0,253.24
2,1,4.0,7,11,5,blood_lab,0,11.29
6,1,10.0,10,13,2,registration,3,69.43
18,2,4.0,31,12,2,blood_lab,2,41.48
27,3,4.0,32,17,5,blood_lab,1,36.42
1,1,3.0,12,11,5,inquiry,3,1.94
28,2,3.0,38,15,0,inquiry,3,43.56
3,3,10.0,7,11,5,registration,2,11.32
20,2,10.0,34,15,6,registration,3,96.18
28,4,4.0,41,14,1,blood_lab,0,33.49
3,1,4.0,13,10,1,blood_lab,3,7.89
26,4,10.0,27,8,4,registration,1,74.01
19,3,3.0,33,16,2,inquiry,3,15.11
1,3,10.0,14,8,0,registration,1,4.28
30,3,10.0,39,13,3,registration,3,121.98
12,1,6.0,17,12,3,consultation,0,89.71
30,1,3.0,31,12,4,inquiry,0,127.44
14,1,10.0,26,9,3,registration,0,137.95
0,3,8.5,7,17,0,certificate,0,2.47
5,3,4.0,14,15,5,blood_lab,3,1.85
17,3,10.0,23,14,3,registration,3,69.51
14,3,6.0,28,8,6,consultation,0,27.54
29,2,6.0,32,9,5,consultation,3,86.78
23,4,6.0,35,9,5,consultation,2,31.37
4,3,10.0,18,15,5,registration,2,9.14
28,1,10.0,42,14,4,registration,1,404.08
3,1,8.5,10,11,4,certificate,3,34.49
5,4,3.0,19,13,3,inquiry,1,0.5
8,4,8.5,15,13,0,certificate,1,23.15
15,1,4.0,16,10,3,blood_lab,3,55.46
30,4,3.0,40,8,0,inquiry,3,21.32
24,3,10.0,37,10,3,registration,1,79.32
27,4,4.0,30,17,5,blood_lab,0,24.98
28,4,10.0,31,11,0,registration,0,99.67
9,2,3.0,23,15,0,inquiry,2,14.37
20,2,3.0,31,8,2,inquiry,3,22.67
20,1,6.0,28,9,4,consultation,2,134.27
21,4,10.0,35,14,0,registration,3,69.26
31,4,4.0,32,9,3,blood_lab,2,24.86
1,1,10.0,3,14,1,registration,2,11.55
29,3,3.0,38,11,6,inquiry,0,35.28
21,1,8.5,31,16,2,certificate,0,179.93
6,1,8.5,7,15,0,certificate,2,55.79
31,4,4.0,39,11,1,blood_lab,2,37.01
7,2,8.5,12,13,4,certificate,1,42.5
8,3,4.0,11,9,6,blood_lab,1,11.05
19,1,8.5,25,12,5,certificate,2,201.06
21,3,10.0,25,8,4,registration,0,79.85
23,3,6.0,31,12,5,consultation,1,56.8
21,4,8.5,24,13,1,certificate,0,54.63
1,2,6.0,11,17,4,consultation,1,0.5
16,3,8.5,21,9,3,certificate,3,42.72
32,4,3.0,46,16,4,inquiry,3,24.97
28,1,4.0,36,13,3,blood_lab,1,137.38
19,1,3.0,28,12,3,inquiry,2,66.5
16,3,4.0,27,14,6,blood_lab,1,21.65
1,2,4.0,14,15,6,blood_lab,0,2.05
13,1,6.0,22,13,2,consultation,0,100.35
25,3,4.0,38,14,4,blood_lab,1,46.73
12,3,4.0,25,16,4,blood_lab,0,17.34
30,4,10.0,31,16,4,registration,3,83.24
6,4,6.0,7,11,1,consultation,1,11.5
2,3,3.0,14,17,6,inquiry,1,0.74
2,2,3.0,12,12,1,inquiry,1,5.38
17,1,3.0,22,12,3,inquiry,3,57.44
0,3,4.0,4,11,1,blood_lab,1,0.5
2,3,3.0,3,10,3,inquiry,3,0.5
1,4,3.0,12,16,3,inquiry,3,0.5
0,1,6.0,14,12,5,consultation,3,0.5
30,3,3.0,43,12,1,inquiry,3,33.25
16,1,3.0,21,9,3,inquiry,1,46.76
15,3,10.0,24,8,3,registration,1,46.27
21,4,4.0,28,16,5,blood_lab,1,20.96
14,3,4.0,21,12,4,blood_lab,0,25.11
12,2,3.0,18,13,3,inquiry,3,17.12
27,3,10.0,34,15,2,registration,0,90.33
9,2,4.0,21,11,3,blood_lab,3,16.23
20,2,10.0,29,11,0,registration,0,144.32
8,1,8.5,10,13,0,certificate,3,92.18
10,4,6.0,21,11,0,consultation,3,17.87
6,3,4.0,19,17,4,blood_lab,3,0.86
23,4,8.5,37,12,4,certificate,3,69.54
12,4,8.5,19,13,1,certificate,2,28.6
33,4,3.0,41,14,2,inquiry,0,29.76
3,1,3.0,10,8,0,inquiry,2,5.29
16,3,10.0,30,9,2,registration,3,50.18
19,3,3.0,29,13,4,inquiry,1,25.27
32,3,6.0,38,11,2,consultation,3,73.55
24,4,6.0,35,10,6,consultation,0,36.15
21,1,6.0,24,12,3,consultation,3,150.51
15,3,3.0,23,15,5,inquiry,1,17.85
6,2,8.5,12,13,4,certificate,2,33.6
2,1,8.5,12,10,5,certificate,1,16.73
33,1,4.0,44,15,3,blood_lab,0,131.55
19,1,4.0,30,14,4,blood_lab,3,106.06
16,4,4.0,29,13,3,blood_lab,0,22.22
2,1,6.0,15,16,1,consultation,0,11.16
20,4,3.0,26,9,3,inquiry,3,11.93
11,4,4.0,22,12,3,blood_lab,2,9.57
30,4,4.0,38,16,4,blood_lab,3,27.67
34,4,8.5,47,14,4,certificate,1,100.67
16,3,3.0,21,15,0,inquiry,2,15.6
11,3,6.0,14,9,6,consultation,2,17.29
26,3,10.0,36,13,1,registration,2,103.77
29,3,3.0,36,16,0,inquiry,3,27.89
14,2,8.5,28,17,2,certificate,0,60.08
25,1,4.0,39,17,1,blood_lab,0,99.7
11,2,8.5,24,15,2,certificate,1,44.11
30,4,6.0,36,10,4,consultation,2,49.73
3,1,3.0,16,10,6,inquiry,3,6.77
29,2,4.0,33,9,1,blood_lab,0,58.2
16,2,8.5,19,9,2,certificate,1,64.62
33,4,10.0,45,8,2,registration,1,81.58
6,1,4.0,19,12,0,blood_lab,1,32.16
28,3,4.0,39,12,3,blood_lab,3,41.98
34,4,4.0,47,13,5,blood_lab,2,37.44
6,4,6.0,17,9,0,consultation,0,13.77
32,2,3.0,35,14,3,inquiry,0,58.97
30,2,10.0,33,8,2,registration,1,148.21
18,4,10.0,23,14,4,registration,1,62.25
6,1,8.5,14,15,6,certificate,0,50.77
26,2,6.0,28,11,0,consultation,1,110.29
15,2,3.0,22,12,0,inquiry,1,27.12
16,4,3.0,28,12,0,inquiry,2,14.32
29,1,4.0,39,13,2,blood_lab,0,145.23
14,1,3.0,20,9,6,inquiry,2,39.93
21,4,10.0,29,8,1,registration,1,52.05
30,1,6.0,41,8,6,consultation,1,176.9
3,3,10.0,17,15,2,registration,3,4.84
10,3,6.0,21,17,5,consultation,3,16.13
7,1,4.0,19,10,1,blood_lab,3,25.14
19,1,6.0,33,17,3,consultation,3,109.03
17,2,8.5,30,9,3,certificate,3,69.3
13,2,4.0,27,15,6,blood_lab,1,22.11
10,4,3.0,16,13,2,inquiry,0,9.35
6,4,10.0,10,13,0,registration,3,16.05
21,1,4.0,33,16,1,blood_lab,3,81.16
13,1,10.0,22,17,0,registration,2,146.27
16,1,8.5,20,10,4,certificate,0,158.6
6,2,6.0,14,15,5,consultation,0,15.82
26,1,10.0,27,9,4,registration,2,297.63
19,3,3.0,27,15,2,inquiry,2,16.24
14,4,6.0,15,12,2,consultation,2,22.33
21,1,8.5,29,15,1,certificate,2,175.58
23,3,3.0,24,15,2,inquiry,3,17.51
12,3,3.0,21,10,1,inquiry,3,7.98
17,2,8.5,19,14,6,certificate,2,84.68
23,2,8.5,25,12,5,certificate,1,122.73
21,2,6.0,27,17,1,consultation,2,60.07
0,2,6.0,4,9,2,consultation,3,0.5
18,1,3.0,20,8,0,inquiry,1,62.91
14,2,3.0,20,14,1,inquiry,1,24.31
21,3,6.0,35,13,4,consultation,2,53.39
6,4,10.0,20,10,2,registration,2,11.77
26,1,8.5,40,13,6,certificate,0,278.59
2,1,8.5,15,12,6,certificate,3,15.32
15,4,10.0,27,9,2,registration,0,38.93
18,4,8.5,21,9,2,certificate,1,38.44
27,2,6.0,39,10,0,consultation,3,91.12
9,2,8.5,17,13,1,certificate,3,45.7
14,3,6.0,22,17,1,consultation,1,27.2
20,4,4.0,34,13,6,blood_lab,2,23.79
13,3,10.0,17,12,3,registration,3,50.09
24,4,4.0,30,15,2,blood_lab,3,18.4
27,4,8.5,38,14,1,certificate,2,67.76
33,3,10.0,46,14,6,registration,0,134.83
33,4,8.5,46,12,6,certificate,1,84.81
10,2,3.0,18,8,1,inquiry,1,11.98
34,2,4.0,46,15,3,blood_lab,0,67.04
16,2,4.0,20,14,5,blood_lab,0,39.61
23,2,8.5,34,15,4,certificate,2,108.23
3,1,10.0,17,15,1,registration,3,24.6
3,4,3.0,8,10,0,inquiry,3,0.5
5,3,4.0,13,14,3,blood_lab,3,4.12
32,1,10.0,40,17,4,registration,0,368.65
11,1,6.0,16,12,5,consultation,1,83.03
28,3,10.0,42,9,5,registration,1,91.97
16,3,10.0,26,14,2,registration,3,61.21
30,3,3.0,37,12,5,inquiry,3,32.34
15,2,4.0,23,8,2,blood_lab,1,26.22
11,1,8.5,24,10,2,certificate,1,87.83
4,4,10.0,17,13,1,registration,1,9.56
27,3,3.0,28,10,0,inquiry,1,28.42
7,4,10.0,10,11,1,registration,1,18.61
24,4,3.0,28,13,3,inquiry,1,20.6
27,3,3.0,34,15,2,inquiry,2,23.87
17,2,8.5,22,17,6,certificate,0,74.39
13,2,4.0,15,8,1,blood_lab,1,24.85
8,1,10.0,12,17,6,registration,2,73.66
7,1,4.0,9,12,3,blood_lab,2,31.41
18,4,6.0,29,12,1,consultation,0,35.49
32,3,6.0,46,9,6,consultation,0,60.18
14,1,3.0,25,11,6,inquiry,0,55.77
22,3,6.0,24,9,6,consultation,0,44.35
16,1,4.0,30,14,2,blood_lab,0,79.89
17,1,6.0,31,11,1,consultation,2,124.07
21,1,3.0,32,12,2,inquiry,3,74.4
16,2,4.0,30,9,3,blood_lab,0,31.7
33,1,4.0,38,13,0,blood_lab,3,190.02
30,1,8.5,36,12,6,certificate,1,319.11
34,1,4.0,48,9,3,blood_lab,2,135.71
34,3,10.0,46,10,5,registration,1,111.1
5,2,10.0,16,10,3,registration,0,24.39
17,1,6.0,28,16,1,consultation,0,103.61
5,4,8.5,14,11,4,certificate,1,7.23
11,3,8.5,13,8,1,certificate,3,30.43
5,1,8.5,17,14,6,certificate,2,48.08
18,1,4.0,32,15,1,blood_lab,2,69.14
13,2,6.0,17,12,4,consultation,0,58.3
9,1,6.0,15,17,6,consultation,2,51.84
12,3,6.0,13,16,2,consultation,1,23.48
23,4,10.0,30,11,0,registration,3,81.54
25,3,6.0,37,12,2,consultation,2,60.59
30,1,10.0,31,9,6,registration,3,294.62
5,3,4.0,12,8,3,blood_lab,0,7.81
29,2,4.0,42,16,5,blood_lab,1,58.79
6,3,4.0,11,14,0,blood_lab,2,7.73
7,1,10.0,14,9,6,registration,2,68.16
6,4,6.0,8,16,5,consultation,3,4.82
26,2,4.0,36,15,4,blood_lab,1,60.61
31,4,3.0,37,17,5,inquiry,3,17.4
12,2,6.0,17,16,4,consultation,2,38.03
16,4,10.0,25,16,3,registration,1,38.54
16,4,10.0,26,8,0,registration,1,41.57
7,4,4.0,15,14,4,blood_lab,2,7.29
1,2,4.0,6,11,6,blood_lab,0,0.5
20,3,6.0,21,9,3,consultation,2,37.87
22,2,10.0,29,14,6,registration,0,138.02
3,2,6.0,11,8,0,consultation,3,4.54
2,4,3.0,13,11,0,inquiry,3,0.5
7,4,4.0,9,9,0,blood_lab,0,6.92
17,1,3.0,29,13,0,inquiry,1,72.63
16,3,10.0,20,14,0,registration,3,72.68
11,2,6.0,23,16,1,consultation,3,26.77
6,1,4.0,16,17,4,blood_lab,0,29.31
7,3,6.0,18,17,1,consultation,1,13.81
31,1,3.0,44,11,1,inquiry,1,115.69
20,3,3.0,21,9,2,inquiry,0,19.5
13,4,3.0,23,10,0,inquiry,0,7.51
34,4,8.5,43,8,6,certificate,2,67.65
27,2,4.0,36,14,0,blood_lab,2,73.74
7,2,3.0,9,15,3,inquiry,1,7.96
6,4,3.0,14,9,0,inquiry,1,1.88
22,1,8.5,31,12,4,certificate,3,268.0
6,2,4.0,14,17,1,blood_lab,2,9.11
0,1,8.5,5,10,1,certificate,0,4.33
22,1,6.0,24,11,6,consultation,0,167.51
31,2,8.5,42,16,2,certificate,0,132.12
31,4,8.5,34,9,4,certificate,3,69.38
15,3,4.0,17,16,1,blood_lab,3,15.96
7,4,6.0,12,9,4,consultation,1,8.4
6,4,4.0,17,17,3,blood_lab,2,3.19
23,1,8.5,25,15,6,certificate,2,191.18
29,3,6.0,31,14,0,consultation,3,78.23
26,1,3.0,39,11,4,inquiry,1,111.19
34,4,3.0,47,11,3,inquiry,0,33.08
10,1,10.0,15,15,2,registration,2,96.05
9,4,6.0,21,15,5,consultation,2,11.01
10,4,4.0,20,17,6,blood_lab,2,8.72
10,2,8.5,13,14,4,certificate,3,56.24
7,2,10.0,20,10,5,registration,1,36.39
4,4,8.5,13,10,1,certificate,2,2.9
33,3,3.0,40,17,5,inquiry,3,27.91
0,2,3.0,4,13,3,inquiry,3,0.5
25,4,4.0,35,9,0,blood_lab,3,23.94
30,4,4.0,34,13,6,blood_lab,2,34.01
11,2,10.0,19,10,5,registration,0,54.63
31,3,10.0,40,12,1,registration,2,125.28
10,3,4.0,22,15,4,blood_lab,2,10.09
28,1,4.0,30,13,6,blood_lab,1,138.34
4,2,6.0,14,12,1,consultation,3,11.61
2,3,4.0,14,15,4,blood_lab,3,0.5
15,1,8.5,27,14,5,certificate,0,159.37
24,3,3.0,37,17,5,inquiry,1,22.53
26,4,6.0,34,9,5,consultation,0,40.96
15,4,4.0,17,11,1,blood_lab,0,15.29
13,4,4.0,16,17,6,blood_lab,0,16.5
9,1,4.0,17,14,1,blood_lab,0,45.66
5,4,3.0,6,13,5,inquiry,1,1.36
14,2,3.0,22,16,4,inquiry,1,21.47
15,4,8.5,16,8,0,certificate,2,33.35
21,2,8.5,33,10,6,certificate,3,88.34
3,1,4.0,9,12,0,blood_lab,2,12.65
26,1,3.0,34,14,5,inquiry,1,97.18
21,2,4.0,28,13,4,blood_lab,3,52.42
13,4,3.0,18,13,3,inquiry,2,6.85
17,4,3.0,30,11,3,inquiry,0,13.4
31,1,8.5,43,13,2,certificate,1,323.75
19,2,10.0,28,15,3,registration,2,86.05
21,3,6.0,34,10,4,consultation,2,45.03
27,1,6.0,32,16,6,consultation,0,158.77
30,4,3.0,38,9,6,inquiry,1,18.79
24,3,10.0,25,11,6,registration,0,98.84
16,4,10.0,20,10,5,registration,0,39.51
1,1,10.0,10,12,6,registration,2,7.98
1,3,8.5,8,15,6,certificate,3,0.5
22,2,8.5,35,16,6,certificate,1,92.91
28,3,4.0,38,10,0,blood_lab,0,40.29
16,2,4.0,20,8,3,blood_lab,3,27.94
32,2,3.0,44,16,5,inquiry,3,45.05
18,3,8.5,21,10,4,certificate,2,53.53
15,4,10.0,24,8,5,registration,0,38.33
29,1,4.0,34,11,1,blood_lab,3,140.69
4,4,10.0,12,9,4,registration,2,10.74
18,3,10.0,21,13,1,registration,1,75.94
7,4,6.0,16,8,4,consultation,3,5.03
13,3,3.0,15,12,5,inquiry,1,11.92
8,2,4.0,12,12,5,blood_lab,2,17.34
6,3,4.0,17,14,6,blood_lab,2,6.32
27,4,10.0,40,9,0,registration,1,72.26
28,2,4.0,41,9,1,blood_lab,2,52.25
10,1,6.0,12,15,3,consultation,1,57.87
10,2,8.5,22,14,5,certificate,0,53.38
0,1,8.5,11,11,2,certificate,3,0.5
14,3,8.5,27,16,5,certificate,2,35.34
18,2,8.5,20,12,2,certificate,3,90.15
2,2,6.0,4,16,5,consultation,1,5.75
30,2,8.5,41,9,6,certificate,2,123.53
13,3,10.0,17,9,4,registration,1,48.92
27,3,3.0,33,8,2,inquiry,2,23.08
6,1,8.5,10,14,1,certificate,1,64.36
31,4,4.0,37,10,2,blood_lab,0,29.17
8,3,4.0,11,8,4,blood_lab,1,5.62
3,4,8.5,7,8,0,certificate,1,6.53
22,2,4.0,25,15,6,blood_lab,3,39.08
26,1,10.0,33,8,2,registration,1,260.17
25,2,4.0,36,13,1,blood_lab,0,62.6
26,4,8.5,32,10,2,certificate,3,49.01
3,1,4.0,7,11,3,blood_lab,2,11.09
32,1,4.0,37,17,0,blood_lab,2,144.87
11,1,6.0,24,15,2,consultation,0,67.01
20,2,3.0,23,10,1,inquiry,2,25.32
7,1,10.0,19,11,5,registration,2,85.94
26,1,10.0,29,11,1,registration,0,324.22
3,4,10.0,4,17,0,registration,3,2.62
28,1,8.5,42,11,3,certificate,2,296.34
23,1,10.0,36,11,0,registration,2,327.66
21,2,3.0,25,14,2,inquiry,1,38.62
26,3,6.0,27,13,2,consultation,2,60.24
33,3,8.5,47,10,6,certificate,0,94.86
22,4,6.0,33,13,1,consultation,0,39.87
13,1,8.5,15,10,5,certificate,1,106.93
7,2,3.0,16,15,6,inquiry,1,9.6
18,1,6.0,20,10,5,consultation,1,105.46
0,1,3.0,6,9,5,inquiry,1,0.65
21,4,6.0,28,16,0,consultation,2,33.26
6,1,3.0,13,11,3,inquiry,1,22.34
8,1,4.0,12,15,6,blood_lab,0,32.53
15,2,4.0,23,9,5,blood_lab,3,27.77
0,4,10.0,13,9,5,registration,3,0.5
4,3,4.0,16,17,6,blood_lab,1,6.31
24,2,4.0,38,8,4,blood_lab,0,54.46
13,1,8.5,26,14,1,certificate,2,136.3
3,4,8.5,15,13,5,certificate,2,5.14
0,3,4.0,9,8,4,blood_lab,3,0.5
1,2,3.0,15,16,6,inquiry,3,0.5
29,2,6.0,36,12,2,consultation,1,108.3
14,4,10.0,17,14,2,registration,1,45.41
25,4,3.0,33,13,4,inquiry,2,26.01
7,4,4.0,16,10,6,blood_lab,0,3.27
9,2,8.5,10,16,0,certificate,1,41.19
7,1,10.0,8,13,1,registration,3,82.0
13,4,4.0,15,17,6,blood_lab,2,7.68
20,3,4.0,34,13,4,blood_lab,2,36.6
29,3,8.5,32,8,4,certificate,3,86.16
30,2,6.0,37,13,6,consultation,0,114.52
30,2,6.0,40,9,2,consultation,2,86.14
1,2,4.0,13,12,6,blood_lab,3,0.5
12,2,3.0,22,10,0,inquiry,1,20.51
22,3,10.0,23,12,6,registration,2,86.93
32,3,8.5,43,10,2,certificate,1,89.64
24,1,4.0,27,10,6,blood_lab,2,94.39
20,4,4.0,22,14,2,blood_lab,2,24.53
22,2,4.0,32,11,2,blood_lab,0,54.22
7,1,3.0,10,9,5,inquiry,1,19.11
16,2,3.0,22,10,0,inquiry,3,24.65
31,1,3.0,32,14,1,inquiry,2,110.62
19,2,4.0,27,11,6,blood_lab,3,41.25
9,2,6.0,16,15,1,consultation,3,21.63
20,4,10.0,29,16,3,registration,3,44.06
24,4,3.0,32,16,4,inquiry,0,20.76
30,2,10.0,32,17,5,registration,0,152.05
30,3,4.0,44,15,1,blood_lab,2,33.93
4,2,8.5,11,11,6,certificate,3,18.79
9,4,10.0,14,10,4,registration,3,20.28
4,2,10.0,5,9,2,registration,0,24.29
26,4,10.0,38,16,0,registration,0,76.89
20,3,3.0,31,15,1,inquiry,3,14.99
21,3,6.0,32,15,6,consultation,3,38.04
7,4,3.0,21,10,4,inquiry,2,3.06
27,3,8.5,28,11,1,certificate,1,92.59
2,3,3.0,8,13,0,inquiry,2,0.5
10,2,6.0,17,16,3,consultation,3,26.98
12,3,4.0,16,16,5,blood_lab,1,14.06
30,3,6.0,41,14,2,consultation,2,71.37
0,1,8.5,13,10,2,certificate,3,0.5
8,2,6.0,10,15,1,consultation,3,18.23
24,3,8.5,25,9,2,certificate,2,64.83
5,1,8.5,19,15,5,certificate,1,38.18
21,4,3.0,32,12,1,inquiry,0,22.59
19,4,4.0,30,14,1,blood_lab,1,20.6
5,3,4.0,6,17,4,blood_lab,1,3.96
22,4,8.5,35,14,3,certificate,1,58.6
26,4,8.5,30,17,0,certificate,2,59.55
11,3,8.5,12,12,2,certificate,3,33.26
23,2,3.0,35,11,2,inquiry,0,45.85
28,1,3.0,38,17,0,inquiry,2,92.47
19,1,8.5,33,16,1,certificate,2,161.53
27,2,6.0,40,11,3,consultation,1,97.51
17,4,10.0,31,9,4,registration,3,45.33
11,4,8.5,22,13,2,certificate,0,27.72
19,2,4.0,23,9,2,blood_lab,3,29.14
18,4,10.0,26,17,2,registration,1,44.72
10,2,3.0,11,15,1,inquiry,3,8.55
14,2,4.0,22,10,6,blood_lab,0,26.16
4,2,3.0,14,13,0,inquiry,3,4.76
17,1,8.5,22,12,4,certificate,3,205.47
25,2,6.0,30,8,3,consultation,0,76.54
27,4,6.0,41,11,1,consultation,0,51.28
9,3,4.0,19,15,4,blood_lab,2,13.13
31,4,8.5,35,13,3,certificate,3,80.02
20,4,3.0,26,9,6,inquiry,3,9.11
8,2,10.0,15,8,0,registration,1,43.51
32,4,3.0,34,10,0,inquiry,3,20.0
22,2,8.5,35,13,3,certificate,0,116.91
15,2,10.0,24,9,6,registration,3,69.63
18,4,6.0,29,16,6,consultation,2,23.66
7,2,6.0,11,9,5,consultation,0,21.29
33,1,4.0,39,8,6,blood_lab,3,130.09
10,4,10.0,15,10,5,registration,0,26.6
15,2,6.0,25,10,2,consultation,2,42.21
6,2,8.5,18,9,1,certificate,0,26.96
6,4,10.0,17,11,0,registration,1,18.26
18,3,8.5,30,14,4,certificate,2,69.63
31,4,3.0,35,8,0,inquiry,0,26.8
30,1,10.0,34,9,5,registration,1,298.2
30,4,6.0,38,10,1,consultation,0,44.53
9,1,4.0,10,8,2,blood_lab,0,33.3
6,3,6.0,8,10,3,consultation,1,9.46
26,1,10.0,31,13,3,registration,1,323.96
16,1,6.0,26,16,1,consultation,2,92.24
13,1,10.0,18,13,1,registration,1,160.33
1,4,8.5,2,8,0,certificate,0,0.5
27,3,8.5,37,16,3,certificate,3,70.48
25,1,8.5,38,8,3,certificate,2,209.06
4,3,10.0,15,16,2,registration,1,13.01
12,1,4.0,24,16,1,blood_lab,3,41.34
21,1,10.0,29,17,2,registration,1,206.09
14,3,10.0,20,10,5,registration,1,47.46
33,1,6.0,36,13,4,consultation,1,282.52
8,3,10.0,15,16,0,registration,3,26.39
0,2,6.0,5,11,1,consultation,3,0.5
13,1,4.0,17,17,2,blood_lab,2,47.81
16,3,6.0,26,12,6,consultation,3,35.76
7,2,6.0,16,11,3,consultation,1,24.97
21,1,4.0,23,11,3,blood_lab,3,101.12
27,4,6.0,33,11,3,consultation,3,44.42
12,2,3.0,26,16,2,inquiry,2,17.7
10,2,6.0,15,15,5,consultation,1,28.16
34,2,4.0,47,13,6,blood_lab,0,83.06
28,4,8.5,36,13,6,certificate,2,73.68
31,2,8.5,44,11,5,certificate,2,160.97
4,3,8.5,10,13,5,certificate,1,10.33
6,2,10.0,18,11,2,registration,3,33.32
19,2,3.0,28,14,1,inquiry,1,35.84
5,3,4.0,14,14,1,blood_lab,0,10.67
12,4,6.0,13,10,4,consultation,0,18.27
8,2,6.0,16,17,3,consultation,1,20.38
1,2,4.0,6,15,6,blood_lab,0,0.5
25,2,4.0,37,11,1,blood_lab,3,62.79
7,1,10.0,8,14,6,registration,0,84.51
14,3,8.5,28,9,5,certificate,0,40.95
34,2,6.0,41,13,6,consultation,0,126.15
15,1,4.0,19,13,1,blood_lab,2,71.04
21,4,6.0,32,12,1,consultation,2,36.94
0,4,10.0,4,8,1,registration,3,0.5
5,1,6.0,9,11,5,consultation,1,35.61
34,4,3.0,44,11,0,inquiry,1,38.67
28,3,4.0,38,11,5,blood_lab,1,43.94
31,1,4.0,41,10,2,blood_lab,2,122.67
33,3,10.0,34,17,6,registration,1,110.68
33,2,6.0,45,12,0,consultation,3,136.51
11,1,8.5,13,8,3,certificate,2,88.83
12,2,4.0,25,17,6,blood_lab,3,22.64
32,4,6.0,34,9,3,consultation,3,43.76
13,4,8.5,26,8,2,certificate,1,26.92
26,1,6.0,31,9,6,consultation,3,151.17
3,1,4.0,6,16,5,blood_lab,1,10.56
31,1,6.0,35,16,6,consultation,2,185.08
6,1,3.0,7,13,1,inquiry,2,18.88
15,2,10.0,22,16,6,registration,3,72.21
29,4,6.0,36,10,2,consultation,1,40.78
6,1,4.0,14,8,4,blood_lab,1,23.44
31,2,3.0,43,11,6,inquiry,2,55.68
33,4,3.0,40,8,6,inquiry,3,22.38
34,2,8.5,43,13,5,certificate,3,179.4
34,3,4.0,41,12,2,blood_lab,0,57.96
5,3,4.0,19,15,1,blood_lab,1,6.19
10,1,10.0,20,16,3,registration,3,95.95
11,2,8.5,12,8,0,certificate,0,52.59
21,4,6.0,28,11,4,consultation,3,40.63
13,2,6.0,27,17,6,consultation,2,36.67
23,3,3.0,32,10,3,inquiry,0,22.52
27,4,3.0,30,17,5,inquiry,0,21.2
27,1,10.0,36,13,5,registration,1,337.4
13,2,10.0,14,13,1,registration,3,79.31
22,2,3.0,23,12,6,inquiry,3,39.37
4,1,3.0,15,10,4,inquiry,0,12.24
26,2,10.0,34,16,1,registration,3,127.17
5,4,3.0,11,8,4,inquiry,2,0.5
28,3,3.0,34,12,6,inquiry,2,31.31
3,1,10.0,10,10,3,registration,0,28.89
1,4,3.0,10,12,6,inquiry,1,3.46
10,1,6.0,18,10,3,consultation,1,57.94
6,3,8.5,13,16,5,certificate,1,12.82
7,4,8.5,18,13,3,certificate,2,15.95
22,4,10.0,30,8,1,registration,0,53.58
21,4,6.0,34,8,2,consultation,0,28.88
20,2,10.0,28,15,4,registration,3,112.56
7,1,10.0,20,8,0,registration,0,81.73
5,3,6.0,15,12,6,consultation,2,6.85
34,1,4.0,42,8,6,blood_lab,3,132.65
28,1,10.0,30,9,4,registration,1,322.07
26,4,4.0,29,14,3,blood_lab,1,30.88
17,4,3.0,22,15,1,inquiry,1,11.97
27,4,10.0,36,17,2,registration,0,67.7
31,4,6.0,41,12,6,consultation,0,55.87
26,1,3.0,38,13,6,inquiry,2,95.08
6,2,6.0,9,17,2,consultation,0,15.25
4,3,3.0,10,10,0,inquiry,2,0.5
6,1,4.0,17,9,3,blood_lab,3,19.91
29,3,8.5,42,16,3,certificate,2,77.2
26,3,4.0,35,14,6,blood_lab,0,45.68
1,2,4.0,9,8,0,blood_lab,1,0.5
27,3,6.0,32,16,6,consultation,0,53.14
8,2,8.5,10,9,0,certificate,0,35.57
33,1,8.5,45,11,1,certificate,3,347.96
30,2,3.0,41,16,2,inquiry,3,40.53
30,4,8.5,41,15,3,certificate,2,59.4
10,2,10.0,15,10,6,registration,1,50.13
6,4,6.0,9,9,4,consultation,2,6.94
22,1,10.0,29,16,3,registration,2,215.27
13,4,8.5,26,11,6,certificate,1,30.71
29,3,4.0,33,14,1,blood_lab,1,44.29
9,4,3.0,21,12,0,inquiry,3,5.09
8,1,10.0,18,17,2,registration,3,76.58
1,2,3.0,3,9,5,inquiry,3,0.5
6,3,6.0,7,17,6,consultation,0,11.38
21,2,4.0,22,17,3,blood_lab,1,42.05
15,2,6.0,22,16,2,consultation,0,41.7
8,1,8.5,14,11,3,certificate,1,83.46
34,1,10.0,43,14,2,registration,3,421.86
18,1,10.0,22,9,5,registration,3,177.64
27,1,10.0,40,12,5,registration,1,339.17
10,3,8.5,23,9,2,certificate,3,25.01
11,4,8.5,14,8,5,certificate,2,21.6
12,3,4.0,21,10,5,blood_lab,3,9.91
22,1,4.0,24,15,0,blood_lab,3,93.54
10,4,4.0,23,11,4,blood_lab,1,14.76
1,2,8.5,4,12,1,certificate,3,1.08
8,2,8.5,17,11,2,certificate,1,41.13
28,3,3.0,36,12,6,inquiry,3,31.26
6,1,6.0,19,14,3,consultation,3,41.78
32,3,10.0,46,16,1,registration,1,103.06
13,3,4.0,17,12,0,blood_lab,3,19.7
6,2,3.0,16,11,3,inquiry,1,10.06
20,1,10.0,28,14,6,registration,3,244.5
2,4,8.5,7,9,1,certificate,3,0.5
19,1,8.5,21,13,3,certificate,1,199.61
18,2,3.0,21,12,5,inquiry,0,32.56
14,4,6.0,28,11,1,consultation,2,23.7
21,3,3.0,26,9,2,inquiry,0,20.36
21,3,6.0,23,12,1,consultation,1,51.6
2,2,6.0,15,16,5,consultation,2,3.59
6,2,3.0,19,15,1,inquiry,0,9.23
20,1,10.0,23,9,3,registration,2,197.55
13,1,10.0,16,15,0,registration,0,150.61
30,4,6.0,39,16,4,consultation,1,51.55
22,3,10.0,35,8,4,registration,2,80.46
12,1,3.0,19,11,4,inquiry,2,48.03
15,3,8.5,26,14,2,certificate,3,50.07
15,3,8.5,24,12,5,certificate,0,52.83
13,3,10.0,15,15,4,registration,1,47.77
1,3,10.0,9,13,0,registration,2,3.5
13,3,3.0,16,8,2,inquiry,0,14.16
28,1,6.0,38,11,0,consultation,3,236.38
11,4,10.0,13,11,4,registration,3,35.37
33,3,10.0,47,12,2,registration,3,132.0
9,4,8.5,10,11,0,certificate,0,27.82
21,1,6.0,25,17,4,consultation,3,138.42
26,4,6.0,40,9,5,consultation,2,37.59
29,2,4.0,34,12,2,blood_lab,0,74.45
16,1,10.0,18,15,1,registration,0,160.62
14,3,4.0,24,10,6,blood_lab,2,16.92
22,4,3.0,30,12,4,inquiry,0,25.17
5,3,8.5,6,14,1,certificate,0,21.59
15,4,3.0,25,12,2,inquiry,3,8.57
14,1,3.0,25,9,2,inquiry,3,37.6
8,4,3.0,12,15,4,inquiry,0,8.48
24,4,8.5,29,13,1,certificate,3,60.28
19,4,8.5,24,14,4,certificate,2,53.32
28,1,8.5,36,10,5,certificate,2,236.29
22,3,6.0,23,12,6,consultation,1,52.68
30,3,4.0,35,11,6,blood_lab,2,47.28
15,1,10.0,24,16,1,registration,1,148.23
17,1,4.0,25,13,3,blood_lab,2,84.09
11,1,3.0,19,17,5,inquiry,0,36.3
15,2,4.0,23,16,5,blood_lab,3,27.15
1,3,4.0,11,14,1,blood_lab,0,3.66
1,2,3.0,13,16,6,inquiry,2,0.5
20,3,10.0,29,17,4,registration,0,74.96
22,4,4.0,24,10,6,blood_lab,3,16.3
24,2,4.0,34,16,3,blood_lab,3,41.44
34,1,6.0,44,17,1,consultation,3,200.38
28,2,4.0,33,15,2,blood_lab,1,55.05
34,2,6.0,38,15,5,consultation,3,97.66
14,3,8.5,15,15,4,certificate,0,44.86
19,4,8.5,20,11,5,certificate,2,47.87
18,1,8.5,25,11,2,certificate,1,191.11
9,2,4.0,10,8,3,blood_lab,3,9.79
16,3,6.0,28,9,6,consultation,2,29.86
32,4,6.0,45,11,6,consultation,3,55.94
23,4,10.0,37,16,0,registration,0,63.82
14,1,6.0,23,8,0,consultation,1,95.17
15,4,3.0,20,14,1,inquiry,0,15.8
29,1,6.0,35,9,6,consultation,3,169.58
28,4,4.0,37,11,3,blood_lab,3,29.97
7,1,10.0,10,9,6,registration,0,71.11
4,4,6.0,18,15,6,consultation,2,0.5
19,3,6.0,26,15,4,consultation,0,42.97
24,3,10.0,29,16,4,registration,3,87.97
12,3,4.0,16,8,5,blood_lab,0,16.94
15,4,4.0,28,14,3,blood_lab,1,16.63
21,1,10.0,27,8,3,registration,0,209.58
1,2,3.0,3,10,6,inquiry,3,0.5
4,1,6.0,10,9,6,consultation,0,23.98
16,2,6.0,21,8,4,consultation,0,56.87
0,1,6.0,7,15,1,consultation,1,0.5
19,4,6.0,23,17,3,consultation,1,29.25
11,2,10.0,16,12,0,registration,1,74.55
32,2,3.0,41,14,4,inquiry,1,68.26
29,4,6.0,36,10,1,consultation,1,45.02
3,3,6.0,17,8,2,consultation,2,2.11
5,4,8.5,10,8,2,certificate,2,7.7
28,4,10.0,40,9,0,registration,3,77.94
34,3,8.5,35,17,3,certificate,3,92.65
26,2,3.0,39,12,3,inquiry,3,42.66
15,4,3.0,17,16,5,inquiry,1,10.02
27,2,10.0,40,14,6,registration,2,169.52
19,1,6.0,25,10,5,consultation,1,113.04
22,2,8.5,25,14,2,certificate,3,110.93
18,1,3.0,24,12,4,inquiry,3,76.1
23,1,3.0,36,11,6,inquiry,3,81.83
15,3,10.0,19,15,0,registration,3,51.74
2,3,3.0,6,9,5,inquiry,0,3.48
13,1,8.5,17,15,4,certificate,0,127.46
23,1,3.0,27,13,3,inquiry,0,88.39
16,1,10.0,30,14,3,registration,0,198.71
11,3,4.0,22,8,3,blood_lab,0,14.5
20,3,10.0,25,17,6,registration,2,64.67
23,4,6.0,28,12,1,consultation,3,38.8
25,3,10.0,32,17,2,registration,3,77.29
11,1,8.5,22,11,0,certificate,0,131.67
34,3,10.0,41,8,2,registration,0,114.29
17,1,3.0,26,11,6,inquiry,0,63.45
24,4,4.0,35,8,6,blood_lab,3,19.7
14,3,4.0,20,16,4,blood_lab,2,22.82
21,1,10.0,23,11,0,registration,2,298.69
15,4,10.0,16,11,5,registration,1,46.57
12,3,6.0,18,8,5,consultation,1,22.14
17,2,6.0,27,15,4,consultation,0,62.27
22,2,3.0,29,14,6,inquiry,0,42.32
21,4,4.0,27,11,0,blood_lab,0,28.98
12,2,4.0,26,16,4,blood_lab,2,25.24
11,3,4.0,18,14,6,blood_lab,1,14.01
0,3,3.0,13,15,6,inquiry,0,1.41
30,2,4.0,33,14,3,blood_lab,3,70.06
14,2,8.5,17,17,4,certificate,0,65.62
1,1,3.0,4,10,3,inquiry,3,0.95
2,1,4.0,6,16,4,blood_lab,1,8.24
15,4,8.5,25,8,6,certificate,2,30.54
34,2,6.0,48,16,2,consultation,1,98.94
32,1,3.0,44,11,1,inquiry,3,115.71
14,1,10.0,27,9,4,registration,1,159.94
1,1,4.0,10,17,3,blood_lab,3,0.5
27,4,8.5,36,14,3,certificate,1,74.06
28,1,8.5,38,11,5,certificate,0,293.55
1,2,3.0,12,12,6,inquiry,2,0.5
18,1,10.0,30,14,1,registration,0,224.53
20,2,4.0,23,17,0,blood_lab,1,44.73
9,1,3.0,23,16,4,inquiry,2,29.85
20,4,6.0,27,14,1,consultation,3,32.03
21,1,6.0,27,11,6,consultation,1,159.1
19,4,10.0,23,13,4,registration,3,66.34
22,2,4.0,31,10,0,blood_lab,0,49.83
7,4,3.0,19,9,2,inquiry,3,0.5
16,2,8.5,26,13,3,certificate,0,85.77
0,1,6.0,7,16,5,consultation,2,0.5
28,4,6.0,32,10,4,consultation,2,44.65
2,2,8.5,4,17,2,certificate,2,3.9
31,3,8.5,34,15,4,certificate,3,97.08
24,3,4.0,33,9,5,blood_lab,0,31.41
3,4,8.5,16,14,4,certificate,0,10.95
29,4,4.0,34,10,4,blood_lab,2,26.1
34,3,8.5,48,9,6,certificate,0,101.91
9,3,10.0,12,17,4,registration,0,31.68
2,4,10.0,8,10,0,registration,1,1.76
22,1,10.0,23,11,4,registration,1,316.96
0,3,6.0,10,12,0,consultation,3,0.5
31,2,10.0,40,15,4,registration,2,175.13
2,3,8.5,14,8,0,certificate,1,5.55
12,4,3.0,18,17,1,inquiry,0,10.76
18,4,10.0,25,13,5,registration,2,49.69
22,2,10.0,26,16,0,registration,0,126.14
15,3,6.0,17,17,4,consultation,0,32.98
28,1,3.0,34,13,3,inquiry,0,103.2
23,3,8.5,31,10,6,certificate,1,65.4
14,4,10.0,18,8,0,registration,0,41.68
0,4,3.0,13,9,1,inquiry,2,0.5
29,1,6.0,33,11,6,consultation,1,218.75
12,4,4.0,13,10,4,blood_lab,0,12.28
33,1,3.0,40,8,5,inquiry,0,99.3
27,2,3.0,40,17,0,inquiry,2,44.98
17,1,6.0,30,15,1,consultation,0,100.53
12,1,3.0,21,8,0,inquiry,3,35.35
34,2,6.0,37,8,1,consultation,1,103.55
34,2,10.0,48,11,1,registration,3,207.41
31,4,3.0,34,13,0,inquiry,0,35.28
25,4,4.0,28,10,3,blood_lab,2,20.34
23,2,10.0,26,13,2,registration,2,141.93
10,3,3.0,17,17,0,inquiry,3,10.78
4,4,6.0,12,12,0,consultation,2,4.56
19,2,4.0,24,13,4,blood_lab,2,51.37
2,2,6.0,14,8,3,consultation,1,1.91
28,3,10.0,32,14,4,registration,2,130.59
12,2,6.0,17,17,3,consultation,3,29.32
23,2,6.0,31,12,5,consultation,1,82.49
2,2,3.0,12,12,0,inquiry,0,5.79
20,1,8.5,30,15,6,certificate,1,166.9
13,2,8.5,14,16,1,certificate,0,51.38
16,2,4.0,23,16,5,blood_lab,3,27.44
21,1,6.0,30,17,4,consultation,0,143.46
13,4,8.5,24,15,4,certificate,3,28.64
18,3,6.0,22,16,2,consultation,1,35.56
4,4,4.0,10,17,1,blood_lab,2,3.63
21,4,6.0,33,10,5,consultation,2,29.66
32,1,4.0,33,17,1,blood_lab,2,124.34
15,1,4.0,23,10,4,blood_lab,0,68.22
18,1,10.0,23,11,3,registration,1,226.13
5,3,10.0,17,9,2,registration,1,15.41
18,1,10.0,22,10,4,registration,3,201.21
8,1,10.0,10,13,6,registration,1,98.95
9,1,4.0,23,15,6,blood_lab,3,29.12
19,1,8.5,31,13,1,certificate,0,202.58
0,1,3.0,4,10,5,inquiry,2,0.5
34,3,8.5,38,17,6,certificate,3,89.2
34,3,8.5,48,14,3,certificate,1,119.31
11,1,6.0,18,10,3,consultation,3,61.3
17,1,10.0,22,10,5,registration,1,169.99
20,2,3.0,29,14,0,inquiry,2,43.66
3,4,6.0,13,13,2,consultation,2,1.42
23,3,10.0,31,9,2,registration,0,76.88
27,4,8.5,41,13,6,certificate,2,69.0
17,4,10.0,24,12,3,registration,0,53.58
13,2,10.0,25,9,6,registration,2,63.45
24,1,10.0,31,16,3,registration,1,237.23
25,4,4.0,35,17,1,blood_lab,0,25.86
7,2,4.0,17,15,2,blood_lab,2,8.84
10,3,3.0,12,10,0,inquiry,1,8.8
12,2,4.0,13,13,3,blood_lab,0,27.22
19,4,10.0,33,17,5,registration,2,47.25
23,4,3.0,32,10,4,inquiry,1,21.07
29,3,4.0,43,14,6,blood_lab,1,47.34
28,4,6.0,40,12,2,consultation,2,50.05
7,1,8.5,13,16,5,certificate,2,54.75
28,3,10.0,29,12,5,registration,0,120.27
27,2,10.0,31,11,2,registration,0,172.39
2,2,10.0,15,10,6,registration,2,7.95
15,1,4.0,17,11,3,blood_lab,0,71.96
34,2,8.5,45,13,3,certificate,1,178.32
27,3,10.0,33,9,4,registration,2,103.25
23,3,6.0,25,17,1,consultation,0,45.26
25,1,3.0,26,15,3,inquiry,0,74.6
16,1,10.0,25,17,1,registration,3,154.63
24,2,3.0,36,10,1,inquiry,1,35.67
2,1,3.0,12,15,6,inquiry,3,4.76
3,3,3.0,11,16,5,inquiry,3,0.5
24,1,3.0,31,15,2,inquiry,1,71.15
0,4,4.0,7,11,2,blood_lab,2,0.5
12,1,4.0,21,14,2,blood_lab,2,55.1
4,4,6.0,18,17,4,consultation,0,6.29
2,3,3.0,5,9,0,inquiry,2,0.5
9,1,10.0,14,11,6,registration,2,111.04
31,2,3.0,33,9,5,inquiry,2,45.53
2,3,10.0,4,10,0,registration,1,5.05
18,4,4.0,23,12,5,blood_lab,2,19.49
34,1,6.0,39,14,0,consultation,2,290.06
12,2,4.0,25,17,0,blood_lab,2,26.25
1,3,8.5,6,14,1,certificate,3,0.5
31,1,6.0,42,12,5,consultation,1,229.49
29,2,4.0,41,14,3,blood_lab,3,66.57
23,2,4.0,30,15,6,blood_lab,0,44.7
27,4,8.5,33,8,3,certificate,1,58.76
28,3,3.0,38,9,5,inquiry,0,31.23
22,4,8.5,36,10,6,certificate,2,45.33
12,1,3.0,22,15,6,inquiry,0,37.23
12,1,8.5,20,8,5,certificate,1,97.27
4,1,10.0,13,13,4,registration,2,52.87
19,1,4.0,26,14,6,blood_lab,1,94.11
8,2,8.5,13,13,6,certificate,1,41.35
20,4,4.0,24,15,5,blood_lab,0,20.0
14,1,8.5,18,17,3,certificate,2,115.22
8,1,4.0,18,17,3,blood_lab,1,27.36
15,4,8.5,27,13,0,certificate,0,43.85
18,2,6.0,19,8,3,consultation,3,51.12
20,4,4.0,32,11,1,blood_lab,3,19.68
8,3,6.0,15,8,4,consultation,2,17.16
3,3,10.0,14,14,2,registration,3,6.84
12,3,10.0,17,15,4,registration,0,46.05
27,2,4.0,32,15,6,blood_lab,0,51.91
32,1,6.0,33,8,0,consultation,0,223.31
3,1,6.0,17,13,4,consultation,0,30.41
3,2,6.0,6,12,0,consultation,2,7.05
20,3,8.5,26,15,5,certificate,3,52.09
19,2,8.5,25,9,4,certificate,0,94.05
23,3,10.0,30,9,5,registration,0,78.82
14,1,4.0,26,17,2,blood_lab,3,54.03
12,4,10.0,24,9,4,registration,1,30.91
0,1,6.0,4,14,5,consultation,3,0.5
19,3,4.0,32,8,5,blood_lab,1,25.87
28,2,4.0,30,14,4,blood_lab,3,74.21
25,2,10.0,33,10,6,registration,1,124.94
18,1,8.5,25,9,0,certificate,0,175.0
12,4,3.0,26,12,1,inquiry,0,13.25
27,4,8.5,37,12,5,certificate,1,68.61
3,2,10.0,5,14,2,registration,1,15.91
3,1,8.5,15,12,0,certificate,1,34.26
21,4,8.5,26,12,2,certificate,2,50.76
26,4,8.5,29,9,6,certificate,0,54.25
33,1,3.0,41,17,0,inquiry,1,113.78
17,2,10.0,22,15,0,registration,0,95.38
15,2,4.0,26,10,0,blood_lab,0,32.75
17,1,4.0,28,15,1,blood_lab,1,67.86
33,1,3.0,37,16,3,inquiry,0,97.97
5,1,3.0,17,11,4,inquiry,0,23.28
6,2,3.0,19,10,1,inquiry,2,4.16
31,2,4.0,34,17,4,blood_lab,0,70.95
4,4,10.0,14,11,4,registration,0,14.68
32,2,10.0,41,10,6,registration,1,158.75
27,1,4.0,39,13,3,blood_lab,1,128.64
12,3,10.0,25,16,1,registration,2,38.67
1,3,4.0,4,16,6,blood_lab,0,0.5
14,2,4.0,28,13,2,blood_lab,0,34.08
8,1,8.5,9,15,6,certificate,0,65.91
3,2,10.0,7,9,0,registration,0,16.75
28,1,6.0,36,11,4,consultation,2,236.54
22,4,10.0,33,12,6,registration,0,70.22
4,1,3.0,7,17,0,inquiry,1,13.18
7,4,8.5,17,15,1,certificate,2,14.45
30,4,4.0,42,11,2,blood_lab,2,34.37
9,1,6.0,22,9,4,consultation,0,61.54
23,1,10.0,34,14,5,registration,1,287.47
20,2,6.0,28,13,3,consultation,0,77.83
27,1,4.0,39,10,6,blood_lab,0,110.63
25,2,8.5,31,15,1,certificate,0,105.47
3,3,6.0,8,15,1,consultation,2,3.24
1,3,10.0,12,15,0,registration,3,0.5
28,1,4.0,35,8,0,blood_lab,0,129.26
22,3,4.0,35,12,3,blood_lab,0,39.06
27,2,4.0,29,12,5,blood_lab,0,69.19
14,4,8.5,17,15,3,certificate,3,24.95
18,3,3.0,27,12,3,inquiry,2,20.04
6,4,8.5,13,12,3,certificate,0,15.44
22,4,8.5,36,11,3,certificate,2,56.26
12,1,8.5,21,8,6,certificate,3,97.63
21,2,3.0,34,16,1,inquiry,0,32.05
27,3,3.0,39,12,3,inquiry,0,33.5
1,1,3.0,7,11,2,inquiry,2,1.8
25,3,10.0,39,15,3,registration,0,81.98
28,1,4.0,39,12,6,blood_lab,2,138.61
6,1,4.0,8,11,4,blood_lab,2,32.1
31,3,4.0,32,8,6,blood_lab,2,38.24
17,2,6.0,22,16,6,consultation,2,46.38
9,4,6.0,11,16,1,consultation,0,12.12
1,3,3.0,11,8,2,inquiry,0,0.71
24,2,4.0,25,17,4,blood_lab,1,54.3
10,3,4.0,22,15,0,blood_lab,3,6.61
16,1,8.5,21,10,0,certificate,3,151.89
19,3,8.5,22,12,0,certificate,0,76.4
24,4,3.0,25,9,1,inquiry,1,16.35
26,1,6.0,28,11,1,consultation,3,189.59
11,2,3.0,20,8,3,inquiry,0,19.53
8,2,3.0,11,12,1,inquiry,2,10.61
4,3,8.5,17,12,4,certificate,2,13.11
33,2,3.0,42,17,1,inquiry,3,40.45
34,3,4.0,42,13,0,blood_lab,3,57.48
13,3,10.0,17,9,5,registration,1,44.72
14,1,3.0,21,16,1,inquiry,2,43.04
16,4,6.0,17,15,6,consultation,1,22.82
29,2,8.5,33,14,0,certificate,2,175.75
11,3,8.5,15,8,4,certificate,3,34.65
23,2,8.5,27,9,3,certificate,2,95.56
3,3,4.0,16,9,1,blood_lab,2,0.5
24,4,4.0,32,11,5,blood_lab,2,28.89
7,2,6.0,9,15,3,consultation,0,18.65
20,4,10.0,26,8,2,registration,2,50.16
6,3,3.0,14,16,0,inquiry,3,4.38
24,3,8.5,27,15,1,certificate,0,69.57
20,2,8.5,31,10,6,certificate,3,81.71
15,4,6.0,27,13,6,consultation,3,24.81
28,2,8.5,41,16,2,certificate,1,117.41
14,2,10.0,15,16,3,registration,0,67.58
12,1,4.0,15,12,3,blood_lab,0,57.27
34,3,4.0,36,13,5,blood_lab,1,55.86
0,3,4.0,2,15,2,blood_lab,0,1.81
26,2,8.5,36,10,2,certificate,2,107.56
23,3,3.0,28,13,1,inquiry,3,21.36
22,4,4.0,32,17,1,blood_lab,1,20.36
0,3,3.0,3,12,5,inquiry,1,0.5
12,1,6.0,13,9,6,consultation,3,65.25
18,1,3.0,22,9,1,inquiry,0,55.21
31,2,8.5,42,10,2,certificate,3,126.78
2,1,10.0,13,17,6,registration,0,19.91
6,3,8.5,9,14,0,certificate,3,18.81
25,1,4.0,38,15,1,blood_lab,1,95.32
15,1,10.0,19,17,4,registration,0,170.98
23,3,6.0,34,14,1,consultation,0,52.95
9,1,10.0,17,10,2,registration,2,87.89
1,3,3.0,15,15,1,inquiry,3,0.5
2,4,3.0,11,15,0,inquiry,0,2.46
11,3,10.0,19,9,3,registration,2,33.79
1,4,6.0,6,13,0,consultation,3,0.5
21,3,4.0,31,10,0,blood_lab,0,32.68
14,1,10.0,26,14,5,registration,0,175.94
31,1,3.0,42,13,3,inquiry,0,117.51
11,1,6.0,25,14,3,consultation,3,76.33
21,4,3.0,22,13,1,inquiry,0,19.57
1,1,4.0,10,8,6,blood_lab,0,7.19
4,1,3.0,12,13,6,inquiry,1,11.99
3,3,8.5,12,12,3,certificate,3,8.77
15,4,8.5,21,17,0,certificate,2,33.94
19,3,6.0,26,14,0,consultation,2,51.44
21,3,8.5,29,13,0,certificate,2,85.94
33,4,8.5,36,16,5,certificate,2,64.06
11,4,8.5,20,10,3,certificate,3,17.63
29,3,8.5,39,11,4,certificate,2,113.54
21,3,4.0,32,13,5,blood_lab,2,31.83
31,4,4.0,42,12,3,blood_lab,1,37.97
2,2,4.0,8,15,5,blood_lab,0,4.5
24,4,8.5,37,11,1,certificate,0,67.73
6,1,6.0,19,13,4,consultation,3,45.38
13,4,3.0,19,11,6,inquiry,0,14.49
23,2,10.0,33,16,3,registration,1,113.66
29,1,6.0,32,11,4,consultation,0,249.87
14,3,4.0,28,14,5,blood_lab,0,22.99
25,1,6.0,31,13,5,consultation,2,181.93
32,3,3.0,35,16,1,inquiry,1,34.33
20,3,10.0,21,10,2,registration,0,65.33
18,4,8.5,24,12,2,certificate,0,47.17
32,4,10.0,39,12,5,registration,3,94.94
17,3,3.0,30,9,4,inquiry,3,14.74
31,1,4.0,36,16,4,blood_lab,2,137.23
24,1,6.0,28,14,2,consultation,2,178.82
15,2,10.0,26,17,2,registration,2,72.61
2,2,10.0,4,8,6,registration,1,8.66
15,2,3.0,19,15,3,inquiry,2,16.66
25,4,3.0,38,12,3,inquiry,1,20.62
31,1,4.0,41,9,4,blood_lab,2,137.97
4,4,3.0,9,8,1,inquiry,2,2.77
0,2,6.0,9,11,1,consultation,2,0.5
5,2,10.0,18,9,6,registration,0,24.48
21,2,10.0,32,14,2,registration,2,125.62
10,2,3.0,16,12,3,inquiry,1,16.58
24,3,10.0,28,12,3,registration,3,94.23
3,1,6.0,6,14,6,consultation,3,15.85
22,3,6.0,35,16,4,consultation,0,54.79
24,2,3.0,35,9,4,inquiry,2,40.26
27,4,4.0,32,13,0,blood_lab,1,38.22
26,3,3.0,33,14,2,inquiry,0,32.16
1,4,4.0,13,17,6,blood_lab,1,0.5
5,3,10.0,7,17,5,registration,1,14.89
13,2,4.0,26,15,6,blood_lab,0,25.57
21,3,10.0,33,17,2,registration,0,70.23
1,2,10.0,4,11,4,registration,0,5.5
12,3,6.0,25,13,4,consultation,2,30.63
28,1,6.0,31,17,6,consultation,2,163.44
7,4,6.0,19,9,3,consultation,1,9.38
4,2,10.0,7,13,6,registration,3,20.04
11,1,8.5,18,10,3,certificate,0,92.77
30,1,3.0,35,15,6,inquiry,0,89.66
18,3,10.0,31,13,1,registration,2,74.08
11,4,10.0,21,13,4,registration,2,37.89
18,3,3.0,21,16,2,inquiry,2,16.12
0,4,10.0,5,13,6,registration,1,0.5
24,3,8.5,34,8,1,certificate,1,68.04
29,2,4.0,40,14,0,blood_lab,3,81.28
24,4,3.0,35,15,3,inquiry,2,12.26
7,3,3.0,14,14,1,inquiry,1,5.72
12,3,6.0,19,11,3,consultation,2,26.41
24,1,3.0,27,17,6,inquiry,0,73.44
34,1,8.5,36,16,2,certificate,0,291.93
21,3,10.0,34,14,6,registration,2,86.49
30,4,4.0,44,10,5,blood_lab,1,31.31
10,3,10.0,22,17,5,registration,0,34.19
0,4,6.0,6,8,5,consultation,2,0.5
30,3,10.0,32,9,4,registration,2,112.02
1,3,8.5,2,9,4,certificate,2,2.09
13,4,8.5,26,14,5,certificate,0,33.91
16,4,3.0,17,14,2,inquiry,1,14.07
4,4,6.0,5,17,6,consultation,2,5.82
3,1,8.5,13,14,4,certificate,1,36.27
27,2,6.0,32,13,5,consultation,2,100.37
20,4,6.0,30,11,3,consultation,3,33.15
9,1,8.5,18,15,5,certificate,3,74.23
23,3,8.5,33,11,4,certificate,0,93.52
1,4,6.0,13,11,0,consultation,2,0.93
28,3,3.0,40,13,5,inquiry,1,30.01
17,4,10.0,19,11,1,registration,3,46.58
7,2,8.5,14,14,2,certificate,2,30.73
11,3,6.0,25,11,1,consultation,2,23.54
2,4,10.0,6,16,1,registration,3,0.5
29,4,6.0,31,12,5,consultation,3,49.5
27,4,4.0,36,12,3,blood_lab,3,28.71
9,2,3.0,17,10,3,inquiry,1,11.51
31,3,6.0,35,13,0,consultation,1,84.21
34,2,4.0,45,13,0,blood_lab,0,96.01
9,4,4.0,23,9,4,blood_lab,3,4.97
34,1,10.0,38,12,1,registration,2,420.42
32,3,6.0,40,15,0,consultation,0,74.97
9,4,10.0,19,13,2,registration,3,25.88
10,4,6.0,15,17,1,consultation,1,12.19
2,3,4.0,12,14,1,blood_lab,0,3.27
29,2,3.0,43,16,2,inquiry,2,40.33
0,4,6.0,8,13,2,consultation,3,0.5
6,2,8.5,11,10,5,certificate,3,22.17
26,3,10.0,27,16,4,registration,1,100.3
10,1,3.0,22,14,5,inquiry,1,35.13
0,2,4.0,10,13,2,blood_lab,1,0.5
34,2,3.0,43,14,5,inquiry,0,62.52
4,3,3.0,18,9,0,inquiry,0,3.43
5,1,4.0,15,15,4,blood_lab,2,19.44
17,2,8.5,27,13,5,certificate,2,87.01
2,4,4.0,9,17,3,blood_lab,2,0.67
5,2,10.0,7,10,4,registration,2,27.51
24,2,4.0,27,9,1,blood_lab,3,40.82
25,4,10.0,26,8,2,registration,2,60.39
1,4,8.5,2,17,6,certificate,0,1.03
12,1,10.0,23,15,2,registration,0,121.28
19,4,6.0,22,8,2,consultation,3,19.7
13,2,8.5,24,11,6,certificate,1,68.28
2,1,4.0,9,15,0,blood_lab,3,4.88
7,2,3.0,8,13,0,inquiry,1,13.19
22,1,8.5,24,8,1,certificate,2,184.06
20,3,4.0,31,9,3,blood_lab,3,25.59
15,4,3.0,21,10,2,inquiry,2,9.93
28,1,3.0,38,16,6,inquiry,2,82.92
34,2,8.5,44,9,5,certificate,3,141.39
26,2,4.0,32,16,3,blood_lab,1,49.74
14,2,3.0,16,16,6,inquiry,1,20.6
5,2,10.0,11,10,3,registration,2,21.02
6,1,6.0,20,10,3,consultation,3,31.25
17,2,3.0,25,8,0,inquiry,2,27.54
25,4,4.0,35,11,1,blood_lab,3,26.79
34,4,10.0,45,8,1,registration,2,79.44
32,3,3.0,44,9,5,inquiry,1,28.44
28,2,4.0,30,11,6,blood_lab,0,70.56
10,2,10.0,18,8,2,registration,2,45.89
26,2,3.0,36,16,6,inquiry,1,37.16
0,1,6.0,3,17,1,consultation,3,0.5
15,1,10.0,21,12,4,registration,2,213.12
12,4,10.0,26,17,2,registration,1,28.63
5,4,8.5,17,16,1,certificate,2,6.0
19,1,8.5,31,9,0,certificate,2,183.77
3,2,6.0,4,9,0,consultation,3,9.48
17,4,8.5,24,11,1,certificate,1,41.86
34,2,3.0,35,15,3,inquiry,0,49.91
4,1,8.5,15,13,4,certificate,0,50.04
3,3,4.0,6,16,2,blood_lab,2,2.4
27,1,8.5,36,10,1,certificate,1,227.56
22,2,3.0,33,17,0,inquiry,3,35.98
12,2,4.0,23,13,4,blood_lab,2,33.6
0,2,10.0,1,16,0,registration,3,0.5
23,2,10.0,27,8,4,registration,0,133.2
14,2,8.5,23,16,2,certificate,3,54.28
30,1,8.5,36,12,5,certificate,2,316.86
30,3,10.0,43,15,0,registration,0,115.64
7,3,4.0,19,17,6,blood_lab,2,4.48
25,3,6.0,28,16,0,consultation,1,52.66
2,1,4.0,8,14,2,blood_lab,1,13.61
23,3,4.0,33,15,0,blood_lab,3,31.41
1,3,8.5,9,16,6,certificate,3,0.5
26,4,6.0,30,8,6,consultation,3,35.69
29,1,4.0,32,9,5,blood_lab,2,112.04
7,4,4.0,8,12,1,blood_lab,0,10.14
25,1,8.5,39,13,1,certificate,2,261.66
32,1,6.0,36,11,2,consultation,3,237.63
15,3,3.0,25,13,4,inquiry,1,17.42
14,2,8.5,22,9,0,certificate,3,66.08
20,2,10.0,25,16,3,registration,1,97.91
9,2,10.0,15,12,2,registration,1,55.37
14,2,6.0,24,10,0,consultation,3,44.36
11,2,6.0,21,14,4,consultation,1,47.16
31,1,8.5,43,13,0,certificate,0,378.93
28,3,3.0,37,14,6,inquiry,2,32.53
10,4,8.5,20,15,3,certificate,1,17.86
11,2,3.0,23,9,3,inquiry,0,17.03
2,2,6.0,4,14,6,consultation,3,4.99
29,2,10.0,38,8,2,registration,3,139.57
32,2,3.0,36,10,6,inquiry,2,47.69
27,4,8.5,34,11,6,certificate,2,67.22
2,4,6.0,4,14,0,consultation,3,0.5
4,3,8.5,15,14,0,certificate,1,16.62
34,4,3.0,36,15,6,inquiry,2,20.22
5,1,6.0,13,13,3,consultation,3,32.55
9,4,8.5,21,9,4,certificate,3,16.49
9,2,10.0,14,10,1,registration,3,38.41
17,2,4.0,24,12,3,blood_lab,1,40.18
26,1,10.0,38,17,0,registration,2,293.84
22,1,3.0,32,17,4,inquiry,2,75.11
27,3,4.0,35,12,6,blood_lab,3,40.87
15,2,3.0,19,16,4,inquiry,2,22.31
16,1,4.0,22,17,4,blood_lab,2,75.61
29,3,8.5,35,16,5,certificate,3,78.12
25,3,6.0,36,9,5,consultation,0,46.81
30,2,4.0,33,14,1,blood_lab,3,72.02
31,3,6.0,34,17,3,consultation,2,59.01
28,3,8.5,34,10,4,certificate,0,90.9
16,2,4.0,19,8,4,blood_lab,1,36.52
16,1,10.0,21,9,5,registration,1,159.37
10,1,4.0,18,17,2,blood_lab,0,41.39
21,1,6.0,35,17,1,consultation,1,122.84
6,2,4.0,12,9,5,blood_lab,3,9.17
13,1,8.5,19,16,4,certificate,0,128.94
13,4,8.5,21,13,6,certificate,0,36.03
25,2,10.0,38,17,4,registration,1,144.16
30,2,8.5,38,10,6,certificate,0,128.8
14,1,6.0,21,17,3,consultation,3,80.43
0,1,4.0,6,16,1,blood_lab,0,0.74
24,1,4.0,37,9,1,blood_lab,1,95.3
31,3,6.0,32,15,1,consultation,3,58.62
5,1,4.0,12,14,5,blood_lab,2,20.88
7,1,6.0,9,12,2,consultation,3,46.67
34,2,10.0,39,9,5,registration,1,167.14
14,2,6.0,26,9,5,consultation,3,38.79
23,2,8.5,35,10,4,certificate,3,105.58
11,1,8.5,18,14,1,certificate,1,117.08
4,4,3.0,14,14,5,inquiry,0,5.98
4,1,3.0,15,10,0,inquiry,2,8.94
0,4,4.0,9,14,4,blood_lab,0,1.59
20,3,3.0,25,15,5,inquiry,3,11.2
33,3,8.5,40,10,3,certificate,1,92.93
30,2,10.0,31,16,4,registration,2,168.68
0,3,3.0,3,11,2,inquiry,3,0.5
29,1,3.0,39,15,4,inquiry,0,99.04
5,2,4.0,16,17,1,blood_lab,2,8.63
10,3,10.0,21,8,0,registration,0,39.9
31,3,6.0,41,10,6,consultation,3,59.12
31,2,6.0,35,15,6,consultation,0,92.52
16,4,4.0,30,9,0,blood_lab,0,18.29
4,4,10.0,9,12,2,registration,1,10.08
7,1,6.0,11,13,1,consultation,1,50.62
9,3,8.5,10,16,0,certificate,3,23.66
32,1,6.0,46,15,4,consultation,1,220.12
3,4,10.0,17,17,0,registration,2,5.19
14,4,8.5,17,9,1,certificate,0,29.0
5,2,3.0,16,17,5,inquiry,0,6.2
29,4,10.0,40,12,0,registration,3,99.93
14,3,6.0,19,13,2,consultation,0,31.77
22,2,6.0,31,11,2,consultation,3,79.08
25,1,3.0,29,15,2,inquiry,1,72.56
23,3,10.0,36,15,2,registration,2,70.35
7,2,10.0,8,17,1,registration,1,31.64
19,2,3.0,28,14,0,inquiry,0,40.82
9,3,4.0,11,8,4,blood_lab,0,10.77
22,1,4.0,34,17,4,blood_lab,3,95.01
25,3,3.0,38,15,5,inquiry,2,23.13
16,4,10.0,23,16,1,registration,2,35.53
13,2,6.0,23,15,5,consultation,1,39.11
24,4,8.5,37,17,0,certificate,2,54.69
27,4,4.0,40,8,5,blood_lab,3,20.28
25,1,4.0,39,16,3,blood_lab,0,100.25
22,3,8.5,26,17,0,certificate,1,71.49
0,4,10.0,11,12,1,registration,2,0.5
21,1,6.0,24,11,3,consultation,0,153.23
16,4,10.0,22,9,0,registration,1,43.03
25,1,6.0,28,8,5,consultation,3,146.44
10,1,3.0,18,15,2,inquiry,1,27.57
30,3,6.0,42,11,2,consultation,2,71.11
27,1,6.0,39,8,1,consultation,1,164.21
11,1,10.0,20,10,1,registration,1,108.84
2,1,10.0,12,15,1,registration,1,19.56
25,2,6.0,39,11,4,consultation,1,104.32
11,2,8.5,22,10,3,certificate,1,42.65
22,2,6.0,34,13,1,consultation,3,78.52
6,4,3.0,14,15,3,inquiry,3,1.35
20,1,3.0,23,9,3,inquiry,3,54.64
32,4,10.0,44,15,1,registration,3,73.97
13,2,6.0,23,15,5,consultation,0,39.43
31,3,10.0,43,11,4,registration,0,145.95
34,3,3.0,36,13,6,inquiry,3,35.7
7,1,10.0,14,17,5,registration,0,69.6
2,3,10.0,3,9,6,registration,0,7.14
2,4,8.5,16,10,4,certificate,3,0.5
15,3,6.0,22,15,3,consultation,1,29.14
11,3,3.0,19,8,4,inquiry,2,9.62
4,2,4.0,6,8,4,blood_lab,0,10.53
29,1,6.0,33,10,2,consultation,3,171.06
24,1,10.0,37,10,3,registration,1,237.9
3,4,8.5,7,14,5,certificate,3,3.64
17,4,4.0,22,17,6,blood_lab,2,13.2
15,4,8.5,19,15,5,certificate,1,30.96
1,3,10.0,9,16,1,registration,0,0.5
22,4,4.0,36,16,3,blood_lab,2,19.47
33,1,6.0,38,8,0,consultation,0,227.44
29,3,10.0,41,13,0,registration,1,135.3
12,2,4.0,19,17,5,blood_lab,2,19.49
7,3,8.5,10,11,1,certificate,3,20.07
19,3,3.0,32,15,5,inquiry,1,19.68
16,3,4.0,25,8,6,blood_lab,2,19.39
15,4,3.0,24,10,1,inquiry,2,6.42
8,1,4.0,9,12,6,blood_lab,1,38.84
18,1,3.0,23,17,6,inquiry,3,49.39
22,2,3.0,24,16,6,inquiry,1,32.72
19,4,4.0,33,17,6,blood_lab,0,18.97
19,4,8.5,28,9,6,certificate,2,36.75
34,1,4.0,38,10,1,blood_lab,1,131.44
6,4,8.5,14,9,5,certificate,2,8.53
32,2,10.0,45,16,3,registration,0,160.52
5,2,3.0,17,12,1,inquiry,2,7.86
34,4,6.0,38,16,5,consultation,3,43.89
23,1,3.0,35,11,4,inquiry,0,97.44
16,1,4.0,25,15,6,blood_lab,0,63.27
28,3,6.0,39,9,4,consultation,3,61.13
1,3,3.0,14,13,5,inquiry,0,0.54
31,2,4.0,44,8,5,blood_lab,0,61.1
11,2,10.0,15,10,1,registration,3,50.02
32,3,3.0,37,11,0,inquiry,2,45.05
31,4,8.5,41,15,3,certificate,2,64.32
12,4,6.0,15,14,2,consultation,0,23.31
5,4,10.0,15,10,1,registration,2,7.42
22,3,4.0,33,16,4,blood_lab,2,31.58
34,3,6.0,43,9,3,consultation,2,65.68
0,3,10.0,13,17,6,registration,1,0.5
10,3,6.0,17,10,2,consultation,0,18.69
20,3,4.0,23,15,5,blood_lab,2,22.33
13,1,3.0,25,14,6,inquiry,2,43.89
23,2,10.0,34,12,6,registration,3,138.92
14,3,10.0,22,8,2,registration,2,40.96
27,2,4.0,29,13,2,blood_lab,0,66.78
17,1,6.0,21,10,3,consultation,2,101.45
13,2,10.0,27,12,4,registration,2,87.32
19,3,4.0,22,11,1,blood_lab,3,24.35
17,2,8.5,27,15,1,certificate,3,65.34
21,1,3.0,33,17,3,inquiry,2,57.27
5,2,6.0,7,17,1,consultation,0,14.06
28,3,4.0,30,9,1,blood_lab,1,35.88
10,1,10.0,13,11,0,registration,0,143.99
3,4,10.0,6,10,5,registration,3,2.86
5,4,10.0,13,16,0,registration,1,12.58
34,2,8.5,42,17,1,certificate,3,139.15
16,2,6.0,29,12,6,consultation,2,58.47
32,2,8.5,38,11,4,certificate,1,191.09
15,4,4.0,22,15,2,blood_lab,3,13.98
5,1,8.5,16,9,5,certificate,2,39.51
10,4,6.0,23,13,5,consultation,3,18.42
9,2,6.0,23,10,0,consultation,0,30.61
14,1,6.0,16,12,1,consultation,3,98.35
30,4,3.0,35,11,4,inquiry,3,29.79
14,3,10.0,18,9,3,registration,3,36.96
23,1,4.0,31,12,3,blood_lab,2,114.15
12,3,3.0,21,11,0,inquiry,0,18.8
9,1,4.0,21,13,4,blood_lab,3,46.09
19,1,3.0,24,16,5,inquiry,2,52.8
6,2,6.0,20,14,1,consultation,3,20.52
0,1,4.0,10,10,5,blood_lab,2,0.5
32,2,10.0,42,14,5,registration,2,194.55
32,2,6.0,41,10,1,consultation,1,93.01
7,2,3.0,20,10,4,inquiry,0,11.64
18,2,10.0,19,11,2,registration,1,107.81
25,1,10.0,27,13,4,registration,1,357.51
6,2,3.0,14,17,0,inquiry,3,5.4
8,3,4.0,10,14,5,blood_lab,2,12.85
13,1,6.0,22,13,3,consultation,1,98.98
1,4,3.0,6,14,6,inquiry,1,1.44
33,3,3.0,38,8,1,inquiry,1,32.04
12,4,8.5,14,13,4,certificate,0,36.55
0,3,10.0,11,13,6,registration,1,0.5
23,3,4.0,34,14,5,blood_lab,0,38.49
28,1,10.0,39,11,5,registration,0,350.51
10,1,8.5,11,16,3,certificate,2,81.78
1,3,3.0,6,9,6,inquiry,0,0.56
13,1,4.0,25,17,5,blood_lab,1,47.12
1,2,10.0,7,9,4,registration,3,0.64
32,2,6.0,43,13,6,consultation,3,115.35
30,4,10.0,40,15,2,registration,3,67.02
32,3,3.0,40,12,4,inquiry,3,40.99
20,4,3.0,27,10,6,inquiry,3,10.42
5,4,3.0,7,9,2,inquiry,1,1.47
18,1,4.0,32,11,6,blood_lab,1,88.51
14,3,3.0,22,13,5,inquiry,0,17.87
33,3,4.0,41,17,4,blood_lab,1,47.25
1,4,6.0,14,12,1,consultation,2,0.5
29,4,4.0,37,11,3,blood_lab,2,33.4
8,3,10.0,21,9,6,registration,2,23.34
2,3,8.5,6,17,1,certificate,2,3.45
26,3,4.0,37,10,4,blood_lab,2,36.92
10,1,10.0,13,13,6,registration,3,119.45
2,1,8.5,14,9,2,certificate,0,20.4
3,4,3.0,6,17,4,inquiry,2,0.5
2,1,10.0,5,12,4,registration,2,23.97
23,3,8.5,24,14,4,certificate,2,89.13
34,2,3.0,37,14,5,inquiry,1,60.29
23,3,3.0,24,10,1,inquiry,1,23.5
20,3,10.0,32,16,3,registration,1,68.89
29,4,8.5,35,17,5,certificate,1,60.74
2,3,4.0,14,13,4,blood_lab,0,5.19
15,2,4.0,23,8,1,blood_lab,1,28.78
26,3,8.5,27,16,2,certificate,1,71.96
20,4,8.5,29,16,0,certificate,2,47.8
23,1,6.0,29,14,1,consultation,2,169.92
29,4,10.0,36,8,6,registration,2,72.08
3,2,10.0,7,12,1,registration,0,16.62
21,4,4.0,30,11,3,blood_lab,0,27.93
32,3,4.0,41,9,6,blood_lab,1,41.57
12,1,8.5,15,17,5,certificate,3,97.55
1,3,6.0,7,9,2,consultation,2,0.5
18,4,8.5,29,11,2,certificate,0,47.37
9,2,3.0,15,8,6,inquiry,1,12.04
33,4,8.5,35,12,3,certificate,1,86.21
17,4,8.5,30,16,4,certificate,3,35.56
32,4,10.0,42,17,0,registration,0,94.54
11,4,3.0,21,10,4,inquiry,0,5.12
26,2,10.0,29,17,6,registration,0,130.88
18,2,3.0,30,13,3,inquiry,0,32.82
21,3,4.0,30,17,1,blood_lab,1,25.27
4,2,8.5,7,13,2,certificate,2,20.42
11,4,3.0,16,13,2,inquiry,2,4.21
14,1,8.5,23,14,3,certificate,1,148.3
17,1,3.0,26,14,5,inquiry,1,61.69
4,2,10.0,18,12,2,registration,3,19.45
4,4,4.0,9,14,4,blood_lab,1,4.11
4,4,4.0,8,12,3,blood_lab,0,7.24
28,2,4.0,37,11,3,blood_lab,1,70.0
23,4,4.0,29,14,1,blood_lab,0,28.46
17,4,4.0,22,8,4,blood_lab,3,14.02
20,1,3.0,25,15,3,inquiry,0,57.69
18,3,8.5,21,13,6,certificate,2,61.33
21,3,6.0,34,10,6,consultation,2,38.92
19,1,6.0,22,17,4,consultation,2,126.06
14,1,3.0,25,14,6,inquiry,2,47.94
30,1,3.0,40,14,4,inquiry,1,125.86
26,2,8.5,30,12,0,certificate,2,158.47
32,2,10.0,37,11,0,registration,3,224.52
29,4,4.0,36,9,1,blood_lab,0,29.19
28,2,4.0,37,8,0,blood_lab,2,59.55
26,4,3.0,30,9,3,inquiry,0,16.2
12,4,8.5,18,10,1,certificate,0,25.67
22,2,6.0,25,11,1,consultation,2,79.23
29,3,8.5,39,8,5,certificate,3,78.28
23,1,8.5,28,12,6,certificate,2,241.29
26,3,8.5,38,17,1,certificate,3,68.6
9,2,4.0,18,16,5,blood_lab,2,12.01
13,1,10.0,16,16,4,registration,1,149.03
29,4,4.0,41,9,5,blood_lab,0,31.3
17,3,3.0,21,13,0,inquiry,2,21.34
24,2,10.0,29,17,1,registration,0,119.3
32,1,4.0,33,14,5,blood_lab,2,153.08
31,4,8.5,35,8,5,certificate,1,65.52
0,1,6.0,11,17,2,consultation,1,0.5
10,1,10.0,15,13,1,registration,3,120.82
7,4,4.0,21,8,6,blood_lab,1,10.71
3,2,8.5,16,14,4,certificate,0,19.38
15,1,4.0,26,16,4,blood_lab,2,64.27
22,2,4.0,32,15,6,blood_lab,2,41.38
14,2,8.5,18,13,0,certificate,2,84.25
26,1,4.0,33,9,2,blood_lab,0,104.28
15,2,10.0,27,14,2,registration,1,90.11
16,3,10.0,20,12,0,registration,3,71.6
18,1,3.0,22,10,0,inquiry,3,56.81
29,3,4.0,35,11,4,blood_lab,2,52.26
34,3,6.0,45,8,6,consultation,1,66.91
6,2,10.0,18,15,0,registration,1,33.21
17,3,3.0,18,14,2,inquiry,2,17.8
22,1,3.0,29,15,3,inquiry,2,59.93
27,3,4.0,40,10,1,blood_lab,2,32.63
16,3,6.0,20,13,1,consultation,3,36.24
29,2,4.0,33,13,4,blood_lab,2,82.64
26,1,4.0,37,17,2,blood_lab,3,102.52
1,3,4.0,14,11,5,blood_lab,0,2.96
5,4,10.0,12,10,1,registration,1,11.34
11,4,10.0,21,14,0,registration,1,38.34
0,3,4.0,7,17,5,blood_lab,1,0.5
9,3,8.5,19,17,3,certificate,1,26.91
16,2,8.5,27,15,0,certificate,2,73.28
25,1,6.0,32,15,0,consultation,2,170.86
7,3,4.0,9,14,5,blood_lab,3,4.45
24,3,4.0,27,15,1,blood_lab,0,31.92
1,4,10.0,8,12,1,registration,1,3.01
3,4,4.0,11,13,0,blood_lab,2,0.5
22,4,4.0,23,10,1,blood_lab,0,22.67
4,3,10.0,16,8,4,registration,1,12.81
28,3,8.5,40,9,4,certificate,3,82.44
30,2,6.0,39,11,4,consultation,0,131.24
4,2,10.0,10,8,0,registration,0,20.91
14,4,4.0,19,10,5,blood_lab,2,12.58
11,3,8.5,18,16,3,certificate,0,28.95
12,2,3.0,26,14,5,inquiry,3,16.5
26,1,8.5,30,10,4,certificate,2,253.05
22,3,10.0,24,16,0,registration,0,86.59
11,1,8.5,12,9,1,certificate,0,92.35
23,4,10.0,24,17,3,registration,0,56.29
20,2,6.0,31,11,0,consultation,2,81.79
34,2,3.0,37,8,5,inquiry,0,50.83
23,4,8.5,34,12,2,certificate,0,60.51
31,2,10.0,38,16,5,registration,2,151.58
25,4,8.5,27,16,1,certificate,2,49.11
4,3,10.0,16,10,4,registration,3,8.91
26,2,10.0,37,16,4,registration,1,146.88
5,3,8.5,12,16,0,certificate,2,11.33
16,3,4.0,28,10,2,blood_lab,2,19.51
29,2,10.0,32,16,6,registration,3,139.58
28,1,10.0,42,9,5,registration,0,280.22
1,3,3.0,8,11,6,inquiry,0,0.5
12,4,4.0,21,12,6,blood_lab,3,10.04
26,4,6.0,29,8,5,consultation,1,35.24
31,4,6.0,39,12,2,consultation,0,59.17
10,3,8.5,21,13,0,certificate,1,39.51
6,2,10.0,17,14,1,registration,3,30.05
32,3,10.0,41,12,3,registration,1,130.88
33,4,10.0,38,11,0,registration,1,121.46
7,4,3.0,10,17,1,inquiry,2,0.5
1,1,3.0,8,15,2,inquiry,1,4.08
17,4,3.0,19,12,1,inquiry,0,16.92
5,2,4.0,10,15,1,blood_lab,1,5.87
13,2,6.0,17,8,5,consultation,1,39.32
15,4,3.0,21,13,1,inquiry,2,11.54
7,4,8.5,8,16,0,certificate,0,17.22
29,4,6.0,33,11,1,consultation,3,48.35
3,2,4.0,11,14,2,blood_lab,1,6.4
12,2,6.0,18,8,2,consultation,0,36.12
5,4,4.0,8,16,5,blood_lab,0,4.37
9,2,8.5,16,17,2,certificate,2,33.35
1,4,6.0,11,8,0,consultation,0,2.97
18,1,10.0,23,16,1,registration,0,181.78
14,2,10.0,22,10,3,registration,2,67.31
33,1,4.0,41,14,0,blood_lab,0,188.99
10,3,10.0,19,12,0,registration,0,47.69
15,1,4.0,23,12,1,blood_lab,0,76.92
13,2,3.0,20,15,6,inquiry,2,18.53
33,2,10.0,45,12,1,registration,3,200.4
12,4,4.0,14,10,3,blood_lab,1,11.64
15,4,8.5,18,10,3,certificate,0,30.42
32,2,3.0,40,15,6,inquiry,3,46.01
19,4,10.0,23,11,3,registration,1,59.91
27,3,10.0,41,16,1,registration,1,90.66
23,4,3.0,30,12,1,inquiry,1,20.56
15,3,4.0,17,16,6,blood_lab,3,16.15
32,3,6.0,42,15,5,consultation,3,57.73
13,1,6.0,22,12,6,consultation,1,99.96
31,4,8.5,44,8,1,certificate,3,61.42
10,1,8.5,22,17,0,certificate,2,95.73
3,2,4.0,11,11,6,blood_lab,0,8.13
6,4,10.0,10,8,5,registration,0,18.36
17,2,10.0,20,14,4,registration,1,119.17
15,1,3.0,20,17,2,inquiry,0,43.57
19,1,8.5,27,11,5,certificate,2,198.45
23,4,8.5,24,12,5,certificate,0,61.7
33,1,6.0,39,8,5,consultation,3,195.87
6,2,8.5,12,13,5,certificate,1,29.01
8,3,3.0,10,9,4,inquiry,1,8.82
13,4,3.0,26,10,6,inquiry,2,7.37
7,3,4.0,20,14,6,blood_lab,1,10.88
1,3,8.5,10,13,5,certificate,2,1.15
21,4,8.5,29,13,6,certificate,3,53.04
7,4,6.0,20,15,5,consultation,1,9.66
19,4,10.0,33,10,5,registration,1,44.93
5,4,4.0,8,10,1,blood_lab,2,3.69
9,1,10.0,10,16,4,registration,1,104.56
30,4,10.0,37,9,1,registration,1,74.88
30,4,4.0,35,14,3,blood_lab,0,35.43
3,2,4.0,12,14,5,blood_lab,0,6.27
6,3,8.5,17,17,2,certificate,2,13.53
34,4,6.0,39,14,0,consultation,0,74.38
2,1,4.0,13,8,2,blood_lab,2,5.86
1,3,4.0,5,12,3,blood_lab,0,3.67
0,3,6.0,4,15,3,consultation,3,0.5
19,1,6.0,23,12,1,consultation,0,145.33
9,1,8.5,18,12,5,certificate,0,95.28
5,2,10.0,16,9,6,registration,1,20.18
19,4,3.0,33,17,5,inquiry,1,12.16
24,2,4.0,31,10,4,blood_lab,1,53.0
26,1,10.0,27,13,4,registration,0,372.08
30,1,3.0,41,13,2,inquiry,1,113.66
9,4,4.0,20,11,4,blood_lab,0,12.29
6,1,3.0,18,16,1,inquiry,0,16.06
30,2,3.0,37,8,2,inquiry,1,45.96
4,1,10.0,10,10,6,registration,1,39.42
6,2,6.0,8,11,1,consultation,1,21.86
12,1,10.0,21,17,5,registration,2,120.07
13,4,10.0,18,12,3,registration,2,39.7
24,1,10.0,28,9,1,registration,1,236.39
5,2,3.0,9,14,4,inquiry,0,12.12
23,2,8.5,37,8,6,certificate,0,100.3
1,4,6.0,13,9,0,consultation,2,0.68
11,3,8.5,14,10,2,certificate,2,28.54
24,1,10.0,34,10,0,registration,0,277.93
13,1,6.0,19,9,6,consultation,3,73.91
4,1,4.0,15,16,6,blood_lab,1,15.36
1,3,10.0,13,10,4,registration,0,5.7
0,4,3.0,7,16,4,inquiry,0,1.62
3,4,8.5,17,15,2,certificate,1,5.55
30,1,3.0,31,16,1,inquiry,2,85.11
15,4,3.0,19,14,4,inquiry,1,18.13
16,1,4.0,25,10,3,blood_lab,3,59.53
23,2,8.5,25,11,0,certificate,2,137.13
3,2,10.0,7,12,2,registration,1,17.74
17,1,3.0,21,12,4,inquiry,0,74.72
13,1,6.0,21,9,1,consultation,0,80.84
30,4,8.5,35,13,3,certificate,3,74.9
4,2,10.0,7,15,2,registration,0,20.1
24,4,4.0,27,17,6,blood_lab,3,19.65
17,1,6.0,20,14,5,consultation,1,122.5
23,1,8.5,28,12,3,certificate,0,248.8
7,4,10.0,12,16,1,registration,1,15.46
22,1,4.0,31,12,6,blood_lab,2,106.17
33,4,8.5,44,11,2,certificate,0,83.07
2,3,6.0,10,14,0,consultation,3,1.78
26,1,6.0,37,14,4,consultation,0,221.64
29,4,10.0,38,14,3,registration,0,88.45
32,2,3.0,40,10,3,inquiry,2,42.97
27,3,10.0,36,8,4,registration,3,98.4
31,1,6.0,35,12,2,consultation,1,228.72
27,4,8.5,41,14,2,certificate,0,71.35
9,2,8.5,12,16,0,certificate,2,45.35
22,2,10.0,33,11,3,registration,1,135.03
5,3,10.0,18,12,6,registration,3,15.92
21,1,10.0,27,17,5,registration,2,207.81
33,3,4.0,47,14,0,blood_lab,0,63.88
22,2,8.5,27,11,1,certificate,1,115.95
10,3,8.5,13,17,6,certificate,3,29.03
0,3,4.0,4,10,4,blood_lab,3,0.5
27,4,6.0,36,13,2,consultation,0,52.07
24,2,10.0,38,17,5,registration,1,118.98
15,4,8.5,28,8,5,certificate,3,28.28
12,1,6.0,21,13,5,consultation,0,87.64
33,2,3.0,46,8,1,inquiry,1,49.27
16,1,4.0,22,14,0,blood_lab,1,94.22
16,4,3.0,25,10,5,inquiry,0,13.65
26,3,6.0,40,17,5,consultation,1,51.02
10,4,6.0,21,14,4,consultation,3,16.36
5,4,8.5,17,13,4,certificate,2,12.69
16,1,6.0,28,8,6,consultation,0,96.66
16,2,10.0,29,8,1,registration,2,75.52
8,2,4.0,21,17,5,blood_lab,2,12.28
26,4,8.5,37,10,6,certificate,1,51.03
28,3,4.0,38,17,6,blood_lab,2,37.36
13,3,8.5,18,12,0,certificate,0,50.74
23,2,10.0,37,13,0,registration,0,165.43
25,1,3.0,35,9,0,inquiry,2,84.18
17,4,3.0,24,14,0,inquiry,0,19.06
32,3,3.0,34,10,3,inquiry,1,31.86
15,4,10.0,23,12,1,registration,3,43.0
24,3,3.0,30,14,6,inquiry,2,24.74
31,3,6.0,32,17,4,consultation,3,63.05
28,3,3.0,34,13,4,inquiry,2,38.33
8,3,8.5,14,10,5,certificate,0,18.45
15,1,8.5,22,10,1,certificate,3,125.49
13,3,8.5,20,8,4,certificate,1,41.69
1,1,4.0,15,11,5,blood_lab,2,3.32
31,3,6.0,41,8,0,consultation,3,67.33
11,1,6.0,25,15,5,consultation,1,63.88
25,4,4.0,29,11,6,blood_lab,0,27.83
10,3,6.0,20,9,5,consultation,0,20.42
19,3,8.5,21,11,6,certificate,2,65.37
6,2,10.0,10,17,2,registration,3,27.94
20,1,6.0,34,13,3,consultation,3,145.5
28,3,10.0,41,16,6,registration,0,93.84
20,1,6.0,34,12,2,consultation,0,152.5
34,3,8.5,42,16,1,certificate,3,91.68
0,4,10.0,6,16,0,registration,2,0.5
16,3,6.0,19,9,5,consultation,3,28.76
4,2,6.0,10,13,5,consultation,3,10.58
14,4,4.0,23,8,2,blood_lab,1,11.02
8,4,10.0,11,17,0,registration,2,19.72
11,1,10.0,16,14,1,registration,0,136.77
16,3,6.0,20,8,5,consultation,1,27.76
11,1,8.5,22,12,3,certificate,0,116.98
27,2,3.0,33,13,2,inquiry,3,47.74
12,1,6.0,24,10,3,consultation,3,70.38
2,1,6.0,4,11,2,consultation,0,15.69
20,2,4.0,27,14,0,blood_lab,3,52.54
21,1,8.5,34,11,2,certificate,2,216.6
33,2,4.0,44,11,0,blood_lab,1,93.07
17,1,6.0,26,17,0,consultation,3,111.97
9,4,8.5,14,15,5,certificate,3,16.13
5,3,8.5,7,9,4,certificate,0,19.19
4,4,10.0,12,12,4,registration,3,10.73
14,1,10.0,21,14,2,registration,3,169.52
25,2,3.0,37,10,0,inquiry,0,45.17
10,1,10.0,14,9,2,registration,3,98.45
7,4,6.0,9,12,2,consultation,1,12.72
18,1,3.0,29,15,5,inquiry,1,51.17
4,1,3.0,7,14,2,inquiry,0,18.57
34,3,10.0,46,11,0,registration,2,160.43
17,3,8.5,23,11,2,certificate,1,58.14
34,1,10.0,39,9,0,registration,1,390.81
32,4,6.0,45,14,2,consultation,3,56.56
31,1,6.0,43,9,1,consultation,2,182.6
29,2,10.0,34,12,0,registration,3,197.3
33,1,10.0,47,12,0,registration,3,471.89
19,3,4.0,25,13,1,blood_lab,0,30.7
32,3,4.0,37,17,3,blood_lab,2,40.74
5,1,10.0,18,8,0,registration,0,58.02
33,2,3.0,39,8,6,inquiry,3,44.09
1,1,3.0,13,17,0,inquiry,1,0.73
7,1,8.5,12,16,5,certificate,0,56.72
16,4,3.0,25,16,2,inquiry,0,10.71
27,2,6.0,36,11,2,consultation,0,101.46
17,4,8.5,29,16,6,certificate,2,33.3
14,4,6.0,23,10,5,consultation,3,18.14
27,2,4.0,35,10,2,blood_lab,2,51.96
19,2,4.0,21,10,4,blood_lab,2,41.17
4,1,8.5,16,8,3,certificate,2,34.05
24,4,8.5,25,14,2,certificate,3,58.12
4,1,6.0,7,15,4,consultation,2,24.79
30,4,3.0,40,9,1,inquiry,3,20.6
11,2,4.0,21,14,6,blood_lab,3,22.54
32,3,10.0,38,17,6,registration,2,101.4
28,1,6.0,39,13,6,consultation,0,209.11
2,1,8.5,9,17,3,certificate,3,14.22
18,3,4.0,23,12,1,blood_lab,0,29.68
26,3,6.0,33,17,0,consultation,1,56.9
9,4,8.5,22,9,1,certificate,2,13.36
31,2,10.0,33,12,4,registration,0,220.8
0,4,8.5,4,8,1,certificate,2,0.5
13,3,10.0,14,16,1,registration,3,37.98
15,3,6.0,17,17,0,consultation,1,33.97
23,3,10.0,37,10,6,registration,2,72.22
21,2,8.5,30,9,2,certificate,1,85.84
18,4,3.0,23,17,2,inquiry,3,9.45
33,2,10.0,43,8,6,registration,0,164.32
34,2,4.0,46,10,1,blood_lab,1,66.99
2,1,8.5,12,16,5,certificate,1,13.6
11,3,6.0,14,10,0,consultation,1,23.52
12,3,8.5,14,13,3,certificate,2,37.77
18,3,3.0,27,11,5,inquiry,2,19.62
34,1,8.5,46,8,5,certificate,0,287.01
24,1,3.0,30,12,1,inquiry,0,93.2
13,3,3.0,19,17,4,inquiry,1,8.47
24,1,6.0,38,9,6,consultation,2,142.12
5,4,6.0,11,10,6,consultation,2,4.82
2,1,10.0,13,11,5,registration,3,21.85
31,2,6.0,41,15,5,consultation,0,92.15
4,1,4.0,6,15,2,blood_lab,1,14.46
1,3,8.5,11,14,4,certificate,3,0.5
1,3,3.0,7,17,0,inquiry,3,0.5
20,2,10.0,22,14,4,registration,3,139.69
18,1,10.0,20,12,1,registration,0,225.49
4,4,8.5,10,9,4,certificate,2,6.06
14,3,4.0,22,8,5,blood_lab,1,14.13
15,1,6.0,16,10,6,consultation,3,85.05
2,3,8.5,16,13,5,certificate,1,2.71
30,2,6.0,43,15,5,consultation,1,87.1
1,3,4.0,7,17,2,blood_lab,1,0.66
30,4,8.5,43,16,4,certificate,0,74.48
26,4,10.0,28,14,4,registration,3,90.71
28,4,8.5,34,12,5,certificate,0,72.9
12,2,6.0,14,15,6,consultation,1,31.28
8,3,3.0,15,12,0,inquiry,1,10.24
28,4,10.0,35,9,0,registration,0,81.05
12,1,4.0,19,15,2,blood_lab,3,42.44
32,3,3.0,42,15,5,inquiry,1,32.17
6,3,3.0,8,13,1,inquiry,1,5.35
11,1,3.0,20,17,5,inquiry,3,27.77
25,4,8.5,30,14,1,certificate,2,66.75
12,4,10.0,15,8,1,registration,1,26.5
26,2,8.5,32,15,0,certificate,0,127.22
7,3,4.0,9,14,5,blood_lab,3,8.95
7,1,10.0,15,12,3,registration,1,87.56
11,2,3.0,17,12,1,inquiry,2,18.36
0,2,10.0,5,12,0,registration,2,0.5
24,4,6.0,35,13,6,consultation,1,41.61
29,1,4.0,36,8,5,blood_lab,2,113.61
14,1,3.0,28,11,5,inquiry,1,48.74
11,3,4.0,21,13,4,blood_lab,2,20.27
16,3,8.5,26,12,1,certificate,1,56.36
8,3,3.0,15,9,3,inquiry,3,4.77
7,4,8.5,13,11,4,certificate,1,16.71
34,4,10.0,46,10,6,registration,2,82.55
25,3,8.5,30,8,3,certificate,1,68.47
23,3,10.0,34,14,5,registration,1,93.26
30,3,10.0,43,15,4,registration,0,115.72
11,3,3.0,12,17,2,inquiry,2,9.65
26,2,3.0,28,14,5,inquiry,3,44.17
26,1,6.0,33,12,4,consultation,1,221.96
6,1,8.5,8,17,5,certificate,2,52.38
13,3,6.0,21,12,6,consultation,0,34.87
33,3,10.0,35,14,0,registration,1,156.2
6,4,8.5,17,8,3,certificate,1,9.86
17,4,10.0,19,10,2,registration,1,40.35
29,1,3.0,40,14,6,inquiry,2,105.79
18,1,3.0,24,15,3,inquiry,1,54.14
30,2,6.0,40,17,1,consultation,3,87.31
22,4,4.0,34,8,4,blood_lab,3,25.38
26,2,3.0,33,15,1,inquiry,1,40.85
24,3,8.5,31,17,2,certificate,2,64.05
34,4,10.0,35,12,2,registration,2,100.66
10,2,8.5,19,9,4,certificate,2,47.53
11,1,8.5,20,14,1,certificate,0,120.1
9,2,6.0,13,17,5,consultation,1,26.42
21,3,8.5,34,12,6,certificate,2,69.16
4,4,3.0,17,11,0,inquiry,1,0.51
19,3,3.0,20,14,5,inquiry,1,21.5
2,4,8.5,12,15,2,certificate,0,4.82
4,4,10.0,14,12,0,registration,0,14.18
27,4,4.0,38,15,0,blood_lab,1,32.73
17,3,4.0,27,11,4,blood_lab,3,28.7
8,1,6.0,21,17,0,consultation,3,48.83
3,1,3.0,5,8,4,inquiry,2,9.03
17,4,10.0,25,14,1,registration,0,53.96
17,2,4.0,27,13,2,blood_lab,3,39.44
1,4,4.0,10,16,2,blood_lab,1,0.5
3,3,6.0,5,17,1,consultation,0,10.23
19,4,6.0,28,17,0,consultation,3,30.56
3,3,4.0,12,12,6,blood_lab,0,3.74
14,3,8.5,27,8,1,certificate,0,39.08
32,2,4.0,35,11,3,blood_lab,0,81.19
14,1,3.0,15,14,1,inquiry,3,47.23
1,2,3.0,11,9,3,inquiry,3,0.5
29,2,3.0,40,10,1,inquiry,2,44.34
2,4,8.5,5,11,5,certificate,0,6.4
7,3,3.0,17,12,4,inquiry,3,9.54
29,4,4.0,34,13,5,blood_lab,1,33.01
27,4,10.0,37,12,3,registration,1,83.22
20,1,4.0,33,8,6,blood_lab,0,81.05
22,4,8.5,24,12,1,certificate,2,56.4
22,4,10.0,31,9,0,registration,2,60.18
1,1,3.0,7,17,5,inquiry,2,2.27
11,3,10.0,22,8,0,registration,3,39.39
17,4,10.0,21,9,4,registration,2,44.23
17,1,6.0,26,15,0,consultation,0,115.23
10,4,10.0,17,15,5,registration,1,22.2
15,1,4.0,23,9,2,blood_lab,0,62.48
7,4,3.0,14,9,1,inquiry,2,1.04
32,1,3.0,46,14,3,inquiry,1,122.36
10,2,10.0,18,14,5,registration,0,61.5
0,4,4.0,5,9,0,blood_lab,1,0.5
3,1,3.0,12,17,5,inquiry,0,6.4
34,4,4.0,43,13,0,blood_lab,3,45.12
19,3,3.0,23,8,1,inquiry,0,18.71
2,3,3.0,11,15,1,inquiry,2,0.86
3,2,3.0,17,14,5,inquiry,1,5.42
21,1,10.0,25,16,2,registration,2,208.21
31,3,6.0,34,8,2,consultation,0,61.84
1,4,4.0,15,10,4,blood_lab,1,0.5
21,4,10.0,26,14,6,registration,3,62.01
30,2,8.5,36,11,2,certificate,0,158.26
25,4,4.0,38,13,6,blood_lab,3,26.44
7,4,3.0,17,17,0,inquiry,0,7.28
6,4,4.0,8,15,1,blood_lab,0,4.94
11,1,3.0,21,16,4,inquiry,2,36.15
29,4,10.0,34,14,4,registration,3,99.07
12,4,6.0,20,13,6,consultation,3,17.08
9,3,8.5,17,13,2,certificate,3,26.11
1,1,3.0,8,8,6,inquiry,0,3.84
28,4,8.5,31,11,3,certificate,3,71.55
15,1,3.0,21,17,0,inquiry,3,44.05
30,4,8.5,42,16,1,certificate,2,62.0
18,2,10.0,26,8,3,registration,0,85.47
7,1,8.5,21,8,3,certificate,0,57.34
34,4,8.5,46,15,0,certificate,3,79.31
23,3,6.0,36,13,4,consultation,0,65.51
32,3,3.0,42,16,3,inquiry,0,31.16
19,4,3.0,30,11,0,inquiry,2,16.06
29,2,10.0,33,11,0,registration,3,203.49
4,4,3.0,10,11,5,inquiry,3,0.5
15,4,10.0,27,16,2,registration,1,35.95
21,2,3.0,34,17,5,inquiry,2,28.57
5,1,4.0,18,17,0,blood_lab,2,18.07
13,3,3.0,16,15,1,inquiry,0,11.87
11,2,6.0,18,17,5,consultation,0,31.38
1,3,3.0,5,13,4,inquiry,3,0.5
2,1,6.0,14,17,3,consultation,2,8.22
4,2,3.0,9,10,1,inquiry,3,1.17
9,1,8.5,11,11,4,certificate,3,105.72
26,1,10.0,30,10,0,registration,1,296.32
8,1,3.0,15,10,5,inquiry,0,25.34
34,4,3.0,46,11,6,inquiry,2,31.42
15,2,4.0,29,14,4,blood_lab,0,41.59
1,4,4.0,7,16,4,blood_lab,0,1.66
19,4,10.0,32,11,2,registration,3,53.75
2,4,8.5,6,16,5,certificate,1,3.83
34,3,10.0,47,17,5,registration,3,106.25
5,2,3.0,16,17,3,inquiry,1,8.45
6,3,3.0,17,15,1,inquiry,2,2.41
12,2,3.0,18,8,3,inquiry,3,15.86
9,1,4.0,10,12,4,blood_lab,0,54.08
8,4,3.0,20,15,5,inquiry,0,8.28
23,4,6.0,37,9,6,consultation,2,31.3
20,1,3.0,27,10,3,inquiry,1,58.63
19,3,10.0,30,9,1,registration,3,59.51
15,2,6.0,16,11,1,consultation,0,57.04
30,2,6.0,36,9,4,consultation,2,100.48
28,2,4.0,36,12,5,blood_lab,2,66.94
13,4,3.0,27,15,3,inquiry,1,11.5
19,4,10.0,29,14,6,registration,0,57.46
3,3,6.0,10,13,3,consultation,3,4.33
18,4,8.5,22,11,1,certificate,2,40.84
28,1,4.0,35,11,5,blood_lab,3,136.21
19,4,4.0,28,12,0,blood_lab,2,23.63
27,1,4.0,31,9,1,blood_lab,0,109.71
15,2,10.0,25,8,1,registration,1,76.34
6,1,4.0,7,16,4,blood_lab,3,25.36
18,2,3.0,29,11,2,inquiry,1,30.96
15,3,4.0,25,9,1,blood_lab,0,20.49
20,3,10.0,24,15,6,registration,1,62.76
14,2,8.5,20,8,6,certificate,2,59.24
12,3,4.0,13,10,4,blood_lab,1,17.78
20,1,6.0,34,12,0,consultation,3,169.54
10,4,8.5,22,15,6,certificate,2,18.05
18,2,4.0,19,10,2,blood_lab,2,32.49
7,1,6.0,10,11,2,consultation,3,47.07
32,4,10.0,34,12,5,registration,3,95.55
16,2,3.0,27,16,5,inquiry,3,23.8
6,1,6.0,11,13,5,consultation,2,44.09
11,2,10.0,20,16,6,registration,3,52.96
0,1,4.0,13,13,0,blood_lab,0,0.8
2,1,10.0,4,13,6,registration,0,22.09
21,3,8.5,25,13,4,certificate,0,82.87
31,3,10.0,33,12,3,registration,3,122.97
6,3,3.0,14,14,1,inquiry,2,5.07
2,3,3.0,5,11,5,inquiry,1,0.5
5,4,8.5,15,16,1,certificate,0,12.86
31,2,3.0,35,12,6,inquiry,1,54.94
2,2,10.0,14,16,0,registration,3,6.52
29,1,8.5,40,11,3,certificate,3,304.35
7,4,10.0,8,8,6,registration,3,12.5
4,3,8.5,11,16,1,certificate,2,10.38
28,4,10.0,42,17,6,registration,3,69.01
3,2,3.0,16,16,6,inquiry,3,0.5
22,3,8.5,31,14,6,certificate,2,74.1
29,3,4.0,31,14,3,blood_lab,3,42.49
6,2,3.0,19,9,3,inquiry,2,3.09
17,4,10.0,28,16,2,registration,2,38.04
22,1,3.0,34,14,4,inquiry,3,91.08
33,1,4.0,35,9,4,blood_lab,1,151.17
8,2,3.0,13,8,2,inquiry,3,7.33
0,3,8.5,13,9,5,certificate,1,0.5
0,2,6.0,4,15,5,consultation,3,0.5
32,3,3.0,39,8,5,inquiry,0,30.74
7,3,10.0,8,10,5,registration,1,24.72
4,1,8.5,10,14,4,certificate,3,43.97
11,3,6.0,20,14,5,consultation,0,28.69
34,2,3.0,39,15,2,inquiry,0,51.31
29,3,4.0,35,13,0,blood_lab,1,57.11
4,4,8.5,13,13,4,certificate,0,14.95
25,2,10.0,38,16,6,registration,1,123.08
10,2,10.0,16,11,4,registration,2,67.38
2,3,10.0,10,13,3,registration,2,6.7
6,2,4.0,14,15,2,blood_lab,0,8.5
24,3,6.0,32,17,1,consultation,1,47.24
11,4,6.0,14,17,3,consultation,1,13.98
24,2,3.0,32,17,4,inquiry,3,39.85
11,4,4.0,15,17,6,blood_lab,1,8.56
10,1,10.0,22,15,4,registration,2,114.71
13,2,8.5,14,9,4,certificate,2,60.85
10,3,8.5,15,8,4,certificate,3,26.85
21,2,3.0,27,10,4,inquiry,3,34.12
34,1,6.0,42,12,5,consultation,3,249.34
15,2,8.5,27,14,0,certificate,1,94.37
12,3,6.0,16,11,2,consultation,2,27.92
1,2,4.0,13,9,0,blood_lab,2,0.5
25,2,10.0,28,11,4,registration,3,173.43
15,3,3.0,29,13,0,inquiry,2,17.34
3,3,4.0,13,16,5,blood_lab,2,0.51
2,4,3.0,10,9,4,inquiry,3,0.5
31,1,10.0,43,16,6,registration,1,308.28
18,1,4.0,29,13,0,blood_lab,2,99.51
9,3,10.0,11,11,5,registration,2,36.0
20,2,8.5,28,15,1,certificate,1,84.37
13,1,10.0,21,17,1,registration,1,125.79
11,2,4.0,14,8,5,blood_lab,2,23.45
20,4,4.0,28,15,2,blood_lab,2,15.54
17,1,3.0,25,17,3,inquiry,2,44.93
13,2,4.0,25,11,0,blood_lab,3,32.07
24,4,6.0,36,11,6,consultation,3,40.25
26,4,6.0,28,17,2,consultation,1,36.11
22,3,3.0,36,17,0,inquiry,3,23.9
24,4,10.0,34,8,6,registration,0,58.57
26,3,10.0,38,11,1,registration,3,101.44
1,2,3.0,14,13,5,inquiry,2,0.5
29,2,6.0,36,15,3,consultation,3,86.17
12,1,4.0,20,13,0,blood_lab,2,67.57
10,2,3.0,13,10,1,inquiry,0,14.35
1,1,10.0,2,17,3,registration,2,6.03
23,4,8.5,28,17,3,certificate,2,43.81
5,4,6.0,6,15,1,consultation,1,7.46
2,2,4.0,11,17,0,blood_lab,0,5.39
19,3,8.5,23,16,5,certificate,1,50.23
27,2,10.0,31,14,4,registration,1,193.02
2,4,6.0,14,11,1,consultation,0,2.43
0,4,3.0,4,8,1,inquiry,1,0.5
30,3,8.5,39,10,2,certificate,2,83.29
24,1,6.0,26,8,5,consultation,1,140.71
12,4,3.0,17,14,0,inquiry,0,15.02
31,3,3.0,35,11,4,inquiry,3,40.54
24,3,3.0,30,17,5,inquiry,0,22.36
34,2,6.0,48,14,5,consultation,1,124.36
0,3,10.0,9,11,6,registration,3,0.5
18,2,3.0,24,8,5,inquiry,1,26.51
17,1,4.0,29,9,3,blood_lab,1,62.86
26,4,4.0,27,15,2,blood_lab,1,25.1
32,1,10.0,38,10,3,registration,1,320.08
25,4,3.0,32,12,6,inquiry,2,20.44
25,2,10.0,32,10,0,registration,2,143.03
31,2,6.0,34,12,1,consultation,2,115.42
10,3,3.0,12,13,2,inquiry,2,7.46
30,1,3.0,34,11,1,inquiry,3,107.07
25,1,10.0,29,15,4,registration,3,284.0
9,2,4.0,17,13,3,blood_lab,1,20.05
29,1,10.0,39,13,6,registration,2,359.44
7,4,10.0,18,12,2,registration,0,23.11
17,1,10.0,26,9,3,registration,2,168.18
13,3,6.0,24,15,3,consultation,0,23.79
5,3,10.0,10,8,0,registration,1,19.46
10,2,6.0,24,10,0,consultation,3,32.12
20,3,10.0,32,13,1,registration,2,80.23
28,4,4.0,42,17,5,blood_lab,0,29.59
17,4,6.0,20,12,2,consultation,3,28.1
22,3,10.0,34,14,3,registration,2,91.56
7,1,10.0,9,12,3,registration,1,89.62
30,4,3.0,40,9,3,inquiry,0,26.41
22,3,10.0,25,14,1,registration,0,90.24
1,3,8.5,15,15,1,certificate,3,0.5
10,4,10.0,14,9,6,registration,0,25.41
0,3,10.0,5,10,2,registration,1,0.5
13,2,6.0,23,15,1,consultation,0,37.33
3,2,3.0,7,14,5,inquiry,1,3.35
4,3,3.0,17,10,2,inquiry,3,0.5
7,2,8.5,15,15,3,certificate,2,27.42
30,1,10.0,44,8,2,registration,0,302.08
3,2,10.0,7,14,5,registration,3,13.82
5,3,4.0,15,14,1,blood_lab,1,6.14
7,4,4.0,10,8,2,blood_lab,3,3.1
24,4,3.0,37,14,0,inquiry,0,27.92
29,3,6.0,40,12,0,consultation,2,80.59
4,3,4.0,10,15,0,blood_lab,2,1.6
26,1,3.0,32,13,2,inquiry,0,98.73
25,1,10.0,36,14,6,registration,0,310.86
10,3,10.0,12,10,4,registration,1,40.33
14,1,6.0,24,8,3,consultation,0,84.36
33,3,8.5,45,12,3,certificate,2,118.46
20,2,4.0,21,16,4,blood_lab,3,42.04
32,2,3.0,43,14,1,inquiry,2,55.8
22,3,6.0,28,14,6,consultation,2,52.04
19,4,10.0,20,11,6,registration,2,56.66
3,3,10.0,6,13,3,registration,2,8.82
24,4,3.0,30,11,0,inquiry,2,24.16
24,4,8.5,30,10,3,certificate,0,49.43
28,2,6.0,38,16,1,consultation,2,80.36
9,1,4.0,23,10,6,blood_lab,1,37.69
13,2,4.0,21,9,5,blood_lab,1,22.02
21,1,6.0,35,11,3,consultation,2,152.33
8,4,4.0,16,12,4,blood_lab,0,9.9
28,1,10.0,41,11,4,registration,3,395.72
3,4,4.0,9,15,2,blood_lab,1,0.5
15,1,10.0,22,12,2,registration,2,183.64
1,4,3.0,15,17,1,inquiry,2,0.5
28,1,10.0,36,8,5,registration,1,283.16
6,4,10.0,20,11,6,registration,0,16.95
10,3,8.5,16,17,4,certificate,3,26.6
15,2,3.0,21,17,0,inquiry,1,24.91
25,2,6.0,33,14,5,consultation,3,90.47
18,3,6.0,23,16,5,consultation,3,31.86
8,3,6.0,16,15,2,consultation,2,16.6
29,3,8.5,42,16,1,certificate,0,84.88
15,2,6.0,21,15,6,consultation,0,45.97
29,2,6.0,30,11,5,consultation,1,104.44
8,1,8.5,10,15,6,certificate,2,68.83
29,1,6.0,33,16,0,consultation,3,195.83
8,1,6.0,14,12,3,consultation,3,56.31
11,3,10.0,20,17,4,registration,0,46.62
19,2,6.0,26,9,6,consultation,2,52.41
15,2,8.5,21,11,3,certificate,3,74.51
7,4,4.0,8,13,3,blood_lab,3,5.98
20,2,6.0,28,14,5,consultation,1,76.27
7,4,3.0,18,12,2,inquiry,3,2.35
24,4,6.0,31,15,4,consultation,0,42.76
1,3,10.0,9,13,0,registration,2,1.64
29,4,4.0,36,11,6,blood_lab,0,37.24
7,2,8.5,18,9,5,certificate,3,25.06
26,2,3.0,34,9,0,inquiry,0,45.37
17,1,8.5,26,13,2,certificate,3,175.99
31,4,6.0,44,15,2,consultation,1,43.6
25,4,4.0,36,16,0,blood_lab,3,24.3
9,4,3.0,10,10,6,inquiry,2,6.81
30,1,4.0,36,10,5,blood_lab,0,120.82
11,1,8.5,13,9,3,certificate,2,89.85
17,4,6.0,26,17,4,consultation,2,23.12
20,1,10.0,27,13,0,registration,3,283.39
7,2,3.0,21,11,2,inquiry,2,8.87
21,3,6.0,27,14,3,consultation,2,47.7
3,1,3.0,15,14,2,inquiry,1,10.5
28,4,3.0,35,15,0,inquiry,0,24.66
17,3,4.0,28,9,2,blood_lab,1,18.9
13,1,10.0,26,13,5,registration,0,158.64
28,3,10.0,34,16,0,registration,2,104.9
5,4,3.0,12,12,0,inquiry,3,0.5
32,3,4.0,46,17,3,blood_lab,2,40.04
13,2,4.0,19,9,0,blood_lab,0,29.83
31,3,10.0,39,13,4,registration,0,150.76
29,2,6.0,32,11,5,consultation,0,105.64
14,4,8.5,25,17,2,certificate,2,24.54
14,2,4.0,18,13,6,blood_lab,3,29.94
8,3,3.0,17,10,4,inquiry,0,8.34
15,4,6.0,22,15,2,consultation,1,21.63
0,2,8.5,3,13,5,certificate,0,0.5
13,4,10.0,27,13,6,registration,3,35.37
12,4,4.0,24,12,1,blood_lab,2,9.89
10,4,6.0,16,8,3,consultation,1,14.86
9,1,10.0,19,12,2,registration,2,108.17
10,3,4.0,24,13,5,blood_lab,2,13.59
21,1,4.0,32,15,2,blood_lab,0,82.96
15,3,10.0,23,15,4,registration,0,57.81
4,2,8.5,9,8,5,certificate,1,15.01
21,2,3.0,27,8,4,inquiry,1,37.0
8,2,10.0,19,16,2,registration,2,38.85
26,4,10.0,27,13,1,registration,2,77.67
4,3,6.0,9,13,4,consultation,0,8.82
26,2,10.0,27,13,4,registration,0,185.78
19,4,10.0,24,16,0,registration,2,54.31
17,1,6.0,23,14,1,consultation,2,125.94
8,1,8.5,19,16,6,certificate,3,66.78
30,4,8.5,31,12,0,certificate,2,87.34
6,2,4.0,19,9,0,blood_lab,1,10.79
23,1,10.0,26,11,2,registration,1,285.87
31,1,10.0,42,15,0,registration,2,347.84
12,4,6.0,14,14,1,consultation,3,19.0
29,2,4.0,36,14,6,blood_lab,1,70.34
31,4,4.0,35,13,2,blood_lab,2,36.04
14,1,4.0,18,9,5,blood_lab,1,54.17
24,3,6.0,28,9,4,consultation,1,52.96
27,1,3.0,35,12,1,inquiry,2,99.39
26,4,8.5,35,16,1,certificate,2,50.94
23,4,10.0,30,11,2,registration,3,63.52
23,2,8.5,29,11,2,certificate,1,116.09
12,1,4.0,18,8,0,blood_lab,2,50.14
10,3,6.0,18,8,1,consultation,1,18.82
3,4,10.0,11,15,2,registration,3,6.05
20,2,3.0,25,12,4,inquiry,0,44.86
18,4,8.5,20,17,1,certificate,3,32.48
31,1,10.0,38,12,4,registration,1,445.07
33,3,6.0,43,8,3,consultation,1,65.33
5,4,3.0,8,11,1,inquiry,0,5.83
5,1,6.0,19,11,0,consultation,1,41.18
17,4,4.0,21,13,1,blood_lab,1,19.72
4,3,4.0,18,9,5,blood_lab,2,2.32
18,4,10.0,24,16,6,registration,1,44.77
3,3,3.0,8,16,0,inquiry,0,3.95
24,3,6.0,31,11,3,consultation,1,56.92
18,3,10.0,19,12,5,registration,2,72.17
13,2,10.0,23,8,4,registration,2,74.2
29,1,6.0,41,11,4,consultation,2,245.54
29,4,8.5,30,13,0,certificate,0,92.32
7,4,8.5,11,11,4,certificate,2,22.22
4,2,8.5,5,17,2,certificate,2,15.37
7,4,6.0,15,14,6,consultation,1,10.46
19,2,10.0,31,14,3,registration,1,117.35
6,4,4.0,7,17,1,blood_lab,3,3.68
5,3,4.0,8,16,4,blood_lab,1,6.34
18,4,8.5,27,14,2,certificate,3,46.66
6,3,8.5,12,10,1,certificate,3,11.01
30,3,10.0,43,16,5,registration,2,96.09
15,4,10.0,17,13,0,registration,2,52.16
4,1,6.0,16,14,4,consultation,1,33.8
31,2,6.0,45,16,3,consultation,1,90.49
19,1,4.0,25,10,0,blood_lab,0,88.74
20,4,10.0,27,9,6,registration,0,49.16
24,2,8.5,28,15,0,certificate,1,115.08
29,2,6.0,35,16,5,consultation,1,85.68
32,2,3.0,39,12,5,inquiry,1,58.96
23,2,8.5,31,12,0,certificate,0,141.83
6,4,6.0,14,13,6,consultation,0,11.65
20,4,4.0,31,11,5,blood_lab,2,21.19
5,2,8.5,19,8,6,certificate,1,23.25
23,4,10.0,24,14,5,registration,1,70.94
27,4,8.5,41,13,5,certificate,2,68.82
28,4,3.0,41,16,5,inquiry,3,15.29
19,1,10.0,26,13,1,registration,0,235.46
29,4,8.5,30,9,0,certificate,3,62.74
16,4,10.0,30,8,2,registration,2,34.55
21,2,6.0,24,17,2,consultation,1,59.81
29,4,3.0,34,15,5,inquiry,2,19.48
29,3,4.0,33,15,1,blood_lab,2,37.2
17,1,6.0,20,14,2,consultation,0,126.29
12,1,3.0,21,17,4,inquiry,0,40.12
23,4,3.0,24,11,6,inquiry,3,17.38
31,1,10.0,43,10,0,registration,1,353.21
17,1,4.0,27,12,1,blood_lab,0,84.4
15,3,4.0,20,16,2,blood_lab,1,18.77
0,1,6.0,3,17,4,consultation,0,0.5
8,4,3.0,15,14,5,inquiry,3,6.92
2,3,4.0,16,9,1,blood_lab,1,2.25
6,4,8.5,9,8,5,certificate,1,10.92
27,2,4.0,32,15,1,blood_lab,1,50.67
8,3,6.0,11,13,6,consultation,0,18.98
29,3,3.0,39,13,6,inquiry,1,32.45
8,3,3.0,11,13,3,inquiry,3,5.51
3,2,10.0,11,15,5,registration,3,9.84
5,3,4.0,19,11,0,blood_lab,3,7.9
27,1,10.0,40,11,1,registration,0,339.23
19,2,3.0,31,14,3,inquiry,1,31.45
34,1,6.0,37,10,4,consultation,0,234.47
30,2,3.0,32,14,1,inquiry,3,50.3
22,1,8.5,30,10,4,certificate,2,210.9
13,4,8.5,19,11,1,certificate,3,29.98
27,2,10.0,40,9,3,registration,1,131.01
2,2,10.0,16,17,3,registration,1,7.27
28,4,3.0,34,13,1,inquiry,1,27.86
25,3,8.5,26,15,6,certificate,3,66.29
20,2,8.5,30,8,1,certificate,1,78.91
3,3,4.0,6,13,0,blood_lab,3,2.24
17,4,8.5,27,14,0,certificate,0,50.72
16,1,8.5,23,14,3,certificate,0,172.93
7,3,6.0,19,17,3,consultation,0,12.61
33,4,10.0,37,14,2,registration,3,97.04
11,4,4.0,15,16,5,blood_lab,2,6.95
7,1,6.0,10,9,5,consultation,3,37.18
17,3,10.0,28,10,3,registration,2,53.93
29,4,4.0,31,17,0,blood_lab,0,30.22
19,1,8.5,28,8,5,certificate,1,161.44
7,2,10.0,19,15,3,registration,3,29.83
16,3,10.0,26,13,0,registration,3,75.07
13,2,8.5,27,17,5,certificate,0,57.4
25,2,6.0,27,10,1,consultation,2,68.9
12,2,6.0,18,8,2,consultation,2,35.16
8,2,4.0,19,17,0,blood_lab,0,18.01
8,2,3.0,20,10,1,inquiry,3,7.42
4,4,4.0,10,17,6,blood_lab,1,3.31
13,2,8.5,25,16,6,certificate,3,49.27
29,4,4.0,40,11,0,blood_lab,3,37.53
15,1,8.5,19,17,3,certificate,0,126.48
8,2,8.5,18,15,6,certificate,2,27.49
24,4,10.0,37,15,5,registration,3,58.89
17,3,8.5,18,17,1,certificate,2,49.46
33,3,3.0,39,8,3,inquiry,1,32.92
1,1,10.0,3,13,3,registration,1,10.46
34,3,8.5,41,15,6,certificate,2,91.19
22,3,4.0,35,9,5,blood_lab,2,27.3
23,2,8.5,27,11,2,certificate,0,121.26
12,1,3.0,18,16,2,inquiry,1,38.45
2,4,10.0,10,17,2,registration,1,8.39
7,3,8.5,8,9,6,certificate,2,16.55
6,3,6.0,12,17,5,consultation,1,11.61
30,2,4.0,37,12,0,blood_lab,2,84.42
19,1,10.0,30,8,4,registration,3,214.64
2,4,6.0,6,8,4,consultation,1,2.84
30,4,10.0,34,11,5,registration,0,94.5
10,2,8.5,15,9,2,certificate,0,43.98
18,3,6.0,24,17,4,consultation,3,38.66
16,3,3.0,18,12,0,inquiry,2,21.37
16,1,10.0,24,16,1,registration,2,159.81
29,4,3.0,38,12,2,inquiry,3,23.57
12,3,8.5,13,9,4,certificate,3,32.11
15,3,8.5,21,11,6,certificate,0,51.42
34,3,3.0,39,11,1,inquiry,2,41.0
33,1,3.0,35,15,3,inquiry,1,98.26
26,3,4.0,27,14,3,blood_lab,2,39.2
23,3,6.0,31,10,5,consultation,3,38.64
3,4,8.5,10,17,6,certificate,3,1.89
34,1,10.0,48,14,3,registration,0,425.35
30,4,10.0,36,12,1,registration,3,86.78
12,1,6.0,20,15,6,consultation,2,69.96
26,2,3.0,36,17,0,inquiry,3,40.34
12,1,6.0,18,12,2,consultation,0,85.85
16,2,8.5,23,9,2,certificate,1,68.6
7,4,6.0,18,15,2,consultation,3,6.06
19,4,8.5,21,16,1,certificate,0,40.47
5,4,10.0,14,17,6,registration,2,9.76
16,2,3.0,18,11,4,inquiry,2,30.95
23,3,10.0,29,8,0,registration,2,88.46
15,1,6.0,29,10,0,consultation,2,99.86
13,2,10.0,18,14,4,registration,2,91.78
22,2,4.0,33,13,1,blood_lab,1,52.48
26,1,10.0,36,9,5,registration,2,252.51
4,1,3.0,11,13,0,inquiry,1,15.77
24,3,4.0,33,12,3,blood_lab,1,37.99
14,1,8.5,22,14,3,certificate,1,148.12
15,2,8.5,19,15,3,certificate,1,60.92
9,1,3.0,20,9,6,inquiry,2,25.53
3,1,3.0,15,10,1,inquiry,1,6.17
11,1,4.0,19,16,0,blood_lab,0,50.47
23,2,8.5,33,15,3,certificate,3,92.35
17,1,4.0,31,16,3,blood_lab,2,63.79
19,2,10.0,23,15,4,registration,1,105.28
14,1,10.0,27,15,6,registration,3,136.69
25,3,8.5,34,15,2,certificate,1,69.01
21,2,3.0,26,16,5,inquiry,1,28.08
10,3,10.0,21,10,5,registration,3,29.64
18,1,6.0,20,15,3,consultation,2,105.98
27,3,8.5,37,15,1,certificate,3,70.09
26,1,8.5,28,16,1,certificate,2,216.32
34,3,4.0,39,8,4,blood_lab,1,50.85
8,3,10.0,10,15,2,registration,1,22.36
9,2,10.0,20,11,4,registration,3,60.05
13,4,3.0,17,15,2,inquiry,0,10.69
20,4,10.0,28,10,3,registration,2,50.07
33,4,10.0,45,13,4,registration,1,117.85
29,1,4.0,30,17,6,blood_lab,1,114.98
4,1,3.0,15,14,0,inquiry,2,14.31
16,3,10.0,27,14,0,registration,1,76.61
25,2,3.0,30,16,0,inquiry,1,36.72
13,3,6.0,23,17,3,consultation,1,25.82
13,2,8.5,15,9,3,certificate,2,52.48
33,2,3.0,40,8,5,inquiry,3,45.08
14,1,8.5,19,9,6,certificate,3,117.03
3,3,8.5,15,10,3,certificate,0,11.64
23,3,4.0,37,8,0,blood_lab,3,31.94
9,3,4.0,11,8,5,blood_lab,0,12.55
22,1,4.0,34,9,3,blood_lab,2,83.64
24,2,8.5,27,13,6,certificate,2,125.08
5,3,6.0,11,16,1,consultation,0,12.16
22,1,10.0,34,17,3,registration,3,213.67
8,2,10.0,11,15,2,registration,3,38.16
25,1,6.0,37,17,1,consultation,1,148.39
12,2,8.5,26,15,6,certificate,2,47.5
27,3,8.5,31,8,3,certificate,2,74.44
24,2,3.0,30,16,4,inquiry,3,35.3
2,1,10.0,16,9,2,registration,2,14.73
20,1,8.5,25,11,0,certificate,3,239.27
6,1,6.0,9,17,3,consultation,0,34.53
16,4,4.0,20,8,0,blood_lab,1,14.69
20,1,6.0,31,10,6,consultation,1,118.3
8,4,3.0,22,14,5,inquiry,2,5.74
11,2,8.5,23,15,0,certificate,3,51.55
3,3,3.0,8,14,0,inquiry,0,6.0
24,3,8.5,28,11,6,certificate,0,84.64
1,3,8.5,15,17,4,certificate,3,0.5
27,3,8.5,33,15,6,certificate,3,70.63
14,3,6.0,26,13,3,consultation,1,31.73
34,4,3.0,47,12,3,inquiry,2,28.68
28,2,10.0,31,16,5,registration,2,136.82
34,2,8.5,35,14,1,certificate,1,178.54
5,3,4.0,6,15,4,blood_lab,0,7.53
33,3,4.0,44,14,4,blood_lab,1,64.01
11,3,6.0,15,16,1,consultation,1,21.38
7,2,10.0,13,10,3,registration,0,36.43
31,4,4.0,43,12,2,blood_lab,1,39.65
34,4,10.0,38,17,1,registration,3,77.13
28,2,8.5,35,9,0,certificate,3,134.35
25,4,8.5,26,8,0,certificate,0,59.56
14,2,3.0,21,8,0,inquiry,1,21.03
2,2,8.5,14,14,5,certificate,3,4.47
18,3,6.0,27,8,5,consultation,2,34.04
20,3,8.5,34,14,5,certificate,2,67.89
5,3,3.0,15,13,6,inquiry,0,6.23
25,1,3.0,33,9,2,inquiry,3,70.52
2,1,3.0,6,16,0,inquiry,2,2.46
18,1,3.0,32,15,0,inquiry,1,63.43
19,2,6.0,22,9,5,consultation,0,58.38
0,4,3.0,4,17,2,inquiry,2,0.5
15,2,3.0,22,11,3,inquiry,3,24.48
19,3,8.5,25,15,2,certificate,0,52.83
16,1,4.0,21,9,1,blood_lab,2,58.5
27,4,6.0,28,17,2,consultation,3,33.24
17,2,6.0,23,16,3,consultation,0,50.99
29,3,3.0,31,8,2,inquiry,2,27.75
15,3,3.0,25,17,2,inquiry,0,14.0
14,4,4.0,17,16,4,blood_lab,0,14.27
15,1,8.5,23,17,6,certificate,0,126.96
12,4,8.5,13,10,5,certificate,0,28.75
31,1,10.0,44,17,0,registration,3,352.53
1,3,6.0,15,10,1,consultation,0,4.96
3,4,10.0,7,12,5,registration,0,11.1
10,1,8.5,16,8,0,certificate,2,96.48
12,4,8.5,18,9,3,certificate,0,27.21
24,4,6.0,37,11,5,consultation,2,42.42
18,2,3.0,22,16,1,inquiry,1,25.0
22,2,3.0,30,17,3,inquiry,0,31.99
25,4,3.0,38,17,3,inquiry,0,16.04
22,2,4.0,35,8,6,blood_lab,0,42.67
21,4,10.0,27,13,3,registration,0,65.41
25,3,4.0,27,11,5,blood_lab,0,40.42
28,4,4.0,30,11,0,blood_lab,3,33.88
16,2,10.0,26,17,4,registration,0,90.79
26,3,4.0,36,10,5,blood_lab,2,33.05
6,3,10.0,14,11,6,registration,2,21.6
28,1,3.0,31,17,6,inquiry,0,84.46
19,2,4.0,24,10,3,blood_lab,2,36.36
29,2,4.0,35,10,6,blood_lab,3,51.25
1,1,3.0,4,8,5,inquiry,3,0.5
6,2,10.0,8,8,5,registration,0,31.1
9,4,10.0,15,9,6,registration,0,23.17
20,1,8.5,23,16,4,certificate,3,192.6
34,3,4.0,44,11,4,blood_lab,3,61.41
9,3,4.0,14,17,4,blood_lab,1,14.18
34,3,4.0,45,17,0,blood_lab,3,44.98
7,2,6.0,14,12,3,consultation,2,22.66
7,1,4.0,12,8,4,blood_lab,2,32.92
11,4,6.0,15,11,3,consultation,0,21.82
2,2,8.5,7,14,4,certificate,0,11.58
19,2,6.0,25,8,3,consultation,0,57.55
21,2,10.0,31,15,3,registration,3,102.28
15,1,8.5,25,10,5,certificate,3,125.42
6,2,10.0,13,13,5,registration,3,31.55
31,3,6.0,45,11,4,consultation,1,87.03
34,4,10.0,47,11,2,registration,2,102.47
5,2,3.0,9,9,6,inquiry,3,3.0
6,2,3.0,14,11,1,inquiry,2,9.17
20,1,6.0,29,15,4,consultation,1,135.29
1,1,3.0,12,8,1,inquiry,2,1.75
20,2,4.0,27,13,5,blood_lab,0,47.55
21,2,10.0,31,8,0,registration,3,116.34
12,2,6.0,16,11,6,consultation,1,41.78
17,4,8.5,21,17,0,certificate,3,37.58
2,3,4.0,8,15,6,blood_lab,0,3.02
3,3,4.0,15,10,4,blood_lab,3,0.5
16,1,10.0,29,12,1,registration,3,195.02
18,4,4.0,23,14,1,blood_lab,1,18.85
5,1,6.0,15,15,4,consultation,2,30.67
34,3,6.0,48,10,6,consultation,2,66.27
33,3,10.0,47,8,3,registration,1,106.81
19,4,3.0,20,10,6,inquiry,3,10.47
24,1,10.0,26,11,2,registration,2,301.82
27,3,4.0,36,11,3,blood_lab,2,43.21
6,1,8.5,15,11,0,certificate,1,73.64
16,4,3.0,29,8,0,inquiry,0,11.94
8,4,4.0,15,10,4,blood_lab,0,10.11
12,2,3.0,24,16,6,inquiry,0,17.23
24,4,10.0,29,12,6,registration,1,72.73
13,3,8.5,17,14,1,certificate,1,44.93
17,4,10.0,26,9,0,registration,2,47.13
28,2,3.0,39,17,5,inquiry,0,42.58
7,4,4.0,9,15,6,blood_lab,0,8.03
33,1,10.0,47,9,4,registration,3,374.87
22,3,6.0,23,16,5,consultation,2,40.93
31,4,10.0,33,8,2,registration,0,77.58
2,1,6.0,4,16,0,consultation,3,7.61
0,1,3.0,1,17,3,inquiry,0,1.27
7,1,3.0,14,14,4,inquiry,1,29.2
27,2,6.0,37,13,1,consultation,3,95.06
12,3,4.0,25,16,3,blood_lab,0,16.11
9,2,10.0,18,8,3,registration,0,43.72
4,2,8.5,8,13,4,certificate,1,22.61
24,3,6.0,30,12,4,consultation,1,65.85
7,4,3.0,19,11,6,inquiry,3,2.17
11,2,6.0,25,10,5,consultation,2,27.09
8,3,6.0,18,14,6,consultation,0,23.51
14,2,3.0,22,12,3,inquiry,3,20.34
13,3,3.0,22,15,5,inquiry,3,10.07
6,3,8.5,18,10,5,certificate,2,13.9
1,4,4.0,11,9,6,blood_lab,2,0.5
13,3,6.0,14,12,6,consultation,1,30.07
1,3,3.0,5,15,5,inquiry,1,0.5
0,1,6.0,4,8,6,consultation,0,2.25
3,3,8.5,12,16,2,certificate,2,3.16
22,4,3.0,31,14,4,inquiry,0,23.85
32,2,4.0,40,13,3,blood_lab,2,79.73
22,2,10.0,25,17,4,registration,2,122.19
0,1,10.0,6,11,5,registration,3,0.5
7,3,8.5,19,15,4,certificate,2,23.48
5,4,6.0,6,14,1,consultation,3,6.04
28,3,8.5,32,10,1,certificate,2,77.32
22,3,3.0,31,17,6,inquiry,1,22.33
7,2,4.0,16,15,5,blood_lab,3,11.67
32,3,8.5,37,14,1,certificate,0,113.7
7,1,3.0,11,11,1,inquiry,2,25.16
33,1,3.0,36,13,5,inquiry,3,121.1
34,3,3.0,45,14,5,inquiry,3,39.97
9,2,3.0,15,12,6,inquiry,0,16.26
13,3,4.0,27,12,4,blood_lab,2,22.26
9,1,4.0,13,11,5,blood_lab,3,36.98
18,4,6.0,24,13,6,consultation,2,34.37
2,3,4.0,7,14,4,blood_lab,3,0.5
21,4,4.0,32,17,2,blood_lab,3,14.72
14,3,3.0,21,16,3,inquiry,2,11.9
10,4,3.0,16,15,2,inquiry,2,0.56
34,4,4.0,38,12,2,blood_lab,3,39.41
26,1,10.0,38,14,4,registration,1,372.29
16,1,8.5,19,16,4,certificate,1,156.27
31,4,6.0,37,16,3,consultation,3,40.34
19,3,6.0,23,8,1,consultation,3,32.13
20,1,8.5,21,15,2,certificate,0,171.35
14,4,6.0,26,12,3,consultation,2,22.49
15,4,8.5,18,13,4,certificate,1,44.17
6,3,6.0,20,16,3,consultation,2,6.18
19,2,8.5,31,17,2,certificate,1,76.52
4,4,10.0,18,13,6,registration,2,9.57
28,3,3.0,40,14,0,inquiry,0,40.88
26,1,8.5,38,13,0,certificate,2,313.2
22,4,3.0,26,8,6,inquiry,3,13.1
22,1,6.0,29,10,4,consultation,2,147.1
25,4,6.0,27,13,6,consultation,0,46.75
27,4,8.5,36,9,3,certificate,3,52.71
6,3,6.0,10,12,2,consultation,2,13.73
1,4,6.0,6,17,2,consultation,3,0.5
29,1,3.0,33,11,3,inquiry,3,103.86
20,4,3.0,28,11,4,inquiry,0,22.74
9,3,4.0,12,16,0,blood_lab,2,12.47
29,1,8.5,37,12,6,certificate,3,303.25
4,1,6.0,10,17,0,consultation,2,28.7
29,4,3.0,32,14,3,inquiry,2,22.02
27,2,8.5,31,8,1,certificate,1,111.91
27,1,6.0,36,17,1,consultation,1,159.9
15,3,6.0,18,17,3,consultation,1,27.43
10,3,6.0,11,14,5,consultation,0,23.95
0,2,10.0,13,11,5,registration,1,0.5
3,1,3.0,10,10,6,inquiry,1,9.58
8,2,10.0,14,9,2,registration,3,34.8
8,3,4.0,20,14,6,blood_lab,3,7.18
27,3,6.0,34,12,4,consultation,0,80.3
18,3,4.0,27,8,4,blood_lab,0,30.46
33,1,10.0,47,10,6,registration,2,325.8
10,2,6.0,12,15,1,consultation,2,26.56
29,3,10.0,32,12,2,registration,0,121.19
29,4,10.0,30,14,0,registration,0,104.2
33,1,6.0,34,13,5,consultation,2,243.18
16,2,3.0,24,12,3,inquiry,2,25.33
15,1,10.0,24,10,6,registration,1,146.77
7,3,3.0,17,15,3,inquiry,3,2.1
21,4,6.0,31,13,5,consultation,1,39.12
9,1,6.0,16,11,5,consultation,1,65.19
19,4,6.0,26,8,4,consultation,1,32.27
8,3,10.0,16,16,6,registration,1,24.66
1,4,10.0,14,10,2,registration,1,0.5
26,3,3.0,30,10,5,inquiry,3,22.03
19,4,4.0,21,9,6,blood_lab,0,18.33
11,1,4.0,22,14,3,blood_lab,3,48.67
14,2,4.0,23,11,6,blood_lab,1,33.98
27,2,3.0,31,13,1,inquiry,0,52.18
2,3,4.0,3,15,3,blood_lab,1,1.85
22,3,10.0,31,16,0,registration,3,81.46
34,2,10.0,35,12,5,registration,0,213.18
33,4,8.5,39,13,4,certificate,0,102.3
16,2,8.5,21,15,0,certificate,1,74.51
14,1,4.0,19,9,2,blood_lab,1,52.35
0,1,10.0,1,9,5,registration,1,1.64
14,3,8.5,21,13,4,certificate,0,55.18
0,1,4.0,7,9,2,blood_lab,3,0.5
15,2,8.5,18,9,4,certificate,3,71.98
13,4,8.5,25,15,6,certificate,1,25.38
6,3,4.0,18,10,3,blood_lab,1,7.21
5,1,4.0,13,16,1,blood_lab,1,19.3
5,3,10.0,18,15,1,registration,3,13.2
19,2,4.0,23,12,4,blood_lab,3,48.94
7,2,6.0,11,11,1,consultation,2,22.57
2,3,10.0,4,9,0,registration,3,6.21
4,2,6.0,16,17,0,consultation,3,9.01
29,1,4.0,40,8,2,blood_lab,0,117.37
25,4,3.0,30,10,6,inquiry,3,12.96
7,3,3.0,14,17,4,inquiry,3,0.5
10,1,3.0,24,17,5,inquiry,0,30.26
26,1,3.0,33,16,2,inquiry,1,74.37
22,4,4.0,28,15,6,blood_lab,3,20.08
23,2,3.0,33,15,0,inquiry,1,38.64
23,1,10.0,26,9,3,registration,2,228.89
15,1,6.0,20,8,5,consultation,3,86.01
34,2,10.0,47,10,0,registration,0,195.84
2,4,4.0,8,12,1,blood_lab,3,0.5
28,2,6.0,34,11,3,consultation,3,99.69
26,2,3.0,27,16,5,inquiry,1,35.77
33,1,3.0,41,12,1,inquiry,3,117.71
18,3,8.5,20,14,6,certificate,3,59.2
27,2,10.0,39,11,0,registration,1,189.96
9,2,10.0,21,9,2,registration,3,40.52
18,3,10.0,28,13,3,registration,0,72.96
4,3,10.0,6,11,1,registration,0,17.19
9,3,10.0,17,13,0,registration,2,42.43
3,3,4.0,11,14,0,blood_lab,1,2.91
19,4,3.0,22,16,5,inquiry,2,10.54
12,1,8.5,23,8,4,certificate,3,111.69
8,1,10.0,14,8,5,registration,1,79.41
22,3,6.0,32,17,3,consultation,0,44.89
24,3,4.0,25,15,5,blood_lab,3,26.36
20,4,10.0,26,12,6,registration,0,66.79
18,4,3.0,23,9,2,inquiry,2,8.94
0,2,3.0,3,17,4,inquiry,1,0.5
23,4,3.0,24,12,0,inquiry,2,20.76
28,3,10.0,41,11,6,registration,3,113.89
26,2,6.0,33,14,4,consultation,2,108.3
29,4,6.0,40,11,4,consultation,1,62.46
15,3,3.0,21,17,5,inquiry,3,11.48
12,1,10.0,15,9,4,registration,2,136.01
21,4,8.5,30,12,3,certificate,3,51.18
28,1,4.0,36,15,1,blood_lab,0,111.53
1,1,6.0,7,8,1,consultation,1,3.54
9,3,10.0,16,14,4,registration,0,46.04
12,3,10.0,24,9,2,registration,2,36.87
1,2,10.0,8,8,2,registration,3,0.5
31,4,10.0,35,9,6,registration,2,77.99
23,2,6.0,27,17,4,consultation,1,78.61
3,1,3.0,5,17,3,inquiry,1,4.45
21,4,3.0,35,10,6,inquiry,2,12.75
25,1,10.0,28,8,3,registration,1,249.28
32,4,10.0,44,14,3,registration,3,93.68
32,1,10.0,41,14,6,registration,2,398.13
32,1,4.0,33,14,0,blood_lab,0,185.9
8,1,8.5,9,17,3,certificate,3,65.85
11,2,10.0,17,13,5,registration,0,67.33
15,2,8.5,20,11,1,certificate,2,78.73
24,4,10.0,37,9,5,registration,2,57.4
31,1,10.0,43,13,6,registration,1,387.05
32,1,3.0,42,11,4,inquiry,1,137.23
0,1,8.5,14,12,1,certificate,0,2.99
11,2,10.0,24,13,1,registration,0,70.77
0,4,6.0,6,9,0,consultation,0,0.5
18,4,8.5,20,11,3,certificate,1,46.47
7,1,3.0,13,9,6,inquiry,1,15.31
22,3,6.0,27,11,2,consultation,1,53.8
23,2,4.0,37,8,1,blood_lab,0,42.07
8,3,4.0,13,12,1,blood_lab,1,12.42
3,4,4.0,11,17,2,blood_lab,1,0.5
27,3,6.0,31,16,5,consultation,0,57.28
8,2,4.0,16,11,4,blood_lab,1,22.28
11,3,4.0,15,16,1,blood_lab,2,9.75
12,3,4.0,15,13,6,blood_lab,1,19.7
29,3,10.0,38,16,0,registration,2,107.79
29,4,8.5,32,17,0,certificate,0,72.86
26,1,4.0,29,11,3,blood_lab,0,131.14
5,3,3.0,19,10,4,inquiry,1,2.21
25,2,8.5,31,14,2,certificate,1,127.52
28,1,10.0,42,15,1,registration,1,279.37
2,4,8.5,9,9,1,certificate,0,6.06
20,3,10.0,30,15,4,registration,0,77.11
5,4,3.0,18,9,1,inquiry,3,0.5
12,2,3.0,17,17,2,inquiry,1,16.49
29,1,8.5,33,9,4,certificate,1,280.05
7,2,6.0,9,16,4,consultation,0,21.7
34,2,4.0,46,14,2,blood_lab,3,82.04
34,4,3.0,43,13,6,inquiry,1,34.26
16,3,8.5,19,10,3,certificate,0,46.68
11,1,8.5,22,13,0,certificate,1,134.61
8,3,3.0,17,11,6,inquiry,0,7.6
31,3,8.5,40,15,0,certificate,2,98.2
29,1,6.0,31,8,1,consultation,3,169.36
1,2,10.0,6,13,6,registration,2,2.77
34,3,6.0,46,9,1,consultation,2,64.83
33,3,3.0,39,9,5,inquiry,3,30.01
6,4,8.5,19,13,3,certificate,3,12.29
32,1,3.0,36,11,5,inquiry,0,122.95
21,3,8.5,28,8,0,certificate,2,66.17
7,1,3.0,21,13,0,inquiry,3,26.01
34,4,4.0,36,13,0,blood_lab,2,45.41
14,1,4.0,23,10,0,blood_lab,3,59.39
29,3,8.5,34,14,1,certificate,3,97.39
19,3,4.0,33,14,5,blood_lab,1,29.5
8,3,10.0,9,10,1,registration,3,21.0
12,3,10.0,23,16,1,registration,2,34.1
7,1,3.0,16,12,3,inquiry,0,28.66
9,1,3.0,22,15,5,inquiry,0,28.72
2,4,6.0,11,16,0,consultation,3,0.5
22,3,3.0,27,14,5,inquiry,1,25.7
4,2,6.0,10,17,4,consultation,1,12.51
15,3,8.5,29,13,3,certificate,3,49.53
19,4,3.0,31,13,0,inquiry,1,16.39
1,1,6.0,7,17,2,consultation,0,4.87
17,2,3.0,27,13,5,inquiry,3,27.43
8,1,3.0,13,9,0,inquiry,0,29.4
22,3,8.5,34,13,1,certificate,3,73.63
30,4,4.0,34,8,6,blood_lab,1,26.75
11,1,3.0,13,11,1,inquiry,1,38.82
2,1,8.5,5,13,6,certificate,1,16.61
5,1,8.5,14,9,0,certificate,3,45.06
7,2,4.0,15,8,0,blood_lab,1,15.22
32,1,6.0,39,17,1,consultation,1,192.7
29,3,3.0,37,12,4,inquiry,1,38.91
2,1,8.5,12,14,6,certificate,2,16.32
7,3,8.5,19,12,3,certificate,2,22.04
9,1,8.5,22,11,5,certificate,2,91.39
0,4,10.0,4,9,2,registration,1,0.92
14,1,8.5,27,12,2,certificate,3,145.35
30,2,8.5,33,16,4,certificate,1,143.01
22,3,10.0,36,13,4,registration,1,104.51
22,3,6.0,28,15,4,consultation,3,45.79
30,2,8.5,41,17,2,certificate,2,122.95
30,4,4.0,40,8,1,blood_lab,1,30.84
13,4,10.0,14,16,1,registration,1,29.27
14,3,6.0,16,8,2,consultation,2,25.18
34,1,10.0,44,16,1,registration,0,338.44
24,2,10.0,34,17,2,registration,3,114.73
3,4,10.0,8,13,3,registration,0,10.53
31,4,10.0,45,16,2,registration,2,73.04
3,1,4.0,12,8,6,blood_lab,3,8.1
26,1,8.5,37,13,1,certificate,1,273.68
18,3,10.0,30,8,4,registration,3,65.13
33,2,4.0,36,9,5,blood_lab,1,64.14
32,4,8.5,40,17,6,certificate,3,61.79
4,3,4.0,10,9,2,blood_lab,0,4.5
31,4,3.0,43,14,6,inquiry,3,26.17
23,2,10.0,34,15,0,registration,0,134.51
11,3,4.0,17,11,1,blood_lab,1,20.58
21,3,6.0,31,10,2,consultation,2,41.19
4,4,4.0,10,11,1,blood_lab,1,1.67
34,3,8.5,35,8,1,certificate,2,92.31
10,2,6.0,11,14,5,consultation,3,30.59
3,4,10.0,9,13,2,registration,2,7.09
24,2,8.5,33,15,2,certificate,0,103.31
2,2,10.0,13,15,1,registration,3,5.67
24,4,10.0,32,14,3,registration,3,69.38
27,3,8.5,37,9,2,certificate,3,73.51
12,3,3.0,19,17,6,inquiry,3,3.95
22,4,8.5,30,14,0,certificate,2,61.77
21,3,4.0,27,14,1,blood_lab,0,36.83
17,4,8.5,26,15,3,certificate,3,35.26
28,4,8.5,34,16,0,certificate,1,64.6
10,4,8.5,21,17,5,certificate,0,23.1
5,3,10.0,16,16,4,registration,1,17.01
32,2,10.0,33,15,3,registration,0,160.49
29,1,3.0,31,12,5,inquiry,1,105.9
5,2,8.5,15,12,3,certificate,3,25.27
12,2,3.0,22,10,5,inquiry,1,15.44
2,1,8.5,5,10,5,certificate,3,12.36
18,2,10.0,30,16,5,registration,0,89.31
1,1,3.0,13,15,3,inquiry,2,0.5
24,4,4.0,34,16,6,blood_lab,2,19.6
0,4,8.5,11,15,3,certificate,2,0.5
25,3,4.0,31,17,4,blood_lab,2,37.39
2,1,10.0,11,9,3,registration,1,18.64
30,1,6.0,40,9,5,consultation,1,177.73
34,4,3.0,35,16,2,inquiry,2,21.19
18,1,10.0,31,17,5,registration,3,175.03
2,4,4.0,9,12,6,blood_lab,1,4.4
22,2,6.0,28,8,3,consultation,3,62.42
7,1,10.0,16,9,1,registration,0,69.13
16,4,8.5,29,17,6,certificate,3,26.47
16,1,10.0,30,12,2,registration,1,198.74
29,3,8.5,36,9,2,certificate,2,79.0
1,2,10.0,10,16,0,registration,1,1.54
6,2,4.0,12,16,2,blood_lab,3,5.9
27,4,3.0,40,9,1,inquiry,3,17.49
9,1,6.0,16,16,4,consultation,2,56.99
25,3,8.5,34,10,5,certificate,0,71.17
19,3,3.0,25,12,3,inquiry,0,23.42
18,2,10.0,26,9,3,registration,3,86.43
3,1,4.0,16,16,1,blood_lab,0,11.25
8,3,6.0,16,8,3,consultation,1,13.99
8,3,6.0,15,11,6,consultation,1,17.96
33,1,6.0,35,17,2,consultation,3,194.36
24,3,8.5,26,14,3,certificate,0,84.79
12,3,10.0,23,10,6,registration,3,32.67
5,1,10.0,8,10,5,registration,2,45.58
34,1,6.0,42,11,0,consultation,0,292.08
19,4,8.5,29,12,4,certificate,2,54.27
6,1,8.5,18,16,1,certificate,3,45.31
4,2,8.5,12,17,4,certificate,0,18.87
21,4,4.0,31,13,1,blood_lab,1,22.68
18,4,6.0,21,10,0,consultation,1,27.53
11,4,6.0,23,17,1,consultation,1,16.68
31,4,3.0,37,14,3,inquiry,0,27.8
9,1,8.5,22,11,3,certificate,1,90.9
1,2,4.0,11,10,2,blood_lab,3,0.5
29,3,10.0,33,17,1,registration,1,97.7
22,4,8.5,34,16,6,certificate,0,48.09
21,4,4.0,26,17,0,blood_lab,0,25.6
14,3,6.0,27,11,3,consultation,0,37.08
5,1,8.5,19,16,4,certificate,2,44.61
8,1,4.0,15,11,6,blood_lab,3,36.98
3,4,8.5,15,16,6,certificate,2,3.5
12,2,3.0,15,17,0,inquiry,2,19.1
16,3,10.0,27,11,1,registration,3,60.47
27,3,6.0,30,11,6,consultation,1,66.24
34,3,3.0,36,11,3,inquiry,1,42.69
1,3,3.0,6,11,0,inquiry,2,0.87
17,2,3.0,22,8,4,inquiry,2,26.61
8,4,8.5,18,9,5,certificate,3,9.95
10,4,10.0,18,11,6,registration,2,25.76
31,1,10.0,45,16,0,registration,3,354.03
0,1,10.0,10,13,5,registration,0,1.59
28,3,3.0,41,10,3,inquiry,2,25.33
28,4,10.0,32,17,2,registration,1,68.58
6,1,4.0,15,9,5,blood_lab,1,22.46
24,4,6.0,28,15,0,consultation,0,39.3
3,4,4.0,7,15,1,blood_lab,1,2.54
33,1,10.0,44,13,3,registration,0,411.1
13,4,8.5,16,10,2,certificate,1,24.11
10,1,8.5,24,16,4,certificate,1,96.31
4,3,4.0,6,14,0,blood_lab,1,5.22
28,1,4.0,42,13,4,blood_lab,2,160.89
16,3,4.0,17,14,2,blood_lab,3,21.04
28,1,6.0,35,16,5,consultation,0,170.53
33,3,4.0,35,13,2,blood_lab,1,52.93
24,2,6.0,34,12,0,consultation,2,98.7
14,4,10.0,16,13,2,registration,3,37.22
5,3,3.0,11,14,1,inquiry,2,4.81
7,3,10.0,9,14,4,registration,0,32.78
15,1,3.0,17,13,5,inquiry,1,54.81
27,1,10.0,31,9,2,registration,3,264.95
1,1,10.0,15,11,3,registration,0,12.6
21,2,10.0,33,16,0,registration,2,117.78
22,4,8.5,29,10,5,certificate,3,42.12
7,2,8.5,10,13,1,certificate,1,35.62
19,4,8.5,22,10,2,certificate,3,36.18
31,1,8.5,44,12,2,certificate,2,327.68
0,2,6.0,7,11,6,consultation,0,0.69
0,2,6.0,13,11,6,consultation,1,0.5
17,2,4.0,20,13,4,blood_lab,1,47.78
30,1,6.0,38,15,0,consultation,2,205.99
0,2,8.5,7,15,4,certificate,3,0.5
18,3,4.0,19,10,4,blood_lab,1,24.88
23,1,6.0,25,12,3,consultation,2,165.48
5,4,4.0,7,15,4,blood_lab,1,3.98
5,4,3.0,11,12,4,inquiry,0,8.56
29,2,10.0,31,11,4,registration,3,204.73
31,4,3.0,44,8,0,inquiry,0,27.17
15,4,10.0,25,17,3,registration,3,30.93
12,1,4.0,14,12,3,blood_lab,3,55.35
3,2,8.5,7,9,1,certificate,3,8.91
12,4,4.0,26,16,5,blood_lab,2,7.71
32,4,8.5,44,12,0,certificate,1,95.35
15,3,3.0,18,14,4,inquiry,3,16.23
2,4,10.0,10,13,5,registration,1,5.64
20,2,4.0,25,10,6,blood_lab,2,35.92
29,2,10.0,38,10,4,registration,3,162.36
8,3,6.0,14,10,5,consultation,2,12.76
23,4,10.0,36,12,0,registration,3,77.03
9,4,3.0,11,14,2,inquiry,0,9.26
0,1,6.0,6,16,0,consultation,3,0.5
16,2,3.0,20,11,2,inquiry,3,23.71
15,3,8.5,22,8,1,certificate,0,44.89
20,2,8.5,31,10,3,certificate,1,87.6
1,2,3.0,10,9,1,inquiry,3,0.5
14,3,4.0,26,13,3,blood_lab,1,23.23
30,4,10.0,40,17,2,registration,2,72.74
26,3,6.0,28,9,2,consultation,3,46.87
15,4,4.0,29,13,0,blood_lab,2,18.5
29,4,3.0,34,11,1,inquiry,1,25.34
7,3,3.0,20,12,1,inquiry,2,6.56
9,3,10.0,11,11,3,registration,1,34.48
7,1,3.0,14,12,0,inquiry,2,30.69
9,2,4.0,19,8,3,blood_lab,3,11.64
28,2,8.5,38,16,1,certificate,2,115.54
0,2,8.5,8,15,1,certificate,3,0.5
33,3,10.0,42,11,3,registration,2,133.64
34,3,3.0,35,9,3,inquiry,0,32.33
5,2,6.0,15,10,1,consultation,0,13.85
30,3,8.5,34,11,1,certificate,1,103.36
16,2,4.0,25,11,0,blood_lab,0,44.13
7,3,6.0,8,16,3,consultation,2,12.33
15,1,6.0,25,10,4,consultation,2,101.38
34,3,8.5,39,16,2,certificate,1,93.39
3,4,3.0,14,17,1,inquiry,0,1.56
3,4,4.0,15,16,0,blood_lab,0,2.18
34,1,8.5,46,8,3,certificate,2,285.87
27,3,6.0,41,10,2,consultation,1,52.06
19,1,3.0,31,17,4,inquiry,3,62.97
28,3,10.0,41,17,4,registration,1,107.08
3,1,4.0,17,13,3,blood_lab,2,9.34
32,4,8.5,33,15,5,certificate,1,66.39
30,1,8.5,33,11,4,certificate,0,366.19
29,4,10.0,34,14,2,registration,0,90.58
3,2,10.0,14,16,4,registration,0,14.19
21,3,3.0,26,13,1,inquiry,3,21.43
13,3,4.0,23,12,6,blood_lab,3,15.99
8,4,10.0,15,8,4,registration,1,20.72
24,3,4.0,38,9,0,blood_lab,3,33.84
28,3,8.5,29,11,1,certificate,0,99.56
22,4,4.0,27,16,2,blood_lab,2,21.52
1,3,8.5,5,13,2,certificate,0,1.15
23,1,3.0,31,15,4,inquiry,0,77.95
5,1,10.0,17,17,6,registration,0,50.08
0,2,8.5,11,14,3,certificate,0,0.5
15,3,6.0,24,17,3,consultation,0,30.64
11,2,3.0,15,14,6,inquiry,1,17.44
27,1,8.5,39,16,6,certificate,3,220.68
6,2,10.0,8,14,4,registration,1,40.12
17,3,8.5,21,16,3,certificate,1,48.01
21,4,4.0,31,9,6,blood_lab,3,17.89
2,4,3.0,11,17,6,inquiry,2,0.5
0,3,6.0,9,13,1,consultation,1,1.59
32,3,6.0,35,16,2,consultation,2,58.18
0,3,8.5,2,16,5,certificate,0,0.5
16,1,10.0,29,17,3,registration,1,159.6
9,2,10.0,20,12,3,registration,2,54.11
27,3,10.0,37,9,6,registration,2,88.4
31,4,3.0,39,11,6,inquiry,3,24.19
1,2,4.0,7,14,6,blood_lab,3,0.5
11,2,4.0,17,10,3,blood_lab,3,18.82
4,4,4.0,16,9,0,blood_lab,3,1.46
30,3,8.5,36,11,4,certificate,0,122.22
18,1,8.5,26,9,5,certificate,3,150.3
28,2,4.0,42,12,1,blood_lab,3,66.35
34,4,3.0,36,11,6,inquiry,3,29.02
16,2,3.0,24,15,4,inquiry,3,24.14
9,1,10.0,17,11,1,registration,3,106.2
19,3,3.0,21,12,1,inquiry,1,27.39
20,3,4.0,27,12,6,blood_lab,3,28.22
31,2,3.0,35,15,0,inquiry,1,51.66
4,4,8.5,6,9,1,certificate,1,6.67
2,1,3.0,4,13,1,inquiry,1,9.37
12,1,8.5,23,14,4,certificate,1,142.59
31,2,3.0,41,10,4,inquiry,0,52.56
17,1,3.0,19,15,6,inquiry,3,44.44
25,2,10.0,26,9,6,registration,0,125.31
2,3,3.0,4,17,3,inquiry,3,2.89
1,2,8.5,13,11,6,certificate,1,4.67
7,2,10.0,12,14,0,registration,1,50.09
26,1,6.0,29,8,6,consultation,2,150.79
19,4,4.0,20,17,4,blood_lab,2,17.99
21,1,6.0,23,14,2,consultation,0,159.7
8,3,3.0,12,9,4,inquiry,0,10.14
31,4,8.5,45,12,3,certificate,2,78.58
34,2,4.0,35,16,0,blood_lab,2,73.61
31,2,3.0,40,11,6,inquiry,2,52.84
21,4,3.0,23,17,4,inquiry,0,16.46
29,4,4.0,37,10,1,blood_lab,3,26.98
30,2,6.0,39,17,6,consultation,0,90.96
28,4,4.0,38,17,6,blood_lab,3,23.14
0,2,10.0,12,15,1,registration,2,0.5
15,2,3.0,28,9,4,inquiry,1,22.91
34,1,8.5,39,14,3,certificate,0,361.98
10,3,8.5,18,16,2,certificate,1,28.85
4,3,10.0,16,11,3,registration,0,16.32
18,2,3.0,19,14,2,inquiry,2,30.38
33,3,10.0,46,8,1,registration,0,106.88
11,4,4.0,15,11,5,blood_lab,1,11.37
7,3,4.0,12,17,5,blood_lab,1,9.06
11,4,3.0,24,12,4,inquiry,0,8.17
10,2,10.0,16,16,6,registration,2,47.41
11,3,6.0,16,14,5,consultation,3,22.04
25,4,6.0,39,16,3,consultation,1,37.07
18,1,10.0,30,14,0,registration,3,252.92
15,3,10.0,19,17,6,registration,0,53.34
3,3,3.0,16,8,4,inquiry,0,3.47
4,2,4.0,5,9,0,blood_lab,1,6.16
34,2,8.5,37,17,0,certificate,2,164.96
3,4,10.0,8,15,3,registration,3,1.88
7,1,3.0,11,11,2,inquiry,2,17.38
0,3,6.0,13,15,3,consultation,1,0.5
9,2,10.0,13,11,6,registration,3,51.34
21,1,3.0,31,8,4,inquiry,0,69.41
0,3,4.0,3,11,3,blood_lab,3,0.5
24,3,8.5,26,10,2,certificate,3,64.64
24,1,10.0,27,15,4,registration,1,276.22
20,2,10.0,27,15,3,registration,1,95.39
17,2,4.0,25,13,2,blood_lab,3,36.1
11,2,8.5,19,13,1,certificate,2,53.85
13,4,6.0,27,13,3,consultation,2,18.75
9,3,3.0,23,10,4,inquiry,3,7.71
6,2,8.5,13,14,4,certificate,3,32.87
27,3,4.0,32,17,5,blood_lab,0,35.47
6,4,10.0,16,13,3,registration,1,18.9
18,2,10.0,19,11,1,registration,3,105.94
30,2,4.0,43,13,3,blood_lab,0,71.83
21,3,3.0,29,10,6,inquiry,3,16.39
31,2,4.0,43,15,2,blood_lab,2,63.38
13,4,6.0,27,17,2,consultation,3,14.7
14,1,8.5,19,11,4,certificate,0,171.99
29,2,8.5,41,13,2,certificate,3,149.79
19,4,3.0,32,12,5,inquiry,0,19.86
2,1,6.0,13,10,5,consultation,1,10.05
2,2,10.0,10,11,6,registration,2,9.89
20,1,4.0,34,14,2,blood_lab,0,97.47
24,1,6.0,37,10,6,consultation,2,141.06
30,3,4.0,31,10,0,blood_lab,1,44.5
28,2,4.0,41,13,1,blood_lab,0,68.94
31,4,3.0,40,11,6,inquiry,0,28.8
32,4,8.5,37,13,5,certificate,0,85.05
4,4,6.0,11,9,2,consultation,0,9.6
27,2,6.0,28,12,3,consultation,0,101.83
17,1,6.0,18,15,3,consultation,3,99.12
25,3,8.5,33,13,1,certificate,3,85.78
31,1,10.0,34,10,4,registration,3,351.73
0,4,4.0,9,13,5,blood_lab,1,0.5
14,4,8.5,15,17,6,certificate,3,24.71
18,3,10.0,31,16,6,registration,0,62.14
17,4,6.0,29,15,4,consultation,2,28.05
20,4,10.0,33,14,3,registration,3,59.96
34,2,3.0,40,13,1,inquiry,1,62.28
8,4,8.5,12,11,1,certificate,0,20.17
6,2,4.0,9,11,1,blood_lab,1,14.45
9,3,6.0,15,8,6,consultation,0,16.0
21,4,8.5,23,10,3,certificate,0,40.4
17,3,4.0,18,10,1,blood_lab,0,19.82
34,1,10.0,44,16,4,registration,0,389.62
33,3,8.5,45,9,1,certificate,2,94.3
27,2,6.0,36,8,0,consultation,1,91.3
26,1,4.0,33,11,5,blood_lab,3,127.61
16,1,10.0,26,10,2,registration,3,155.31
2,3,4.0,3,15,4,blood_lab,2,0.5
2,1,4.0,6,16,6,blood_lab,3,5.35
19,3,3.0,31,15,4,inquiry,2,17.67
5,3,10.0,19,14,3,registration,1,20.45
19,2,6.0,25,17,3,consultation,0,55.73
5,2,10.0,19,16,2,registration,3,24.29
33,1,4.0,47,9,3,blood_lab,0,130.19
33,1,4.0,43,16,3,blood_lab,0,132.92
15,3,4.0,17,10,6,blood_lab,0,17.89
7,3,8.5,15,11,2,certificate,0,26.2
23,4,4.0,32,9,0,blood_lab,0,25.64
27,3,6.0,31,13,1,consultation,2,64.65
3,2,4.0,4,15,1,blood_lab,0,8.65
0,4,8.5,1,8,5,certificate,2,0.5
24,2,8.5,29,8,0,certificate,0,114.49
22,4,8.5,31,9,4,certificate,1,50.3
4,1,4.0,10,17,4,blood_lab,3,14.11
6,2,3.0,14,16,5,inquiry,0,10.94
14,4,8.5,26,11,0,certificate,2,41.36
3,3,4.0,6,9,5,blood_lab,0,2.43
5,4,8.5,13,13,6,certificate,0,17.18
10,2,10.0,20,14,0,registration,1,72.75
16,1,10.0,22,12,6,registration,2,199.23
27,3,3.0,36,14,6,inquiry,3,29.72
8,4,4.0,14,14,3,blood_lab,2,8.87
6,2,4.0,10,13,2,blood_lab,0,14.9
20,3,6.0,33,15,2,consultation,0,42.04
27,4,8.5,29,14,0,certificate,3,75.46
16,3,4.0,26,10,0,blood_lab,1,25.56
16,3,8.5,25,16,5,certificate,2,45.33
20,4,6.0,33,9,3,consultation,2,25.79
7,2,3.0,20,10,4,inquiry,2,11.35
27,2,6.0,29,10,6,consultation,3,78.35
25,1,6.0,26,9,4,consultation,2,170.24
33,2,10.0,36,8,1,registration,0,164.14
14,2,8.5,22,11,2,certificate,0,72.76
0,4,6.0,6,13,4,consultation,0,0.5
5,1,10.0,9,17,1,registration,3,47.69
14,2,6.0,15,16,6,consultation,1,40.36
1,4,6.0,3,10,5,consultation,0,1.36
9,3,6.0,13,16,4,consultation,2,20.01
28,4,8.5,40,8,0,certificate,0,67.27
1,1,3.0,13,16,0,inquiry,3,0.97
21,1,4.0,28,9,4,blood_lab,2,94.08
21,4,4.0,30,11,1,blood_lab,2,24.85
7,4,6.0,10,14,4,consultation,3,12.39
29,4,6.0,30,14,5,consultation,1,54.29
6,2,3.0,16,13,2,inquiry,3,6.76
33,4,10.0,34,16,0,registration,3,93.26
17,4,3.0,19,15,4,inquiry,3,9.97
28,4,8.5,42,8,1,certificate,1,57.56
32,2,3.0,36,8,3,inquiry,3,44.09
8,2,6.0,15,16,6,consultation,0,26.16
24,4,8.5,38,9,2,certificate,2,47.19
12,1,4.0,16,10,5,blood_lab,1,44.27
26,3,8.5,29,17,1,certificate,0,74.46
13,1,4.0,25,13,3,blood_lab,1,65.68
21,2,4.0,31,13,1,blood_lab,2,49.11
5,4,3.0,7,15,2,inquiry,2,0.5
31,3,4.0,37,8,5,blood_lab,0,45.21
21,1,10.0,22,11,6,registration,0,262.5
2,1,8.5,15,15,5,certificate,2,13.76
9,1,6.0,11,16,6,consultation,1,53.93
18,4,6.0,19,12,6,consultation,2,30.47
5,3,10.0,13,17,0,registration,3,14.13
9,2,10.0,18,13,0,registration,3,57.99
32,2,3.0,36,16,4,inquiry,2,52.93
3,1,8.5,16,10,4,certificate,1,29.89
3,3,10.0,17,16,6,registration,0,10.94
17,2,3.0,21,8,6,inquiry,1,23.85
24,2,6.0,27,8,5,consultation,1,67.44
15,1,3.0,18,13,4,inquiry,1,63.52
27,1,6.0,32,11,6,consultation,1,202.23
24,1,8.5,29,11,2,certificate,3,252.23
18,4,8.5,21,14,5,certificate,1,48.77
21,4,10.0,32,14,6,registration,2,58.71
1,3,4.0,9,11,6,blood_lab,3,0.5
11,2,10.0,21,14,6,registration,2,63.55
14,4,8.5,20,17,0,certificate,2,34.35
16,1,8.5,20,8,1,certificate,0,136.1
5,3,10.0,9,15,2,registration,0,16.91
17,3,8.5,23,17,0,certificate,0,54.71
23,4,6.0,32,16,1,consultation,2,36.36
0,4,10.0,1,10,6,registration,2,0.5
31,3,6.0,41,17,6,consultation,3,54.2
28,3,10.0,34,16,2,registration,2,88.28
20,1,4.0,33,14,2,blood_lab,3,95.72
12,3,6.0,14,12,0,consultation,3,30.15
25,2,8.5,27,17,4,certificate,2,121.47
10,1,6.0,12,10,4,consultation,1,67.43
25,1,6.0,39,12,4,consultation,3,208.0
2,1,6.0,5,13,6,consultation,1,11.58
28,3,4.0,32,12,2,blood_lab,2,44.12
8,2,6.0,14,16,5,consultation,2,22.59
9,3,4.0,14,14,1,blood_lab,3,14.02
2,2,8.5,15,17,1,certificate,2,6.84
12,2,10.0,15,17,4,registration,0,65.63
7,2,3.0,18,9,1,inquiry,1,7.5
16,3,3.0,17,11,4,inquiry,0,21.96
21,2,4.0,29,9,5,blood_lab,3,37.06
7,2,3.0,13,8,6,inquiry,3,8.35
23,1,4.0,37,9,4,blood_lab,0,104.95
21,3,8.5,29,17,4,certificate,3,66.92
30,4,4.0,44,11,0,blood_lab,0,42.8
9,2,8.5,19,14,5,certificate,3,42.44
9,2,6.0,16,8,4,consultation,3,22.35
6,4,3.0,8,8,4,inquiry,1,3.7
1,2,10.0,13,12,6,registration,1,5.74
6,3,6.0,17,14,2,consultation,3,12.29
18,4,4.0,27,17,3,blood_lab,3,11.4
1,1,6.0,11,17,1,consultation,0,5.1
5,4,10.0,13,16,1,registration,2,5.65
24,2,4.0,35,10,0,blood_lab,3,52.33
0,2,6.0,12,13,5,consultation,0,0.52
34,4,10.0,39,17,2,registration,2,83.71
7,4,8.5,12,12,5,certificate,1,16.83
0,1,4.0,8,13,5,blood_lab,2,0.5
14,3,3.0,16,16,2,inquiry,2,10.06
30,2,10.0,35,15,5,registration,2,150.42
31,1,3.0,32,10,6,inquiry,1,91.24
33,1,3.0,34,13,6,inquiry,2,124.73
33,3,8.5,39,10,0,certificate,3,104.88
22,2,6.0,30,16,4,consultation,0,74.68
2,1,10.0,6,13,2,registration,3,23.73
3,2,6.0,11,10,6,consultation,2,3.5
16,2,10.0,27,9,3,registration,2,76.25
16,3,4.0,22,12,1,blood_lab,1,26.75
21,4,3.0,35,17,5,inquiry,3,9.53
4,2,3.0,14,15,3,inquiry,2,4.59
12,3,10.0,14,9,1,registration,1,42.78
31,4,10.0,39,14,0,registration,0,109.86
26,1,10.0,37,16,6,registration,3,257.25
15,2,10.0,21,17,2,registration,2,73.6
15,3,3.0,23,12,3,inquiry,3,19.18
16,3,4.0,23,8,2,blood_lab,0,19.74
3,3,4.0,17,8,4,blood_lab,3,0.5
6,1,10.0,14,14,0,registration,3,80.81
11,2,4.0,20,17,4,blood_lab,3,17.35
8,4,4.0,20,9,6,blood_lab,3,3.19
32,2,3.0,46,12,4,inquiry,0,68.34
16,4,4.0,26,14,4,blood_lab,0,24.19
32,3,6.0,42,15,1,consultation,1,61.28
12,1,8.5,26,16,6,certificate,0,100.32
13,3,10.0,20,16,2,registration,1,43.63
14,2,6.0,19,15,6,consultation,0,40.21
31,1,10.0,37,17,1,registration,1,308.2
25,3,8.5,28,11,0,certificate,0,99.37
1,1,4.0,8,17,0,blood_lab,2,2.61
4,3,6.0,8,15,0,consultation,2,6.78
13,4,4.0,16,13,0,blood_lab,1,17.32
11,1,4.0,14,8,2,blood_lab,1,44.43
9,4,6.0,12,14,6,consultation,1,16.26
3,3,3.0,9,9,6,inquiry,0,0.5
33,1,8.5,35,17,2,certificate,2,275.83
25,3,8.5,34,10,4,certificate,3,75.48
14,2,6.0,27,9,0,consultation,0,48.38
3,2,8.5,15,10,0,certificate,2,15.52
26,2,10.0,40,15,2,registration,2,125.96
24,3,10.0,33,13,1,registration,3,97.05
22,3,6.0,33,14,1,consultation,0,57.27
22,4,6.0,31,12,2,consultation,1,39.33
24,2,6.0,30,13,5,consultation,2,87.49
10,1,10.0,14,17,0,registration,0,112.38
7,2,6.0,15,8,0,consultation,0,25.06
5,1,6.0,12,14,0,consultation,0,39.51
28,3,3.0,36,14,3,inquiry,1,34.68
9,3,6.0,17,12,3,consultation,0,24.13
19,4,4.0,27,12,5,blood_lab,1,21.37
24,4,8.5,32,17,4,certificate,3,56.43
15,2,4.0,24,13,3,blood_lab,0,36.4
20,3,8.5,30,11,2,certificate,1,69.91
3,2,6.0,10,17,3,consultation,1,11.69
10,2,4.0,16,13,5,blood_lab,3,20.27
13,2,10.0,24,16,6,registration,2,60.01
25,2,8.5,39,12,0,certificate,1,151.13
30,3,8.5,34,16,2,certificate,2,80.97
29,4,10.0,32,12,1,registration,2,89.06
11,2,3.0,21,13,4,inquiry,2,20.87
14,2,10.0,21,10,6,registration,2,64.56
25,3,10.0,29,9,3,registration,2,81.22
32,4,6.0,36,16,2,consultation,2,42.02
22,2,3.0,25,15,6,inquiry,2,29.98
7,1,4.0,16,9,1,blood_lab,2,22.68
17,2,10.0,27,12,2,registration,0,106.61
15,2,6.0,24,9,0,consultation,1,46.15
17,1,10.0,27,10,4,registration,1,192.43
24,1,3.0,34,15,1,inquiry,3,70.46
4,3,4.0,10,12,1,blood_lab,0,5.15
34,2,6.0,41,11,2,consultation,2,122.8
18,1,10.0,24,9,6,registration,0,179.28
17,3,3.0,20,11,0,inquiry,3,20.18
20,2,3.0,34,11,6,inquiry,1,35.6
15,4,8.5,17,8,5,certificate,3,28.11
32,1,8.5,44,15,3,certificate,1,268.32
7,2,3.0,9,9,2,inquiry,1,11.65
25,1,10.0,35,14,5,registration,1,309.27
6,1,3.0,14,11,6,inquiry,2,19.69
33,3,6.0,38,9,4,consultation,1,74.35
26,4,3.0,40,10,2,inquiry,2,19.95
27,4,3.0,30,16,0,inquiry,2,20.71
23,2,4.0,32,16,4,blood_lab,0,53.48
31,2,10.0,35,15,3,registration,1,153.06
5,3,10.0,18,10,1,registration,2,12.84
19,4,6.0,23,9,0,consultation,0,32.48
33,4,3.0,46,12,0,inquiry,2,32.88
12,1,4.0,24,13,4,blood_lab,1,68.85
20,1,10.0,24,10,1,registration,2,195.87
14,1,8.5,15,13,5,certificate,2,148.22
9,3,10.0,11,16,2,registration,0,28.81
31,4,8.5,44,14,4,certificate,2,90.87
5,4,10.0,14,16,4,registration,2,12.75
8,3,3.0,20,9,3,inquiry,3,6.23
5,4,6.0,6,9,2,consultation,3,6.7
32,3,4.0,43,15,4,blood_lab,3,47.83
2,3,3.0,16,13,0,inquiry,0,1.64
30,3,10.0,33,15,5,registration,3,94.56
12,2,10.0,14,12,1,registration,1,72.62
13,2,4.0,16,10,0,blood_lab,2,27.3
19,1,4.0,27,16,0,blood_lab,0,89.56
32,1,3.0,40,12,5,inquiry,3,113.32
11,1,10.0,20,8,5,registration,2,106.42
23,3,4.0,30,8,0,blood_lab,0,34.54
17,1,8.5,22,8,6,certificate,1,143.31
32,4,3.0,45,13,6,inquiry,0,29.65
22,1,10.0,34,8,0,registration,3,249.12
17,1,8.5,30,11,6,certificate,1,179.22
33,3,10.0,37,9,6,registration,2,105.24
7,3,10.0,15,14,4,registration,2,30.96
18,3,10.0,21,9,5,registration,2,56.77
13,3,3.0,17,13,0,inquiry,2,18.76
30,3,10.0,42,8,4,registration,0,113.38
24,1,6.0,34,11,6,consultation,0,180.38
30,2,3.0,39,15,3,inquiry,2,40.02
31,3,6.0,37,14,4,consultation,1,90.54
26,3,3.0,30,15,2,inquiry,0,25.4
14,2,8.5,19,17,5,certificate,3,51.57
18,3,4.0,30,9,5,blood_lab,0,22.76
5,1,4.0,10,9,0,blood_lab,0,24.19
3,1,8.5,5,15,6,certificate,2,21.48
13,3,4.0,14,16,0,blood_lab,3,12.55
19,1,3.0,28,10,3,inquiry,1,56.73
27,2,4.0,28,14,2,blood_lab,0,65.84
25,2,6.0,27,11,1,consultation,2,88.5
6,4,6.0,15,16,2,consultation,1,6.95
17,4,6.0,30,15,5,consultation,3,21.42
34,3,8.5,37,9,5,certificate,1,94.0
33,4,8.5,47,14,6,certificate,1,84.08
29,4,4.0,41,12,6,blood_lab,3,29.84
32,2,4.0,43,15,0,blood_lab,2,70.23
19,3,10.0,23,11,5,registration,1,78.54
12,3,10.0,16,14,6,registration,0,53.03
29,4,4.0,31,13,4,blood_lab,0,40.62
16,4,3.0,21,10,0,inquiry,3,9.89
25,4,8.5,37,15,2,certificate,2,47.77
21,3,8.5,28,14,1,certificate,0,74.04
20,4,8.5,24,8,6,certificate,0,40.64
2,3,6.0,10,17,6,consultation,0,3.85
21,4,3.0,32,15,6,inquiry,3,12.11
21,3,3.0,25,13,6,inquiry,0,26.26
16,4,10.0,21,14,6,registration,3,48.36
20,4,3.0,27,10,4,inquiry,2,12.8
12,2,4.0,18,8,5,blood_lab,2,22.53
30,4,3.0,35,8,6,inquiry,3,17.28
21,3,10.0,32,9,5,registration,3,63.49
1,2,8.5,4,11,5,certificate,1,2.06
22,1,6.0,35,16,1,consultation,2,127.92
7,2,6.0,14,14,2,consultation,2,21.3
24,3,3.0,32,9,3,inquiry,0,25.1
11,2,6.0,20,12,6,consultation,1,39.57
15,1,8.5,19,9,4,certificate,3,141.3
2,2,6.0,14,15,1,consultation,0,7.28
0,4,6.0,2,14,3,consultation,2,0.5
4,3,3.0,17,12,4,inquiry,3,0.5
26,2,4.0,40,10,4,blood_lab,3,56.85
26,4,3.0,28,14,2,inquiry,3,18.91
5,2,10.0,17,9,6,registration,2,22.47
14,1,6.0,28,12,3,consultation,0,105.0
20,1,8.5,32,8,0,certificate,1,192.7
17,1,3.0,30,15,3,inquiry,3,45.57
2,4,10.0,8,15,4,registration,1,4.36
18,3,3.0,26,13,3,inquiry,3,16.53
2,1,3.0,6,17,3,inquiry,1,6.16
29,1,6.0,43,11,4,consultation,2,246.17
7,1,6.0,11,15,2,consultation,2,38.3
29,3,10.0,30,8,2,registration,3,91.59
32,3,4.0,35,15,5,blood_lab,1,38.38
29,1,10.0,33,8,4,registration,3,328.17
1,3,10.0,13,15,3,registration,1,1.4
10,4,6.0,16,10,4,consultation,3,12.24
16,1,10.0,20,8,5,registration,1,160.57
16,4,8.5,23,13,0,certificate,3,45.17
21,2,6.0,28,10,5,consultation,2,60.27
4,1,6.0,9,15,2,consultation,3,20.86
28,1,3.0,30,9,0,inquiry,2,93.3
34,3,3.0,38,10,1,inquiry,3,28.04
17,1,8.5,21,13,1,certificate,3,175.1
23,2,10.0,24,10,6,registration,3,110.02
17,4,6.0,27,13,5,consultation,0,33.4
14,3,10.0,27,11,3,registration,0,62.7
19,3,3.0,26,8,3,inquiry,2,16.41
19,2,6.0,28,10,4,consultation,1,65.88
34,4,6.0,48,13,1,consultation,1,62.48
13,4,4.0,24,14,4,blood_lab,3,15.79
16,2,3.0,27,17,6,inquiry,1,20.22
21,4,3.0,35,13,1,inquiry,2,15.71
3,3,10.0,14,10,1,registration,3,5.62
20,4,3.0,31,11,4,inquiry,3,18.04
17,3,10.0,31,12,0,registration,1,80.32
16,2,4.0,18,10,3,blood_lab,0,32.68
21,4,3.0,25,12,4,inquiry,2,18.91
28,1,8.5,38,12,0,certificate,0,342.24
31,1,6.0,34,17,2,consultation,3,179.07
0,2,3.0,14,14,1,inquiry,3,0.5
15,4,6.0,22,13,2,consultation,1,28.88
5,2,8.5,11,14,4,certificate,3,25.64
27,2,4.0,36,13,2,blood_lab,3,64.47
15,2,6.0,17,12,5,consultation,0,55.65
19,1,8.5,23,8,4,certificate,1,180.69
22,3,6.0,26,16,2,consultation,0,44.13
26,1,3.0,27,10,5,inquiry,0,78.16
12,3,8.5,19,9,5,certificate,2,31.32
25,4,4.0,35,8,2,blood_lab,1,24.68
27,4,6.0,32,11,3,consultation,0,51.4
20,2,4.0,26,9,1,blood_lab,0,42.85
10,1,10.0,22,12,3,registration,0,126.37
0,4,8.5,7,8,3,certificate,2,0.5
6,2,6.0,11,13,0,consultation,2,21.44
14,4,10.0,23,12,3,registration,0,42.94
30,1,4.0,42,9,2,blood_lab,2,118.52
26,1,8.5,40,9,4,certificate,2,249.65
0,1,10.0,4,17,5,registration,2,0.5
32,1,3.0,38,9,6,inquiry,0,99.69
8,2,8.5,13,11,2,certificate,0,48.25
7,4,8.5,18,16,4,certificate,1,18.52
13,2,10.0,19,8,0,registration,2,71.57
0,3,4.0,4,17,2,blood_lab,2,0.5
15,3,4.0,19,17,4,blood_lab,1,23.03
16,1,4.0,26,15,1,blood_lab,3,60.99
17,2,10.0,27,9,6,registration,3,77.41
2,2,8.5,6,15,0,certificate,3,6.06
31,4,8.5,34,8,1,certificate,1,63.13
0,4,6.0,10,8,1,consultation,3,0.5
3,4,8.5,10,16,1,certificate,2,2.94
0,4,4.0,2,9,1,blood_lab,0,0.56
20,1,3.0,31,10,2,inquiry,3,56.93
21,1,4.0,29,15,2,blood_lab,3,77.44
24,1,8.5,36,17,2,certificate,2,200.8
34,2,6.0,46,14,6,consultation,2,123.48
27,4,10.0,38,11,4,registration,0,97.45
28,3,10.0,36,12,5,registration,2,115.01
14,2,10.0,23,10,6,registration,2,65.51
25,2,8.5,27,15,0,certificate,1,120.73
1,4,3.0,4,14,5,inquiry,0,0.5
34,2,3.0,39,16,4,inquiry,2,57.3
33,4,8.5,46,8,0,certificate,2,77.12
33,3,4.0,41,17,5,blood_lab,3,38.32
28,2,4.0,40,14,5,blood_lab,2,71.02
27,1,3.0,34,12,3,inquiry,1,100.65
4,1,10.0,8,14,1,registration,1,47.5
23,3,8.5,26,11,4,certificate,1,95.31
31,4,3.0,35,15,0,inquiry,0,26.4
1,2,3.0,9,17,5,inquiry,2,0.5
1,4,8.5,7,11,5,certificate,0,2.93
32,2,10.0,33,15,1,registration,3,154.32
5,2,6.0,14,9,0,consultation,3,15.02
23,2,6.0,24,9,2,consultation,3,62.27
24,3,10.0,36,12,4,registration,1,112.1
10,4,10.0,16,12,1,registration,0,30.7
20,1,8.5,30,14,6,certificate,2,209.27
29,4,3.0,38,13,0,inquiry,3,25.78
28,2,8.5,37,17,3,certificate,1,117.76
20,4,10.0,26,8,2,registration,1,46.25
16,1,3.0,21,11,6,inquiry,0,59.68
20,2,4.0,25,15,4,blood_lab,3,42.33
30,2,8.5,44,10,4,certificate,3,142.77
31,2,3.0,35,11,4,inquiry,2,64.68
25,4,8.5,33,11,6,certificate,2,63.1
1,2,4.0,8,8,3,blood_lab,1,1.01
34,1,8.5,44,16,3,certificate,0,288.12
16,1,3.0,27,15,6,inquiry,3,45.14
14,3,3.0,22,16,2,inquiry,2,10.23
21,2,6.0,35,14,1,consultation,0,80.49
23,1,6.0,30,14,4,consultation,2,195.43
5,2,3.0,7,14,0,inquiry,0,12.8
21,3,4.0,33,16,1,blood_lab,3,26.1
22,1,10.0,34,8,4,registration,0,255.1
9,1,3.0,23,15,6,inquiry,3,21.89
19,2,3.0,22,10,5,inquiry,3,24.05
20,1,8.5,21,10,3,certificate,3,164.46
17,4,3.0,19,8,1,inquiry,1,11.95
22,1,8.5,25,12,3,certificate,2,229.47
15,3,6.0,24,14,5,consultation,3,33.66
28,4,6.0,40,17,5,consultation,1,38.99
23,4,6.0,31,16,6,consultation,3,31.11
27,3,4.0,29,13,6,blood_lab,3,41.62
31,2,6.0,37,10,0,consultation,1,103.47
23,3,4.0,34,14,4,blood_lab,3,42.2
7,3,4.0,19,17,5,blood_lab,1,10.87
9,4,10.0,10,16,0,registration,1,23.9
0,4,3.0,1,8,4,inquiry,0,0.5
16,2,6.0,29,13,2,consultation,1,58.89
7,2,6.0,21,14,4,consultation,0,30.01
9,4,4.0,23,11,3,blood_lab,1,10.61
6,2,3.0,10,16,1,inquiry,3,3.25
16,1,10.0,26,10,0,registration,1,182.3
19,2,4.0,20,8,4,blood_lab,2,38.68
6,3,6.0,11,10,3,consultation,2,8.32
11,3,8.5,23,15,6,certificate,2,25.86
12,4,3.0,19,12,6,inquiry,3,11.88
6,3,4.0,8,15,6,blood_lab,0,8.4
32,1,3.0,42,14,3,inquiry,0,115.42
20,2,6.0,34,12,3,consultation,1,75.37
29,4,3.0,42,12,5,inquiry,3,22.97
30,4,8.5,37,11,1,certificate,3,75.94
33,1,3.0,41,11,2,inquiry,0,120.07
4,2,4.0,13,12,0,blood_lab,0,12.07
3,1,3.0,5,9,1,inquiry,2,4.29
16,4,4.0,27,8,2,blood_lab,0,15.23
5,3,8.5,11,14,4,certificate,0,19.33
0,1,3.0,1,9,6,inquiry,2,0.5
21,4,4.0,29,12,0,blood_lab,1,27.38
21,2,8.5,26,14,1,certificate,1,110.83
21,3,10.0,26,13,6,registration,2,84.83
16,3,10.0,25,13,0,registration,0,78.7
22,4,8.5,36,17,5,certificate,0,45.83
18,2,4.0,20,17,4,blood_lab,3,37.74
6,2,8.5,12,11,3,certificate,3,29.19
0,4,4.0,9,12,0,blood_lab,0,0.5
16,1,6.0,19,10,4,consultation,3,107.83
28,3,8.5,41,16,0,certificate,0,93.07
22,3,3.0,28,16,1,inquiry,2,18.0
24,1,3.0,31,15,5,inquiry,3,65.86
0,4,3.0,12,12,5,inquiry,1,0.5
21,4,3.0,24,13,1,inquiry,2,17.44
31,1,10.0,45,10,3,registration,3,304.82
18,4,3.0,26,8,5,inquiry,0,8.86
33,1,10.0,46,11,3,registration,2,409.65
26,4,3.0,36,9,0,inquiry,1,18.1
25,2,8.5,34,9,1,certificate,3,102.3
32,2,8.5,36,10,0,certificate,1,151.27
32,3,4.0,39,13,2,blood_lab,3,50.78
7,3,3.0,14,14,4,inquiry,3,5.62
16,1,8.5,22,11,6,certificate,1,169.16
33,1,6.0,42,13,2,consultation,3,244.56
30,3,10.0,34,9,5,registration,1,100.05
13,1,4.0,22,10,6,blood_lab,2,47.66
25,4,10.0,26,10,3,registration,1,60.78
15,1,3.0,18,14,5,inquiry,2,56.19
14,2,10.0,15,9,1,registration,2,67.34
15,2,10.0,19,15,5,registration,1,72.61
34,3,3.0,41,9,0,inquiry,2,36.32
18,3,10.0,20,14,5,registration,3,70.91
2,2,10.0,15,16,5,registration,1,7.49
25,3,8.5,33,17,6,certificate,0,71.97
17,4,8.5,21,15,1,certificate,3,28.32
5,4,8.5,14,17,1,certificate,0,11.79
28,3,10.0,34,14,5,registration,0,114.21
23,2,4.0,29,9,0,blood_lab,1,55.54
10,1,10.0,20,16,0,registration,2,109.11
31,2,10.0,43,11,4,registration,2,220.85
25,1,3.0,32,14,1,inquiry,1,94.07
20,1,4.0,31,14,1,blood_lab,3,95.78
16,3,6.0,24,17,0,consultation,3,32.16
22,4,3.0,32,14,4,inquiry,0,22.94
27,4,10.0,34,14,6,registration,1,83.95
28,2,6.0,35,12,6,consultation,1,104.45
23,4,3.0,32,15,3,inquiry,3,12.91
12,1,3.0,18,13,5,inquiry,2,42.98
13,2,3.0,15,14,4,inquiry,3,21.59
32,1,4.0,40,11,6,blood_lab,2,156.85
26,4,6.0,31,8,6,consultation,1,37.53
25,4,4.0,38,16,1,blood_lab,2,18.99
20,4,8.5,23,17,5,certificate,3,35.93
11,1,10.0,16,11,6,registration,2,135.61
30,4,4.0,40,13,4,blood_lab,0,42.72
9,1,8.5,20,16,2,certificate,2,73.44
15,1,6.0,18,11,3,consultation,0,115.15
9,4,10.0,12,11,4,registration,0,32.72
10,2,6.0,20,12,0,consultation,2,40.94
28,3,4.0,31,17,2,blood_lab,1,37.81
22,1,3.0,31,10,0,inquiry,1,74.31
6,2,3.0,18,16,5,inquiry,3,7.26
0,3,8.5,4,15,1,certificate,3,0.5
0,4,10.0,5,12,6,registration,1,0.5
21,2,8.5,32,17,2,certificate,0,91.62
13,1,3.0,20,8,0,inquiry,0,44.71
1,2,3.0,8,13,3,inquiry,1,0.5
25,4,10.0,37,15,5,registration,3,59.31
8,3,8.5,21,13,2,certificate,2,24.44
33,3,6.0,43,17,6,consultation,0,63.84
26,4,10.0,27,12,2,registration,1,78.69
22,3,8.5,36,14,0,certificate,2,87.05
6,3,3.0,10,8,6,inquiry,1,7.5
22,3,3.0,28,16,4,inquiry,3,22.23
8,4,10.0,17,8,3,registration,2,17.96
7,2,10.0,14,16,6,registration,2,30.57
28,3,4.0,35,13,4,blood_lab,2,50.7
18,4,4.0,20,8,2,blood_lab,3,18.06
1,4,3.0,14,12,3,inquiry,3,0.5
19,4,6.0,32,16,1,consultation,1,27.57
11,4,6.0,23,16,1,consultation,3,12.02
28,1,4.0,42,12,2,blood_lab,2,138.26
34,2,10.0,48,8,6,registration,1,167.33
4,1,10.0,7,10,6,registration,0,43.87
17,1,4.0,26,12,2,blood_lab,3,77.52
9,2,8.5,18,14,2,certificate,1,45.63
7,1,3.0,17,9,5,inquiry,1,16.88
4,4,4.0,8,11,4,blood_lab,2,3.55
3,4,6.0,10,15,3,consultation,2,2.87
8,1,8.5,20,10,3,certificate,3,63.28
27,1,10.0,38,12,1,registration,1,337.8
23,2,10.0,27,14,3,registration,0,143.4
25,4,6.0,34,11,0,consultation,3,49.61
1,2,6.0,12,15,5,consultation,1,0.5
10,4,10.0,16,16,5,registration,1,24.42
18,2,10.0,32,12,3,registration,2,106.85
1,3,10.0,7,15,5,registration,2,1.45
29,1,6.0,32,9,3,consultation,3,169.37
9,2,6.0,12,17,1,consultation,2,22.12
2,4,3.0,9,15,0,inquiry,1,1.63
1,4,4.0,7,10,3,blood_lab,2,0.5
17,4,6.0,21,15,2,consultation,2,21.83
12,2,4.0,19,9,1,blood_lab,2,22.07
7,4,3.0,10,13,3,inquiry,0,6.05
13,3,8.5,25,12,3,certificate,0,45.28
32,4,10.0,43,8,0,registration,0,88.77
25,4,3.0,36,16,0,inquiry,1,20.1
21,1,8.5,27,10,3,certificate,1,176.94
16,2,4.0,24,16,1,blood_lab,3,27.57
32,2,8.5,42,12,5,certificate,1,166.79
2,2,3.0,4,9,0,inquiry,0,7.04
23,2,6.0,27,10,2,consultation,3,65.21
15,4,3.0,22,9,2,inquiry,1,9.68
18,3,6.0,25,15,5,consultation,1,34.54
30,2,3.0,34,16,5,inquiry,0,44.77
34,4,4.0,48,11,2,blood_lab,1,43.72
24,3,6.0,37,13,0,consultation,3,64.12
24,4,4.0,38,9,5,blood_lab,3,17.46
33,2,8.5,39,9,6,certificate,3,139.91
12,1,3.0,13,10,0,inquiry,0,40.73
3,3,8.5,11,8,0,certificate,0,10.37
21,1,4.0,22,10,3,blood_lab,0,85.92
8,1,3.0,13,10,1,inquiry,2,20.5
3,4,3.0,12,9,1,inquiry,1,0.5
24,1,6.0,34,12,0,consultation,3,203.45
14,3,10.0,15,15,3,registration,0,48.61
19,2,6.0,33,12,2,consultation,1,68.91
22,2,8.5,23,11,6,certificate,0,118.22
13,2,8.5,16,11,3,certificate,3,68.26
10,3,3.0,18,15,5,inquiry,0,7.79
5,2,10.0,14,10,3,registration,3,21.74
13,1,3.0,22,12,2,inquiry,3,43.52
16,4,10.0,21,16,2,registration,1,35.53
34,1,8.5,35,9,2,certificate,3,285.17
10,3,6.0,17,17,6,consultation,1,18.29
33,2,4.0,46,16,1,blood_lab,1,58.91
24,3,6.0,27,15,0,consultation,0,53.95
0,3,3.0,1,16,0,inquiry,2,0.5
28,2,6.0,30,15,2,consultation,0,82.94
25,1,4.0,39,13,5,blood_lab,0,125.48
8,2,4.0,16,14,3,blood_lab,1,21.23
20,2,4.0,26,10,2,blood_lab,3,35.51
16,1,6.0,28,11,6,consultation,2,120.04
33,2,10.0,37,15,1,registration,0,163.34
22,2,10.0,28,16,1,registration,3,103.79
19,1,10.0,31,17,3,registration,2,186.41
6,1,6.0,10,10,1,consultation,3,32.06
19,4,3.0,21,11,6,inquiry,2,14.44
34,1,10.0,44,15,5,registration,1,335.42
24,1,6.0,38,13,5,consultation,0,179.8
23,1,3.0,35,14,6,inquiry,0,87.43
24,1,3.0,26,11,6,inquiry,0,90.49
7,1,4.0,21,12,3,blood_lab,2,33.81
23,2,6.0,29,8,4,consultation,3,73.73
20,3,10.0,34,12,6,registration,1,82.73
17,3,8.5,30,14,3,certificate,1,58.58
3,1,10.0,5,14,4,registration,0,42.19
25,4,8.5,27,17,3,certificate,3,50.59
9,4,4.0,17,11,6,blood_lab,2,7.12
23,3,4.0,25,16,0,blood_lab,0,35.41
1,2,4.0,15,11,1,blood_lab,3,0.5
25,4,6.0,30,12,2,consultation,3,39.86
25,4,3.0,37,9,3,inquiry,3,14.39
23,1,6.0,28,16,2,consultation,2,135.5
31,2,10.0,42,17,5,registration,2,154.07
18,2,8.5,30,8,0,certificate,0,88.64
16,1,10.0,21,16,2,registration,1,159.02
17,4,10.0,29,10,3,registration,0,41.39
5,3,4.0,10,8,6,blood_lab,1,4.99
29,3,3.0,40,10,3,inquiry,3,24.19
15,1,4.0,20,12,4,blood_lab,3,82.36
12,1,10.0,24,8,0,registration,3,137.59
24,3,4.0,34,9,0,blood_lab,2,31.83
11,1,3.0,16,13,3,inquiry,3,34.38
10,1,4.0,23,14,6,blood_lab,0,49.94
7,2,8.5,15,13,6,certificate,2,34.43
21,2,10.0,33,16,3,registration,0,103.02
27,3,8.5,31,9,2,certificate,3,72.29
20,3,10.0,33,9,2,registration,0,66.35
23,1,6.0,35,14,6,consultation,3,167.24
28,1,10.0,40,15,4,registration,0,319.61
1,4,4.0,11,15,6,blood_lab,3,0.5
22,4,4.0,24,10,0,blood_lab,2,22.07
30,4,6.0,38,16,6,consultation,2,41.5
9,3,6.0,20,10,6,consultation,2,21.33
26,1,4.0,30,8,0,blood_lab,0,121.25
8,1,3.0,18,11,3,inquiry,1,27.85
34,4,4.0,45,13,0,blood_lab,2,43.27
11,3,4.0,16,11,0,blood_lab,3,18.57
12,1,8.5,19,16,0,certificate,1,117.3
12,1,6.0,25,15,4,consultation,3,76.24
14,1,6.0,17,15,4,consultation,2,92.35
5,2,10.0,15,8,3,registration,0,25.53
32,1,10.0,40,10,0,registration,0,363.65
14,1,3.0,15,14,5,inquiry,2,51.54
12,2,8.5,13,8,2,certificate,0,52.38
11,1,10.0,17,11,6,registration,2,136.71
14,2,8.5,19,14,6,certificate,3,70.43
15,1,4.0,16,11,2,blood_lab,3,71.92
3,1,4.0,11,8,3,blood_lab,3,7.75
17,2,8.5,23,10,4,certificate,0,86.94
22,4,10.0,33,11,1,registration,1,64.04
22,3,10.0,34,11,3,registration,3,90.62
7,3,8.5,8,15,2,certificate,2,16.93
28,1,3.0,29,10,4,inquiry,2,96.96
31,3,3.0,32,17,1,inquiry,1,29.31
15,1,4.0,28,17,1,blood_lab,1,58.2
34,1,3.0,46,15,5,inquiry,0,103.25
32,4,8.5,33,15,3,certificate,0,70.47
17,3,3.0,30,14,5,inquiry,0,19.45
13,3,4.0,23,16,4,blood_lab,2,14.4
12,3,8.5,16,16,4,certificate,1,37.53
32,1,3.0,39,14,5,inquiry,3,111.21
29,4,3.0,30,16,1,inquiry,0,24.65
25,3,3.0,39,13,5,inquiry,1,32.13
8,3,6.0,13,10,2,consultation,0,17.42
2,4,10.0,6,9,2,registration,1,3.53
12,2,6.0,22,9,1,consultation,0,34.53
32,3,3.0,33,13,4,inquiry,0,45.03
4,3,10.0,7,9,0,registration,0,14.28
19,4,6.0,21,10,1,consultation,2,24.86
25,1,6.0,33,13,0,consultation,3,211.35
9,3,3.0,21,13,2,inquiry,1,9.16
12,4,4.0,15,13,0,blood_lab,3,14.25
2,2,3.0,14,12,0,inquiry,1,3.95
8,1,4.0,9,16,1,blood_lab,0,31.22
28,2,6.0,42,9,0,consultation,3,91.95
34,1,8.5,40,16,2,certificate,2,284.81
33,1,4.0,45,16,6,blood_lab,1,132.54
16,1,8.5,18,17,5,certificate,2,132.29
33,4,4.0,41,10,3,blood_lab,1,29.29
1,4,8.5,14,17,2,certificate,2,0.5
28,3,6.0,42,10,0,consultation,2,59.8
9,1,6.0,11,10,4,consultation,1,58.77
21,1,6.0,30,10,3,consultation,0,128.65
26,4,6.0,30,14,3,consultation,3,44.51
19,2,4.0,31,17,1,blood_lab,3,33.04
22,2,8.5,30,14,1,certificate,3,110.79
16,3,3.0,23,16,4,inquiry,1,17.62
23,1,6.0,27,15,1,consultation,0,140.45
2,4,4.0,11,16,4,blood_lab,2,0.5
28,2,6.0,42,13,2,consultation,3,101.31
13,3,4.0,18,17,4,blood_lab,0,18.14
21,4,8.5,26,15,3,certificate,3,38.94
12,1,3.0,17,8,0,inquiry,0,42.34
31,1,10.0,41,9,0,registration,1,355.15
21,3,10.0,30,8,4,registration,3,73.37
20,1,3.0,32,10,5,inquiry,2,59.79
31,4,3.0,41,11,0,inquiry,2,31.87
9,2,3.0,20,17,4,inquiry,2,11.84
21,3,3.0,27,13,1,inquiry,2,27.94
5,2,8.5,15,10,1,certificate,3,18.09
34,1,10.0,48,12,0,registration,2,484.09
33,4,3.0,42,10,5,inquiry,1,22.51
34,3,10.0,37,10,2,registration,2,109.99
14,3,8.5,16,14,3,certificate,1,51.09
26,3,10.0,36,16,2,registration,0,88.16
33,3,6.0,37,17,4,consultation,0,76.8
10,2,6.0,19,13,6,consultation,0,41.33
21,2,10.0,30,12,3,registration,3,124.91
10,1,10.0,15,12,0,registration,0,143.94
5,3,3.0,10,16,4,inquiry,3,0.5
25,3,10.0,39,16,6,registration,2,77.08
23,2,4.0,30,17,6,blood_lab,1,45.3
33,4,4.0,40,15,3,blood_lab,0,36.02
24,3,4.0,32,13,0,blood_lab,2,42.44
13,2,6.0,26,11,5,consultation,2,46.56
22,4,3.0,34,9,4,inquiry,2,16.87
32,3,3.0,42,12,5,inquiry,0,42.41
13,4,4.0,19,12,3,blood_lab,2,8.7
28,2,4.0,35,16,1,blood_lab,2,56.45
20,1,4.0,34,8,3,blood_lab,2,75.17
24,3,3.0,28,9,1,inquiry,3,22.6
13,1,10.0,23,10,0,registration,2,146.74
15,2,10.0,26,10,1,registration,3,72.76
8,4,3.0,15,11,6,inquiry,0,9.06
23,4,4.0,32,16,0,blood_lab,2,24.4
1,1,10.0,4,15,1,registration,2,9.01
34,4,4.0,41,15,3,blood_lab,1,32.27
29,2,3.0,41,16,1,inquiry,2,41.78
31,2,8.5,38,16,0,certificate,0,151.16
6,1,10.0,14,8,5,registration,1,59.32
19,4,3.0,32,8,2,inquiry,3,6.78
1,4,3.0,14,14,0,inquiry,0,3.28
4,2,3.0,16,15,2,inquiry,1,3.04
13,1,10.0,20,13,0,registration,3,180.75
29,1,8.5,37,13,5,certificate,1,304.68
16,4,4.0,23,13,4,blood_lab,0,21.71
12,4,4.0,21,16,4,blood_lab,2,12.77
14,4,10.0,27,17,2,registration,0,32.26
0,1,6.0,9,11,0,consultation,2,0.5
29,2,6.0,43,17,0,consultation,3,96.69
11,2,6.0,14,16,0,consultation,3,33.64
9,2,3.0,19,17,0,inquiry,0,16.9
2,3,10.0,5,11,2,registration,1,4.29
10,3,6.0,23,8,1,consultation,3,15.51
12,4,6.0,18,13,2,consultation,1,21.69
0,2,10.0,13,11,6,registration,3,0.5
8,3,10.0,20,16,2,registration,2,22.48
3,1,4.0,4,15,2,blood_lab,2,9.88
27,1,10.0,29,14,3,registration,0,337.43
30,2,10.0,42,14,1,registration,1,185.21
12,4,3.0,19,10,0,inquiry,2,9.46
20,4,6.0,32,15,1,consultation,2,24.47
28,1,8.5,41,11,5,certificate,2,293.16
28,4,3.0,32,11,4,inquiry,1,31.5
1,4,4.0,10,13,3,blood_lab,3,0.5
31,1,10.0,45,10,5,registration,0,308.99
2,1,8.5,14,16,6,certificate,0,18.9
31,4,4.0,38,9,6,blood_lab,0,29.13
30,3,8.5,44,16,0,certificate,2,94.48
4,1,10.0,8,13,5,registration,0,50.88
21,1,8.5,30,10,1,certificate,0,178.77
24,1,10.0,28,8,4,registration,2,276.32
24,1,6.0,30,9,4,consultation,2,161.22
9,3,10.0,10,17,1,registration,3,27.63
20,2,8.5,32,13,5,certificate,0,107.42
8,1,3.0,15,13,3,inquiry,3,25.08
2,4,6.0,6,16,3,consultation,2,1.46
18,2,3.0,21,14,0,inquiry,2,36.13
24,2,4.0,31,16,5,blood_lab,1,47.62
11,1,8.5,24,17,3,certificate,2,91.26
21,1,10.0,29,16,0,registration,0,242.16
18,2,6.0,25,15,4,consultation,3,58.21
16,1,10.0,24,12,6,registration,2,198.54
7,4,3.0,14,12,6,inquiry,3,1.79
34,2,4.0,38,11,6,blood_lab,1,82.99
34,4,8.5,44,8,1,certificate,0,72.37
19,2,6.0,22,16,1,consultation,3,50.93
19,3,4.0,28,16,5,blood_lab,0,24.74
24,2,6.0,37,14,0,consultation,3,97.21
0,2,8.5,6,14,1,certificate,1,0.5
11,4,10.0,13,11,2,registration,1,33.15
6,4,3.0,9,15,2,inquiry,2,3.1
28,2,8.5,31,11,2,certificate,1,147.15
0,3,8.5,4,12,1,certificate,1,0.5
14,3,10.0,27,11,2,registration,3,52.67
10,2,8.5,11,15,1,certificate,1,42.06
33,1,3.0,45,13,4,inquiry,0,142.01
28,3,6.0,32,12,2,consultation,3,68.23
22,1,10.0,36,15,0,registration,2,251.98
21,1,3.0,33,8,1,inquiry,3,58.25
32,4,4.0,38,10,3,blood_lab,0,30.82
17,4,8.5,19,17,3,certificate,3,28.93
18,4,3.0,22,15,2,inquiry,2,10.79
29,4,8.5,35,9,6,certificate,3,58.52
22,4,8.5,30,10,4,certificate,0,54.2
34,1,4.0,48,9,1,blood_lab,2,133.85
10,2,6.0,13,12,0,consultation,1,38.48
4,1,8.5,10,11,0,certificate,0,47.24
8,2,3.0,19,9,4,inquiry,3,10.37
33,3,8.5,41,13,4,certificate,0,133.3
19,4,3.0,27,13,4,inquiry,0,19.76
18,3,4.0,19,12,5,blood_lab,0,26.77
8,2,8.5,11,8,0,certificate,0,36.43
27,2,10.0,30,11,2,registration,2,164.32
1,2,10.0,5,12,6,registration,2,4.48
16,2,4.0,18,14,6,blood_lab,2,36.99
32,2,8.5,45,17,0,certificate,1,158.18
14,2,8.5,18,16,2,certificate,3,55.32
20,4,8.5,22,10,4,certificate,3,45.49
4,2,8.5,17,16,0,certificate,2,18.07
8,1,6.0,21,13,6,consultation,1,59.58
32,4,10.0,45,15,3,registration,0,78.64
14,4,10.0,21,16,2,registration,2,33.29
20,4,8.5,26,11,0,certificate,2,60.18
18,1,8.5,19,17,3,certificate,3,150.42
4,1,8.5,14,14,0,certificate,3,42.31
11,4,6.0,19,14,1,consultation,3,17.35
21,2,8.5,33,12,4,certificate,2,128.92
5,1,6.0,13,11,4,consultation,3,39.65
19,4,4.0,20,16,1,blood_lab,1,15.56
3,3,6.0,14,8,6,consultation,3,0.5
9,4,8.5,10,17,4,certificate,0,22.86
4,1,4.0,12,8,4,blood_lab,2,12.24
1,2,4.0,11,8,3,blood_lab,3,0.5
4,1,10.0,14,10,4,registration,0,46.0
13,1,6.0,23,12,1,consultation,3,89.78
19,1,3.0,31,17,1,inquiry,2,53.44
17,1,6.0,24,17,4,consultation,0,116.26
3,2,4.0,4,8,0,blood_lab,3,0.51
18,4,3.0,25,15,5,inquiry,2,12.14
8,4,3.0,19,12,4,inquiry,2,4.26
13,3,4.0,14,14,5,blood_lab,0,25.57
8,3,8.5,16,16,3,certificate,0,22.04
5,3,8.5,14,9,6,certificate,3,10.38
31,2,8.5,45,9,2,certificate,3,128.33
21,4,8.5,29,12,0,certificate,2,63.19
22,4,8.5,36,15,1,certificate,1,41.68
17,3,8.5,22,9,0,certificate,0,51.04
14,1,6.0,25,8,6,consultation,3,76.13
31,3,6.0,37,17,1,consultation,1,60.1
22,2,3.0,26,11,1,inquiry,2,41.18
21,1,10.0,32,11,5,registration,2,260.72
22,4,10.0,34,11,6,registration,3,64.18
20,1,8.5,31,10,0,certificate,0,193.56
17,2,10.0,20,16,2,registration,1,83.18
8,2,6.0,15,9,0,consultation,0,31.06
23,2,4.0,26,14,5,blood_lab,2,51.38
29,4,4.0,43,17,1,blood_lab,2,27.91
26,2,4.0,36,13,5,blood_lab,3,60.41
5,3,10.0,11,10,0,registration,3,16.43
13,4,10.0,15,13,2,registration,2,36.83
32,3,4.0,36,15,2,blood_lab,2,40.95
13,1,10.0,17,17,5,registration,1,127.91
8,4,4.0,18,13,2,blood_lab,2,9.38
29,3,6.0,39,13,6,consultation,3,68.26
26,2,8.5,36,12,0,certificate,2,154.24
3,2,3.0,11,13,0,inquiry,1,6.85
8,3,6.0,9,8,0,consultation,2,16.75
21,3,4.0,31,10,5,blood_lab,0,30.93
27,4,10.0,36,10,2,registration,0,67.46
32,1,6.0,44,16,5,consultation,0,189.04
6,1,8.5,12,17,0,certificate,1,59.39
23,4,4.0,37,17,4,blood_lab,3,21.38
16,3,8.5,23,9,2,certificate,2,39.45
2,2,8.5,6,14,0,certificate,0,13.23
13,3,4.0,20,15,4,blood_lab,2,16.58
32,3,4.0,45,13,0,blood_lab,0,59.86
5,3,10.0,10,15,1,registration,1,16.48
20,3,8.5,29,11,2,certificate,1,71.33
6,2,10.0,17,13,3,registration,2,35.93
24,3,8.5,28,10,4,certificate,0,80.91
7,1,3.0,17,14,2,inquiry,0,26.77
17,3,4.0,29,17,0,blood_lab,0,26.29
17,3,8.5,19,8,3,certificate,3,43.57
13,3,6.0,17,14,3,consultation,2,28.09
20,1,6.0,24,10,4,consultation,2,136.62
31,4,8.5,37,15,4,certificate,0,75.9
26,3,4.0,39,13,3,blood_lab,1,43.28
9,1,10.0,15,15,3,registration,0,90.76
6,2,8.5,11,10,6,certificate,2,25.09
11,2,4.0,16,9,2,blood_lab,1,23.22
3,3,3.0,13,16,2,inquiry,1,4.79
29,1,6.0,30,10,0,consultation,3,196.99
23,3,8.5,27,14,1,certificate,2,76.06
18,2,8.5,32,14,6,certificate,3,93.77
0,3,4.0,9,8,4,blood_lab,2,0.5
9,2,3.0,16,14,4,inquiry,3,16.5
10,3,3.0,14,8,6,inquiry,2,8.24
16,4,8.5,25,9,4,certificate,1,35.82
26,3,6.0,29,9,4,consultation,3,55.98
31,3,10.0,32,10,2,registration,3,98.2
28,3,4.0,40,9,3,blood_lab,3,29.47
2,4,4.0,6,15,3,blood_lab,3,0.5
30,4,4.0,40,17,4,blood_lab,0,35.63
13,1,6.0,21,9,2,consultation,1,74.74
6,3,3.0,9,10,1,inquiry,3,2.42
27,3,4.0,29,14,0,blood_lab,1,52.16
22,2,3.0,34,12,3,inquiry,3,35.02
24,1,6.0,36,17,6,consultation,2,141.91
20,2,6.0,26,8,1,consultation,1,58.7
28,3,4.0,35,11,4,blood_lab,2,51.92
34,4,6.0,38,9,3,consultation,3,44.52
4,1,6.0,9,12,1,consultation,0,28.52
23,3,10.0,35,11,4,registration,3,104.29
25,2,10.0,31,14,3,registration,0,157.26
17,1,8.5,23,12,5,certificate,2,179.4
1,2,6.0,13,9,4,consultation,2,2.78
5,4,8.5,11,14,3,certificate,3,8.15
9,1,4.0,14,13,2,blood_lab,0,43.1
2,2,6.0,13,14,0,consultation,3,3.88
15,3,8.5,28,15,4,certificate,2,46.64
14,1,4.0,22,12,0,blood_lab,2,77.71
33,1,8.5,39,11,6,certificate,1,347.91
17,1,4.0,19,10,4,blood_lab,3,73.49
10,1,10.0,13,14,2,registration,2,120.85
25,3,8.5,32,17,2,certificate,3,66.21
13,4,10.0,14,14,2,registration,1,39.22
25,2,6.0,30,13,6,consultation,1,93.54
4,4,6.0,8,10,4,consultation,1,7.78
23,3,10.0,37,12,5,registration,0,96.82
31,3,10.0,33,14,5,registration,1,129.75
7,4,4.0,19,17,1,blood_lab,1,7.61
16,1,8.5,22,14,2,certificate,0,173.89
24,4,4.0,33,12,2,blood_lab,0,31.31
6,3,10.0,12,15,1,registration,2,18.88
29,1,8.5,36,16,6,certificate,2,242.23
12,3,3.0,13,12,6,inquiry,2,13.1
3,1,4.0,9,13,0,blood_lab,3,13.03
30,1,4.0,36,8,4,blood_lab,0,137.66
8,2,4.0,9,13,2,blood_lab,3,17.26
7,3,10.0,12,17,2,registration,3,18.42
31,1,6.0,45,16,4,consultation,2,205.35
33,4,4.0,47,15,6,blood_lab,2,30.2
21,1,6.0,33,13,6,consultation,1,157.61
11,2,8.5,13,9,5,certificate,3,41.87
2,4,8.5,7,12,1,certificate,0,8.93
23,3,10.0,25,10,5,registration,2,74.36
9,2,6.0,22,16,5,consultation,0,27.41
31,3,4.0,42,8,3,blood_lab,0,44.21
31,4,8.5,37,13,6,certificate,2,81.36
15,1,6.0,23,8,6,consultation,2,86.73
14,1,4.0,20,14,4,blood_lab,0,82.28
24,2,3.0,31,17,2,inquiry,3,30.21
10,3,4.0,14,17,2,blood_lab,0,14.28
25,1,6.0,39,10,5,consultation,2,147.24
18,3,4.0,30,8,0,blood_lab,2,24.52
9,2,10.0,13,13,5,registration,2,55.91
18,3,6.0,20,8,2,consultation,0,34.46
9,1,8.5,20,8,2,certificate,3,71.47
1,4,4.0,8,16,5,blood_lab,2,0.5
29,3,8.5,38,8,3,certificate,1,80.48
9,3,4.0,22,13,3,blood_lab,0,11.32
28,3,8.5,38,10,4,certificate,0,94.92
26,3,6.0,37,14,4,consultation,1,72.12
10,2,10.0,16,12,6,registration,2,59.91
8,4,6.0,17,9,1,consultation,0,12.77
21,4,8.5,25,10,3,certificate,3,44.15
4,2,6.0,13,10,1,consultation,1,11.59
25,1,10.0,36,16,2,registration,1,248.26
17,3,10.0,26,16,0,registration,3,59.57
20,4,6.0,32,11,5,consultation,0,38.65
6,3,4.0,11,8,4,blood_lab,0,9.04
6,1,10.0,14,16,3,registration,1,61.2
19,2,3.0,26,10,2,inquiry,1,26.14
34,1,10.0,45,10,6,registration,0,343.51
21,2,4.0,25,16,5,blood_lab,2,38.52
4,3,4.0,12,9,3,blood_lab,2,4.45
7,1,8.5,17,12,6,certificate,2,74.39
12,1,4.0,18,8,1,blood_lab,2,44.97
30,2,3.0,38,9,0,inquiry,0,49.45
10,3,8.5,16,15,2,certificate,3,20.67
2,3,3.0,3,14,5,inquiry,2,0.5
33,1,4.0,44,12,4,blood_lab,2,187.56
22,2,6.0,33,12,6,consultation,2,79.76
25,2,6.0,37,13,0,consultation,1,107.97
14,3,8.5,18,11,2,certificate,1,44.68
13,2,4.0,23,13,2,blood_lab,3,26.82
22,1,10.0,27,8,6,registration,2,217.15
20,4,6.0,24,14,0,consultation,3,37.86
15,2,8.5,18,12,2,certificate,0,81.15
25,2,10.0,33,14,1,registration,2,153.99
19,2,8.5,28,17,2,certificate,3,76.01
13,1,6.0,23,9,4,consultation,3,84.02
32,1,10.0,40,10,1,registration,2,317.52
17,1,4.0,21,14,4,blood_lab,3,89.95
18,2,8.5,24,17,4,certificate,1,87.43
30,4,3.0,42,14,3,inquiry,2,24.39
2,2,4.0,5,9,2,blood_lab,0,3.09
22,2,3.0,26,8,1,inquiry,2,32.67
19,2,4.0,29,12,0,blood_lab,1,52.02
2,4,3.0,6,14,5,inquiry,1,0.5
7,1,6.0,9,8,3,consultation,2,38.1
21,4,8.5,24,16,4,certificate,2,48.51
16,2,8.5,27,8,1,certificate,3,63.45
21,1,6.0,24,9,1,consultation,3,120.27
20,1,4.0,23,15,5,blood_lab,1,80.37
7,2,3.0,16,8,2,inquiry,3,3.55
5,3,4.0,10,12,5,blood_lab,3,4.14
8,3,4.0,21,15,3,blood_lab,2,6.13
1,4,6.0,14,11,3,consultation,0,4.28
17,2,3.0,30,15,5,inquiry,0,24.91
29,3,10.0,37,12,1,registration,3,112.13
13,4,4.0,26,15,3,blood_lab,0,13.64
8,3,8.5,14,11,3,certificate,2,24.88
12,1,8.5,24,15,4,certificate,3,110.95
10,3,3.0,11,17,1,inquiry,2,6.26
3,2,4.0,5,9,4,blood_lab,2,3.41
24,2,10.0,30,16,5,registration,0,116.32
10,4,10.0,11,13,3,registration,0,33.7
18,3,4.0,20,16,0,blood_lab,2,24.25
15,3,6.0,21,16,1,consultation,0,28.24
3,1,3.0,9,15,3,inquiry,0,8.27
17,3,8.5,24,11,6,certificate,3,54.85
29,1,8.5,33,10,2,certificate,1,247.87
22,4,4.0,35,15,1,blood_lab,1,20.18
18,2,4.0,22,17,6,blood_lab,1,33.47
18,1,10.0,26,10,0,registration,2,201.32
16,3,6.0,23,17,2,consultation,1,26.74
11,4,6.0,21,15,1,consultation,3,12.99
3,4,8.5,8,16,0,certificate,1,4.23
28,4,6.0,33,12,6,consultation,3,49.14
26,1,4.0,31,12,0,blood_lab,2,148.86
22,3,4.0,35,14,2,blood_lab,3,31.88
5,3,10.0,17,14,2,registration,0,22.26
24,4,8.5,31,14,2,certificate,0,60.19
0,3,8.5,2,17,5,certificate,2,0.5
31,4,8.5,44,13,1,certificate,1,81.95
29,3,6.0,42,14,5,consultation,1,70.41
5,2,8.5,19,11,1,certificate,0,26.16
4,3,6.0,14,13,2,consultation,3,7.21
30,2,6.0,34,10,3,consultation,3,83.52
6,2,4.0,8,11,6,blood_lab,0,12.62
4,2,6.0,14,14,6,consultation,3,9.25
10,4,8.5,18,9,2,certificate,3,17.43
7,1,10.0,18,13,3,registration,2,85.38
27,1,8.5,29,8,3,certificate,1,226.27
12,3,4.0,17,12,5,blood_lab,1,15.06
28,3,10.0,33,16,4,registration,0,102.79
27,3,4.0,34,11,2,blood_lab,0,44.51
2,3,6.0,4,15,4,consultation,3,0.5
21,1,10.0,23,14,0,registration,3,294.44
22,2,8.5,27,15,0,certificate,0,109.49
17,4,10.0,28,12,5,registration,3,50.01
5,3,6.0,15,8,4,consultation,0,13.43
23,3,4.0,34,12,1,blood_lab,2,36.74
24,3,8.5,34,12,3,certificate,1,88.98
13,1,3.0,26,16,2,inquiry,1,36.04
7,2,10.0,19,13,4,registration,1,50.24
26,4,8.5,29,10,4,certificate,3,59.16
17,2,10.0,18,12,6,registration,0,105.61
26,3,10.0,27,10,2,registration,2,84.81
28,2,3.0,42,13,1,inquiry,1,50.86
4,2,10.0,7,17,4,registration,3,18.67
25,2,8.5,32,14,2,certificate,1,127.71
1,2,6.0,2,8,2,consultation,3,0.5
26,3,3.0,35,9,4,inquiry,2,25.57
2,4,3.0,6,11,2,inquiry,0,3.51
1,3,3.0,14,17,6,inquiry,0,1.68
0,4,6.0,8,13,3,consultation,2,0.5
15,3,3.0,23,11,6,inquiry,3,13.23
22,2,3.0,33,13,5,inquiry,2,39.44
17,1,6.0,22,17,0,consultation,2,112.39
18,3,10.0,19,14,5,registration,1,73.04
15,1,10.0,22,10,3,registration,0,148.5
12,3,6.0,25,13,6,consultation,1,28.38
5,2,3.0,8,10,1,inquiry,3,3.8
8,2,4.0,11,13,3,blood_lab,0,20.23
27,4,10.0,32,14,0,registration,0,96.6
20,4,6.0,26,15,3,consultation,0,28.23
24,1,10.0,27,13,0,registration,1,345.33
1,4,3.0,11,12,2,inquiry,3,0.5
29,2,3.0,41,11,1,inquiry,0,53.48
11,1,3.0,15,17,3,inquiry,2,28.39
5,1,4.0,10,10,4,blood_lab,3,20.02
32,4,4.0,36,10,3,blood_lab,3,26.06
29,1,4.0,39,12,0,blood_lab,0,166.52
17,1,4.0,24,14,1,blood_lab,2,81.37
17,3,6.0,26,10,3,consultation,0,32.05
19,1,8.5,23,14,5,certificate,0,202.48
26,3,10.0,35,8,3,registration,1,86.88
31,1,6.0,42,8,1,consultation,1,182.19
28,2,8.5,34,14,5,certificate,1,146.79
14,1,10.0,28,13,5,registration,3,173.28
10,4,8.5,22,9,1,certificate,1,18.09
21,1,8.5,30,14,6,certificate,2,220.65
25,2,8.5,37,10,4,certificate,1,121.61
11,4,4.0,19,11,5,blood_lab,0,14.19
20,2,3.0,26,10,6,inquiry,3,27.51
15,1,8.5,16,8,1,certificate,0,129.82
24,2,3.0,37,11,4,inquiry,1,50.34
25,3,10.0,38,17,4,registration,3,91.24
7,4,4.0,20,17,6,blood_lab,2,1.14
22,2,8.5,28,12,4,certificate,2,133.35
6,1,10.0,15,14,0,registration,3,82.45
9,4,3.0,19,14,1,inquiry,1,7.77
0,1,8.5,1,13,4,certificate,3,0.5
20,2,4.0,31,16,0,blood_lab,3,42.96
3,2,10.0,5,13,0,registration,3,16.95
0,1,4.0,9,8,1,blood_lab,2,0.5
32,1,3.0,43,12,0,inquiry,0,136.59
28,4,4.0,38,14,4,blood_lab,2,35.45
11,1,10.0,18,13,4,registration,3,152.2
22,1,4.0,35,14,4,blood_lab,2,119.91
17,3,6.0,21,15,5,consultation,1,33.75
31,3,8.5,40,15,5,certificate,1,86.81
1,2,3.0,2,13,6,inquiry,3,0.5
15,3,10.0,20,8,1,registration,1,50.36
17,1,3.0,27,9,2,inquiry,1,48.59
23,4,6.0,34,10,1,consultation,3,30.8
34,4,8.5,37,11,4,certificate,2,102.25
34,3,6.0,45,17,2,consultation,2,66.95
34,3,10.0,47,11,6,registration,3,137.18
20,4,10.0,30,13,4,registration,1,68.69
29,4,4.0,43,14,4,blood_lab,0,41.94
15,3,10.0,16,14,5,registration,0,62.62
8,1,6.0,19,14,3,consultation,0,59.81
10,4,4.0,18,16,1,blood_lab,1,8.3
16,2,10.0,19,14,1,registration,0,98.45
14,1,8.5,28,17,0,certificate,2,130.75
31,4,4.0,40,12,1,blood_lab,2,35.84
1,1,3.0,14,12,3,inquiry,2,0.5
13,2,4.0,15,9,3,blood_lab,2,26.85
4,1,8.5,13,12,0,certificate,3,44.28
14,2,8.5,27,13,3,certificate,3,69.51
8,2,10.0,22,15,2,registration,0,39.48
14,3,3.0,27,9,6,inquiry,2,7.89
5,2,6.0,16,17,0,consultation,2,15.91
32,3,4.0,45,10,3,blood_lab,2,38.87
32,1,8.5,42,14,1,certificate,1,341.73
25,1,8.5,37,12,5,certificate,1,264.3
13,4,8.5,21,9,6,certificate,0,26.06
16,1,6.0,24,16,0,consultation,3,107.81
8,2,10.0,11,13,6,registration,3,45.92
1,2,8.5,12,11,4,certificate,0,2.46
25,3,6.0,34,15,2,consultation,3,43.13
30,2,4.0,41,9,1,blood_lab,3,53.24
23,4,10.0,32,14,0,registration,3,77.6
12,1,3.0,14,14,5,inquiry,0,46.27
6,2,6.0,19,8,0,consultation,3,18.04
31,2,3.0,40,8,5,inquiry,1,43.56
10,2,4.0,16,15,1,blood_lab,1,16.72
33,3,10.0,36,8,0,registration,1,124.04
18,4,6.0,28,14,4,consultation,1,38.11
0,2,8.5,7,12,0,certificate,3,0.5
33,1,10.0,34,8,1,registration,0,329.33
21,3,6.0,26,13,5,consultation,0,52.01
30,1,10.0,35,11,0,registration,1,431.57
5,4,6.0,8,8,4,consultation,2,5.94
27,1,3.0,29,14,5,inquiry,0,103.68
27,3,10.0,34,14,3,registration,2,109.04
26,4,10.0,38,17,2,registration,3,60.61
28,3,6.0,34,12,2,consultation,1,71.92
19,1,8.5,32,13,3,certificate,0,202.82
5,4,6.0,11,8,6,consultation,3,1.83
7,2,8.5,12,17,4,certificate,1,30.28
18,1,8.5,25,16,5,certificate,0,152.15
17,2,10.0,19,8,5,registration,3,81.36
27,1,6.0,28,17,4,consultation,2,184.01
0,1,3.0,10,10,4,inquiry,0,0.5
23,1,6.0,37,15,4,consultation,1,158.03
3,1,4.0,10,16,2,blood_lab,2,5.65
18,4,3.0,22,13,0,inquiry,1,17.48
25,4,10.0,30,14,1,registration,1,77.34
25,1,10.0,39,12,0,registration,3,355.68
14,2,3.0,25,13,1,inquiry,0,25.03
11,1,8.5,13,14,2,certificate,0,117.12
9,1,8.5,23,16,4,certificate,0,88.15
16,4,4.0,28,9,5,blood_lab,2,9.45
24,4,10.0,27,12,1,registration,2,71.35
16,2,10.0,19,17,6,registration,2,75.94
2,1,6.0,15,10,1,consultation,2,9.56
19,2,8.5,27,8,1,certificate,2,75.81
31,1,8.5,44,11,3,certificate,2,326.19
9,3,4.0,19,15,0,blood_lab,0,14.9
27,1,10.0,40,10,6,registration,2,268.51
27,3,10.0,34,11,3,registration,3,106.43
10,2,10.0,20,14,1,registration,3,57.7
34,3,4.0,48,15,4,blood_lab,2,48.92
3,3,4.0,6,16,3,blood_lab,1,1.28
2,3,8.5,7,10,5,certificate,3,1.53
22,3,8.5,35,8,5,certificate,1,62.77
30,4,10.0,31,15,0,registration,2,83.25
18,4,3.0,20,10,0,inquiry,3,7.7
31,1,4.0,40,14,1,blood_lab,3,152.65
30,2,3.0,42,9,4,inquiry,0,51.66
5,2,4.0,11,12,3,blood_lab,3,8.54
10,4,6.0,24,8,2,consultation,3,10.34
31,4,10.0,43,10,5,registration,1,72.92
4,3,3.0,17,10,0,inquiry,3,4.17
20,2,10.0,25,17,2,registration,1,100.15
3,2,4.0,12,14,1,blood_lab,0,9.19
3,2,8.5,13,13,6,certificate,3,8.25
14,2,4.0,22,17,3,blood_lab,0,26.56
23,2,4.0,28,17,1,blood_lab,2,43.79
12,1,8.5,24,12,1,certificate,3,121.69
30,4,10.0,31,8,2,registration,2,72.3
23,1,6.0,33,9,4,consultation,3,149.27
10,3,3.0,21,11,0,inquiry,0,14.68
23,4,4.0,24,12,5,blood_lab,1,28.43
21,3,8.5,34,8,0,certificate,1,65.8
34,3,3.0,39,8,2,inquiry,1,33.82
8,2,8.5,14,17,3,certificate,3,28.34
26,1,3.0,29,15,4,inquiry,0,88.67
34,2,6.0,39,15,5,consultation,2,97.94
4,2,10.0,15,10,3,registration,0,21.89
8,4,10.0,20,14,3,registration,2,20.48
27,3,4.0,31,10,3,blood_lab,1,38.12
11,4,4.0,14,15,1,blood_lab,1,11.88
15,3,8.5,27,16,4,certificate,3,42.37
12,3,3.0,26,17,4,inquiry,3,10.99
16,1,10.0,21,13,0,registration,2,228.91
1,3,6.0,8,13,5,consultation,0,4.83
6,4,8.5,8,11,6,certificate,3,10.65
28,1,10.0,38,14,6,registration,0,350.26
19,1,8.5,25,14,2,certificate,3,195.37
31,2,8.5,40,14,4,certificate,2,185.68
22,3,6.0,27,10,2,consultation,3,39.73
23,2,10.0,35,8,2,registration,1,111.98
15,3,3.0,26,14,5,inquiry,1,17.54
18,4,8.5,32,14,3,certificate,0,45.71
21,2,3.0,32,8,2,inquiry,2,27.56
24,3,4.0,30,13,5,blood_lab,2,34.99
21,4,10.0,23,10,5,registration,1,47.72
32,1,10.0,39,12,3,registration,2,399.78
29,2,6.0,43,15,0,consultation,1,100.55
30,1,8.5,36,17,4,certificate,3,288.58
7,4,3.0,17,8,1,inquiry,2,1.97
5,4,10.0,7,14,3,registration,2,14.41
8,3,10.0,20,8,6,registration,2,22.04
10,4,4.0,23,15,6,blood_lab,3,3.34
7,3,10.0,12,17,0,registration,1,27.65
13,4,8.5,15,16,4,certificate,2,27.1
9,3,3.0,20,11,2,inquiry,0,9.71
33,4,10.0,44,14,4,registration,0,118.75
25,1,4.0,26,17,3,blood_lab,0,98.82
19,4,10.0,27,13,2,registration,3,54.27
31,1,4.0,45,16,6,blood_lab,2,120.55
2,1,4.0,15,17,1,blood_lab,3,4.6
21,2,6.0,30,17,2,consultation,3,57.77
28,4,10.0,33,8,6,registration,2,65.51
14,2,8.5,26,8,6,certificate,0,59.41
13,1,10.0,24,8,4,registration,3,145.53
5,3,4.0,9,12,3,blood_lab,0,10.18
1,2,6.0,11,8,1,consultation,1,0.5
7,1,6.0,21,17,2,consultation,0,44.04
22,1,6.0,30,8,6,consultation,0,132.66
25,2,3.0,37,11,5,inquiry,3,41.67
17,3,3.0,25,17,2,inquiry,1,14.6
8,4,6.0,14,17,3,consultation,0,11.93
18,1,4.0,23,9,4,blood_lab,0,81.53
13,3,4.0,24,14,0,blood_lab,2,21.15
29,2,4.0,35,13,4,blood_lab,1,80.59
5,1,8.5,13,13,3,certificate,2,51.73
0,2,6.0,9,15,1,consultation,3,0.5
7,4,4.0,18,16,6,blood_lab,1,6.46
27,3,6.0,31,14,3,consultation,3,61.53
0,1,3.0,11,16,5,inquiry,0,0.65
2,4,3.0,5,9,3,inquiry,0,1.32
29,1,4.0,43,16,0,blood_lab,3,129.36
30,1,4.0,38,15,0,blood_lab,1,137.64
10,1,10.0,13,11,5,registration,1,126.58
17,4,10.0,20,8,5,registration,1,37.77
28,4,10.0,32,9,3,registration,3,63.97
30,3,6.0,42,17,4,consultation,3,64.94
12,3,10.0,18,16,2,registration,3,33.23
0,1,3.0,12,11,4,inquiry,1,0.5
0,4,10.0,12,10,6,registration,2,0.5
19,2,3.0,27,11,4,inquiry,3,34.48
34,4,8.5,37,11,3,certificate,0,87.94
13,2,4.0,26,10,1,blood_lab,0,27.51
28,1,10.0,33,12,4,registration,3,400.63
12,2,3.0,21,11,6,inquiry,2,19.5
6,4,10.0,14,15,1,registration,1,12.36
27,3,8.5,35,12,5,certificate,3,88.11
14,1,10.0,28,16,2,registration,0,138.69
16,1,4.0,25,9,2,blood_lab,0,65.02
21,3,4.0,26,17,3,blood_lab,2,22.72
21,1,4.0,25,15,5,blood_lab,2,85.08
30,2,8.5,42,15,6,certificate,3,122.3
21,3,4.0,30,11,5,blood_lab,0,34.59
10,1,8.5,19,17,5,certificate,1,82.55
23,4,8.5,28,8,0,certificate,3,50.13
9,1,8.5,17,17,0,certificate,0,87.37
24,4,8.5,32,17,4,certificate,3,56.66
26,4,10.0,40,17,4,registration,0,76.26
18,2,8.5,25,11,3,certificate,1,93.69
27,2,8.5,34,9,4,certificate,3,125.83
4,4,4.0,17,13,3,blood_lab,2,0.5
13,1,8.5,23,12,3,certificate,1,138.85
30,1,3.0,39,17,2,inquiry,1,88.02
34,3,6.0,45,14,2,consultation,0,84.6
12,1,6.0,14,10,2,consultation,0,69.13
1,2,3.0,13,10,4,inquiry,1,2.16
18,4,10.0,21,12,5,registration,3,51.62
16,4,4.0,18,14,0,blood_lab,0,22.26
34,4,8.5,36,15,0,certificate,0,86.34
20,2,6.0,23,16,6,consultation,3,55.9
26,3,4.0,36,12,1,blood_lab,3,38.28
10,3,10.0,17,10,5,registration,0,29.84
18,2,4.0,22,15,3,blood_lab,2,33.06
21,4,4.0,25,13,4,blood_lab,1,33.1
31,3,6.0,43,17,1,consultation,1,60.85
22,4,8.5,29,17,0,certificate,0,52.66
21,2,8.5,35,8,2,certificate,3,83.23
15,4,6.0,28,11,6,consultation,0,26.51
19,3,3.0,27,13,1,inquiry,0,23.86
24,4,8.5,34,14,2,certificate,1,59.22
13,3,3.0,25,11,4,inquiry,3,14.34
1,1,6.0,5,13,1,consultation,3,0.59
32,2,3.0,41,10,5,inquiry,3,45.93
26,3,8.5,37,17,5,certificate,0,74.14
32,2,6.0,34,16,3,consultation,3,92.55
26,1,4.0,27,16,5,blood_lab,3,97.14
31,3,6.0,35,13,0,consultation,2,84.2
23,4,3.0,32,10,2,inquiry,2,16.32
34,2,3.0,42,15,1,inquiry,0,50.52
22,2,4.0,31,9,2,blood_lab,1,42.7
13,1,8.5,18,12,6,certificate,3,134.63
2,2,3.0,14,12,3,inquiry,1,6.9
0,4,6.0,6,15,6,consultation,2,0.5
11,4,3.0,12,10,3,inquiry,3,3.33
30,4,4.0,34,8,4,blood_lab,0,37.1
14,1,8.5,19,12,6,certificate,2,146.02
13,4,10.0,18,12,6,registration,3,37.29
33,2,6.0,44,9,4,consultation,0,114.9
20,4,10.0,34,8,0,registration,1,55.37
1,3,6.0,2,12,1,consultation,2,0.5
30,3,10.0,42,16,6,registration,0,97.2
14,3,8.5,18,10,1,certificate,2,37.52
20,2,10.0,32,16,5,registration,0,99.86
11,4,10.0,14,15,4,registration,3,27.09
23,1,8.5,32,9,0,certificate,3,219.49
12,4,4.0,26,16,0,blood_lab,2,10.72
9,4,4.0,22,12,1,blood_lab,2,8.36
34,4,8.5,40,15,3,certificate,2,69.19
13,3,10.0,27,15,5,registration,2,42.57
10,2,10.0,20,12,2,registration,1,60.76
15,1,3.0,20,10,4,inquiry,2,48.56
18,1,3.0,29,10,4,inquiry,1,61.57
16,2,10.0,18,14,6,registration,3,97.04
24,4,3.0,27,10,3,inquiry,3,15.25
34,3,6.0,39,11,3,consultation,0,85.26
9,3,3.0,13,8,1,inquiry,1,7.85
15,3,6.0,20,10,5,consultation,1,27.42
21,2,4.0,35,16,0,blood_lab,2,47.8
23,3,4.0,35,15,6,blood_lab,0,32.68
9,3,10.0,19,17,4,registration,0,30.92
30,2,10.0,39,16,0,registration,2,169.06
29,3,8.5,33,12,3,certificate,1,101.62
22,3,8.5,26,11,0,certificate,0,90.68
1,2,6.0,8,10,3,consultation,1,0.5
24,4,10.0,25,9,6,registration,2,56.46
31,4,6.0,33,8,1,consultation,3,44.87
8,4,3.0,11,15,3,inquiry,2,1.36
34,3,8.5,35,15,6,certificate,1,95.39
13,4,8.5,24,15,0,certificate,2,27.32
9,3,10.0,19,14,1,registration,1,37.58
17,3,6.0,24,17,5,consultation,0,32.83
22,1,6.0,33,10,2,consultation,3,128.36
29,4,3.0,35,15,6,inquiry,1,18.44
19,2,10.0,20,13,2,registration,2,118.11
7,4,10.0,16,13,5,registration,3,19.1
27,1,10.0,34,15,5,registration,2,268.24
29,4,3.0,41,8,1,inquiry,2,22.07
9,1,10.0,14,13,5,registration,2,110.32
0,2,4.0,2,11,2,blood_lab,3,0.5
9,1,8.5,19,9,5,certificate,2,75.33
18,1,4.0,24,11,3,blood_lab,0,89.99
9,1,4.0,13,15,0,blood_lab,3,34.01
20,3,3.0,25,14,4,inquiry,0,31.12
16,2,10.0,26,17,1,registration,1,77.44
34,2,8.5,39,14,5,certificate,2,176.15
15,3,3.0,19,15,0,inquiry,2,13.59
9,4,6.0,20,17,3,consultation,3,11.13
12,4,3.0,25,14,4,inquiry,1,8.51
29,2,3.0,34,9,1,inquiry,1,44.16
9,1,4.0,10,13,2,blood_lab,1,43.72
33,1,3.0,36,8,4,inquiry,2,111.7
30,1,3.0,32,9,1,inquiry,0,87.2
5,2,3.0,19,8,0,inquiry,2,3.7
14,4,6.0,19,16,4,consultation,3,21.08
3,4,6.0,10,13,4,consultation,1,4.74
19,4,4.0,27,8,2,blood_lab,0,22.13
25,2,10.0,38,14,1,registration,0,156.55
15,2,8.5,17,10,6,certificate,2,60.69
25,1,4.0,39,9,5,blood_lab,0,100.74
13,1,10.0,19,13,2,registration,0,161.56
6,3,3.0,16,13,5,inquiry,2,4.23
9,2,10.0,12,17,4,registration,0,50.75
19,3,10.0,24,14,0,registration,1,91.23
1,2,3.0,8,16,6,inquiry,3,0.5
21,1,8.5,30,14,5,certificate,2,218.96
3,1,10.0,12,13,5,registration,2,33.79
31,2,10.0,44,13,4,registration,0,223.99
9,2,4.0,10,15,6,blood_lab,1,19.25
16,2,4.0,20,11,2,blood_lab,3,33.77
33,2,6.0,36,13,1,consultation,3,120.34
31,2,3.0,41,9,3,inquiry,1,42.55
20,4,10.0,34,8,6,registration,3,44.67
26,4,4.0,31,15,0,blood_lab,3,26.46
1,1,10.0,14,13,4,registration,0,16.52
16,4,10.0,24,14,6,registration,0,50.5
18,1,10.0,23,12,6,registration,2,223.13
25,2,6.0,35,16,5,consultation,2,72.08
11,2,3.0,23,14,3,inquiry,0,22.56
9,4,4.0,11,13,2,blood_lab,2,9.73
32,2,4.0,36,8,2,blood_lab,3,59.35
9,3,3.0,17,15,2,inquiry,1,4.66
16,2,6.0,29,14,0,consultation,1,69.27
4,2,4.0,16,14,5,blood_lab,3,4.61
32,1,6.0,38,13,5,consultation,2,235.49
31,2,6.0,44,14,3,consultation,0,116.1
12,1,3.0,22,10,5,inquiry,2,33.33
8,1,6.0,18,17,6,consultation,3,45.3
0,1,6.0,4,15,4,consultation,3,0.5
12,2,6.0,16,12,5,consultation,0,44.65
3,2,8.5,17,8,3,certificate,1,8.14
31,2,10.0,32,16,5,registration,1,153.71
19,1,4.0,31,13,3,blood_lab,1,95.36
1,1,8.5,12,13,0,certificate,2,10.65
30,4,6.0,39,10,0,consultation,1,55.17
34,4,6.0,41,12,2,consultation,2,56.31
32,1,10.0,35,9,4,registration,2,366.92
32,4,10.0,41,8,2,registration,2,77.9
12,1,6.0,22,10,0,consultation,1,80.46
17,1,6.0,22,11,1,consultation,2,127.1
29,1,6.0,42,10,3,consultation,0,174.43
19,3,4.0,33,16,1,blood_lab,2,24.16
28,3,8.5,40,10,5,certificate,2,74.05
5,2,6.0,16,8,4,consultation,0,15.1
26,2,8.5,31,14,5,certificate,2,137.18
25,1,3.0,30,17,4,inquiry,0,88.06
18,1,10.0,30,14,5,registration,1,221.06
20,3,8.5,24,15,5,certificate,1,54.05
13,2,3.0,19,12,1,inquiry,0,20.4
29,2,4.0,40,16,0,blood_lab,3,60.92
4,2,4.0,5,12,1,blood_lab,2,7.32
25,4,8.5,34,11,3,certificate,0,69.94
6,1,10.0,19,12,2,registration,1,71.56
8,2,10.0,12,9,2,registration,2,37.09
4,3,8.5,11,13,6,certificate,1,10.99
5,4,8.5,6,17,6,certificate,2,8.85
13,4,10.0,27,14,6,registration,2,38.32
14,1,10.0,15,15,6,registration,3,133.53
16,3,4.0,26,15,1,blood_lab,3,12.02
0,1,10.0,3,17,2,registration,2,0.5
1,3,4.0,12,11,0,blood_lab,3,5.15
5,1,10.0,11,11,3,registration,0,60.42
32,1,8.5,39,12,4,certificate,3,389.01
32,4,10.0,38,13,5,registration,0,99.84
15,1,8.5,22,8,4,certificate,3,141.65
9,3,4.0,22,13,6,blood_lab,0,16.25
34,4,8.5,43,8,0,certificate,2,81.15
0,4,4.0,9,16,5,blood_lab,3,0.5
22,4,3.0,33,13,6,inquiry,1,18.73
11,3,10.0,14,17,0,registration,2,40.65
0,1,10.0,9,13,2,registration,0,0.5
15,2,10.0,22,9,4,registration,3,79.83
8,2,6.0,22,9,4,consultation,2,25.01
20,3,6.0,29,10,2,consultation,3,37.49
32,3,4.0,37,15,6,blood_lab,3,36.32
3,3,3.0,15,11,1,inquiry,2,0.5
26,2,3.0,38,12,1,inquiry,0,50.85
31,3,3.0,37,9,6,inquiry,1,29.59
21,2,10.0,24,9,0,registration,0,124.38
4,4,4.0,14,14,0,blood_lab,3,0.5
33,1,3.0,43,12,6,inquiry,3,118.9
7,1,4.0,20,9,0,blood_lab,2,30.85
2,3,3.0,12,10,1,inquiry,0,0.5
11,1,4.0,22,17,4,blood_lab,2,46.57
21,4,6.0,27,10,4,consultation,2,33.28
8,3,8.5,11,17,6,certificate,0,22.85
5,1,8.5,8,14,6,certificate,0,51.79
4,3,10.0,11,14,1,registration,0,17.53
0,4,4.0,11,8,2,blood_lab,3,0.5
33,2,3.0,38,9,2,inquiry,2,46.35
8,3,6.0,18,8,2,consultation,0,17.13
27,4,8.5,30,12,1,certificate,1,70.72
16,4,3.0,26,16,0,inquiry,1,13.21
7,3,4.0,17,9,1,blood_lab,0,9.14
21,1,6.0,26,9,6,consultation,0,126.45
3,2,8.5,6,8,1,certificate,1,13.18
5,2,10.0,6,15,3,registration,2,21.24
21,3,4.0,25,17,0,blood_lab,1,30.54
33,4,8.5,36,13,1,certificate,2,88.91
2,4,4.0,12,8,3,blood_lab,1,0.5
23,4,8.5,37,16,6,certificate,2,46.21
29,1,6.0,39,10,4,consultation,3,194.1
8,3,8.5,20,17,4,certificate,0,24.58
29,1,10.0,39,10,6,registration,0,289.02
1,1,6.0,12,11,4,consultation,3,3.26
12,2,10.0,19,8,5,registration,1,56.74
21,1,4.0,22,9,1,blood_lab,2,80.88
3,4,3.0,8,9,2,inquiry,2,1.32
34,3,4.0,47,9,5,blood_lab,3,39.31
21,1,8.5,26,15,5,certificate,3,172.63
11,3,8.5,16,16,6,certificate,3,26.45
27,4,3.0,29,12,3,inquiry,0,23.71
31,1,10.0,38,8,4,registration,1,354.22
3,4,3.0,6,15,4,inquiry,1,2.07
18,4,10.0,21,15,6,registration,1,43.46
2,4,6.0,10,16,2,consultation,3,1.61
11,2,10.0,20,11,1,registration,3,62.89
4,3,6.0,8,11,2,consultation,2,9.3
15,4,3.0,26,9,5,inquiry,3,4.58
29,3,3.0,38,13,5,inquiry,0,34.38
13,2,4.0,22,16,6,blood_lab,1,23.59
26,4,10.0,36,9,0,registration,0,75.03
26,2,6.0,30,16,0,consultation,2,84.97
9,4,6.0,17,8,5,consultation,3,8.6
11,4,6.0,20,16,1,consultation,1,11.26
32,4,4.0,45,17,0,blood_lab,3,35.64
30,2,3.0,40,10,0,inquiry,2,47.85
1,1,3.0,6,17,4,inquiry,2,0.73
8,1,8.5,12,13,5,certificate,1,82.68
2,2,10.0,4,9,1,registration,3,1.98
25,4,10.0,39,9,4,registration,2,68.29
27,4,10.0,35,11,3,registration,2,78.42
17,4,8.5,29,8,1,certificate,3,32.04
4,4,8.5,7,10,3,certificate,1,6.94
18,4,3.0,29,12,3,inquiry,0,13.95
4,2,4.0,13,16,4,blood_lab,0,13.4
31,4,10.0,37,13,3,registration,2,95.92
33,1,6.0,40,12,4,consultation,1,284.66
34,2,10.0,41,10,0,registration,1,192.4
15,1,4.0,25,14,2,blood_lab,0,76.38
6,2,4.0,12,17,1,blood_lab,0,11.2
21,3,10.0,31,13,0,registration,2,97.81
31,1,4.0,41,16,5,blood_lab,3,119.98
8,4,3.0,17,12,4,inquiry,2,4.52
7,2,4.0,10,13,0,blood_lab,1,20.12
20,4,4.0,33,8,5,blood_lab,1,19.14
29,2,3.0,40,13,3,inquiry,1,52.18
12,4,6.0,25,17,5,consultation,3,13.35
1,1,3.0,14,14,1,inquiry,2,0.66
5,4,8.5,12,15,3,certificate,0,9.22
4,3,4.0,7,9,3,blood_lab,2,0.53
27,3,8.5,40,9,1,certificate,0,77.24
14,1,3.0,28,9,0,inquiry,2,44.56
1,1,6.0,2,17,0,consultation,1,8.49
25,2,3.0,28,8,0,inquiry,0,44.31
10,4,4.0,16,9,6,blood_lab,0,14.09
27,4,3.0,31,12,2,inquiry,3,21.52
3,3,10.0,5,11,2,registration,2,13.18
23,1,3.0,32,16,2,inquiry,0,73.82
15,2,8.5,18,9,0,certificate,2,71.45
17,2,3.0,18,13,5,inquiry,3,28.58
14,3,6.0,22,10,4,consultation,3,27.31
13,3,4.0,20,11,0,blood_lab,1,23.91
32,1,8.5,33,11,0,certificate,1,391.53
16,2,6.0,28,13,6,consultation,3,55.55
24,2,10.0,27,10,2,registration,3,117.15
9,1,6.0,15,13,5,consultation,0,66.89
18,3,10.0,24,9,6,registration,3,52.92
2,2,10.0,6,12,5,registration,0,10.14
2,2,4.0,3,14,4,blood_lab,3,1.78
6,1,3.0,19,15,5,inquiry,1,16.94
31,4,6.0,37,8,5,consultation,2,41.75
27,2,3.0,31,15,0,inquiry,0,48.86
21,4,8.5,32,14,3,certificate,0,56.44
7,3,6.0,12,13,3,consultation,2,14.63
18,2,10.0,23,10,0,registration,3,99.01
8,1,4.0,14,10,4,blood_lab,2,35.04
33,2,10.0,35,13,2,registration,3,200.33
20,4,8.5,25,9,5,certificate,1,42.2
23,1,3.0,31,11,4,inquiry,1,96.77
12,1,6.0,26,9,6,consultation,1,72.0
31,4,4.0,41,11,0,blood_lab,0,44.22
33,1,3.0,43,15,6,inquiry,3,93.48
33,1,10.0,47,17,6,registration,2,327.42
6,4,6.0,17,14,4,consultation,3,8.15
9,2,6.0,22,16,6,consultation,3,21.71
9,4,6.0,17,12,1,consultation,2,11.29
32,4,3.0,40,10,6,inquiry,3,22.35
20,4,10.0,32,12,6,registration,2,61.28
3,4,10.0,7,12,3,registration,2,3.63
5,4,6.0,10,15,3,consultation,0,9.47
10,2,8.5,15,15,5,certificate,3,39.26
15,2,10.0,24,8,1,registration,1,73.55
0,4,3.0,11,11,5,inquiry,2,0.5
30,3,8.5,39,9,6,certificate,0,83.88
27,2,4.0,39,14,2,blood_lab,2,63.21
31,4,8.5,42,10,6,certificate,1,66.51
2,2,3.0,11,12,3,inquiry,2,0.5
1,4,6.0,3,8,3,consultation,1,1.68
20,1,6.0,23,9,5,consultation,3,115.08
25,4,10.0,29,13,1,registration,1,74.69
12,4,8.5,18,9,5,certificate,2,21.83
5,2,4.0,11,15,1,blood_lab,2,7.71
21,2,4.0,25,10,2,blood_lab,3,38.29
19,1,4.0,23,8,1,blood_lab,1,76.43
5,3,3.0,12,11,6,inquiry,1,5.25
5,4,3.0,18,16,0,inquiry,0,5.86
5,2,4.0,16,14,1,blood_lab,0,8.93
21,2,6.0,25,16,1,consultation,1,67.54
29,3,8.5,35,8,2,certificate,1,79.24
21,3,4.0,26,10,5,blood_lab,2,22.76
29,1,6.0,33,12,1,consultation,2,212.35
0,2,3.0,1,15,3,inquiry,3,0.5
2,3,10.0,8,13,4,registration,2,8.16
4,3,4.0,11,8,6,blood_lab,0,6.36
14,3,6.0,22,13,1,consultation,1,36.9
14,2,10.0,21,16,5,registration,0,71.34
1,1,4.0,12,17,4,blood_lab,2,3.47
4,1,8.5,11,16,4,certificate,0,41.45
3,1,10.0,16,17,4,registration,3,29.23
13,2,10.0,23,17,1,registration,0,67.17
10,3,8.5,18,10,3,certificate,3,25.98
11,2,4.0,25,13,2,blood_lab,2,23.12
24,3,10.0,35,8,5,registration,2,74.19
28,1,10.0,35,10,2,registration,0,279.97
22,2,4.0,32,15,0,blood_lab,1,51.12
32,1,8.5,46,15,5,certificate,2,267.39
14,1,6.0,25,10,1,consultation,1,81.93
17,2,8.5,23,16,5,certificate,3,67.08
24,3,4.0,29,9,0,blood_lab,2,34.25
17,2,4.0,27,8,3,blood_lab,0,31.2
9,3,4.0,17,14,0,blood_lab,0,18.58
5,1,6.0,13,13,5,consultation,0,38.62
34,3,4.0,38,14,2,blood_lab,0,61.31
7,1,4.0,19,12,5,blood_lab,0,32.79
10,1,6.0,23,17,2,consultation,3,56.98
1,4,10.0,2,15,1,registration,2,0.5
33,4,3.0,47,9,6,inquiry,2,22.08
31,3,3.0,32,17,0,inquiry,0,33.58
10,4,3.0,18,9,3,inquiry,1,5.77
30,3,10.0,42,12,5,registration,0,125.7
12,1,8.5,14,13,4,certificate,0,147.21
4,4,3.0,17,15,3,inquiry,0,1.55
9,4,6.0,18,11,2,consultation,1,14.6
28,4,4.0,36,12,2,blood_lab,3,30.1
6,3,8.5,20,15,4,certificate,0,19.98
3,2,10.0,8,9,1,registration,1,16.49
33,1,6.0,43,12,1,consultation,3,245.69
20,1,4.0,22,13,6,blood_lab,3,95.37
0,3,4.0,4,13,6,blood_lab,0,1.54
29,1,8.5,41,15,3,certificate,1,246.65
10,4,10.0,20,17,5,registration,3,23.42
19,4,3.0,30,10,3,inquiry,1,14.17
13,1,10.0,17,16,3,registration,3,125.72
8,2,6.0,17,16,5,consultation,3,21.93
17,4,6.0,19,15,2,consultation,1,23.96
15,3,6.0,27,8,3,consultation,0,29.94
25,3,4.0,36,12,4,blood_lab,1,47.1
19,1,4.0,22,10,3,blood_lab,1,71.2
19,4,10.0,29,16,1,registration,3,45.23
29,4,4.0,35,14,5,blood_lab,2,32.13
31,1,10.0,33,8,6,registration,1,308.04
9,1,8.5,13,16,6,certificate,0,76.27
11,3,8.5,24,10,2,certificate,1,29.36
5,3,10.0,19,9,5,registration,0,18.1
17,1,4.0,20,11,0,blood_lab,0,97.48
20,4,8.5,29,12,1,certificate,2,50.52
20,4,4.0,23,17,0,blood_lab,1,23.94
12,2,4.0,16,13,1,blood_lab,3,26.26
7,3,6.0,15,10,0,consultation,3,9.14
16,1,4.0,27,16,5,blood_lab,0,63.28
21,3,3.0,29,10,1,inquiry,3,17.1
13,2,6.0,25,15,2,consultation,2,35.72
16,2,4.0,18,13,6,blood_lab,3,36.71
34,4,3.0,44,11,3,inquiry,2,23.89
10,4,6.0,23,11,6,consultation,2,13.29
9,1,8.5,20,14,5,certificate,2,94.05
13,2,10.0,14,13,2,registration,1,81.94
15,4,3.0,24,9,4,inquiry,0,13.27
21,3,10.0,33,14,0,registration,1,97.66
20,3,8.5,32,9,2,certificate,3,51.21
34,3,8.5,42,11,4,certificate,2,138.39
28,3,10.0,31,10,0,registration,1,106.25
20,1,8.5,24,11,5,certificate,2,211.09
10,2,3.0,23,11,5,inquiry,2,15.69
2,4,8.5,15,14,3,certificate,1,5.4
0,2,8.5,9,10,0,certificate,2,0.5
25,2,8.5,39,9,0,certificate,0,121.69
13,1,10.0,15,12,5,registration,1,160.91
29,1,6.0,42,12,6,consultation,1,217.8
2,4,6.0,11,11,2,consultation,3,2.35
33,3,10.0,42,17,2,registration,0,109.94
3,4,10.0,15,16,6,registration,0,7.73
12,2,4.0,24,10,5,blood_lab,0,24.75
2,2,8.5,11,15,1,certificate,0,5.96
6,4,8.5,19,10,4,certificate,3,10.79
24,4,6.0,30,16,5,consultation,0,35.36
3,1,6.0,16,8,5,consultation,2,13.31
22,1,4.0,23,15,5,blood_lab,3,83.67
11,4,8.5,13,10,3,certificate,0,25.95
0,1,3.0,9,11,0,inquiry,0,0.5
33,3,4.0,47,11,6,blood_lab,2,51.79
13,2,3.0,26,17,5,inquiry,1,21.52
8,4,3.0,19,14,6,inquiry,0,8.93
29,1,8.5,34,8,0,certificate,2,278.94
10,1,6.0,11,16,5,consultation,2,52.85
10,4,8.5,18,14,4,certificate,3,26.34
21,1,3.0,32,12,1,inquiry,2,74.92
10,3,3.0,21,16,1,inquiry,2,10.04
1,3,3.0,4,8,2,inquiry,3,0.5
9,1,10.0,20,13,3,registration,0,109.72
5,4,10.0,10,10,0,registration,0,14.2
0,3,8.5,4,13,4,certificate,2,0.5
5,3,3.0,12,12,4,inquiry,3,0.82
16,2,3.0,23,14,4,inquiry,1,31.03
21,3,3.0,27,17,5,inquiry,1,16.42
19,2,3.0,28,12,4,inquiry,2,38.23
24,1,8.5,31,14,1,certificate,3,249.25
2,1,3.0,10,17,0,inquiry,1,8.99
3,3,3.0,17,13,2,inquiry,3,0.5
28,1,8.5,40,9,0,certificate,2,270.77
16,1,4.0,24,14,3,blood_lab,3,75.56
1,1,6.0,3,15,3,consultation,2,5.91
9,3,6.0,14,15,5,consultation,3,10.56
8,1,10.0,21,13,2,registration,2,95.71
33,2,10.0,46,10,0,registration,3,187.21
2,2,4.0,12,10,6,blood_lab,2,0.5
6,4,10.0,20,16,5,registration,3,8.05
23,1,8.5,32,12,3,certificate,0,241.96
10,3,3.0,15,13,3,inquiry,2,9.29
27,4,8.5,33,14,4,certificate,2,78.67
5,1,3.0,13,9,5,inquiry,1,12.48
21,4,3.0,34,8,5,inquiry,2,12.7
8,3,8.5,12,9,4,certificate,3,19.81
5,3,8.5,18,16,6,certificate,3,15.03
0,1,4.0,7,16,3,blood_lab,1,0.5
31,1,8.5,38,10,0,certificate,3,297.7
14,2,6.0,20,14,0,consultation,0,59.46
33,1,3.0,40,10,5,inquiry,3,92.71
11,4,10.0,16,11,1,registration,2,35.25
19,1,10.0,28,10,4,registration,0,217.3
21,1,3.0,26,10,4,inquiry,2,68.91
17,1,10.0,19,17,4,registration,0,194.84
23,2,6.0,26,15,4,consultation,2,76.63
18,1,6.0,24,8,0,consultation,2,121.31
11,4,3.0,24,9,5,inquiry,2,5.33
2,1,6.0,9,8,3,consultation,0,10.3
28,4,3.0,32,16,1,inquiry,1,18.54
30,1,10.0,31,8,2,registration,1,299.38
4,2,3.0,18,10,6,inquiry,2,0.78
27,1,8.5,37,12,0,certificate,3,325.37
12,1,3.0,21,12,6,inquiry,3,39.6
9,4,10.0,13,10,4,registration,0,27.89
13,4,6.0,17,13,4,consultation,3,25.49
15,3,10.0,26,10,1,registration,0,51.44
0,2,6.0,9,11,1,consultation,3,0.5
28,3,8.5,29,15,4,certificate,1,89.47
24,4,8.5,26,15,2,certificate,3,43.09
9,2,10.0,22,13,0,registration,2,60.92
13,2,6.0,15,11,4,consultation,0,55.98
22,4,6.0,28,12,6,consultation,1,41.03
27,2,10.0,32,13,0,registration,3,188.36
13,3,6.0,16,16,6,consultation,2,25.26
25,4,8.5,36,16,0,certificate,2,59.06
7,1,6.0,11,15,1,consultation,3,35.01
18,3,8.5,27,14,2,certificate,2,60.21
27,2,6.0,30,9,5,consultation,2,78.67
13,3,3.0,21,12,1,inquiry,3,14.38
2,3,6.0,6,14,0,consultation,2,1.84
2,3,8.5,6,14,6,certificate,2,8.1
17,2,6.0,23,12,5,consultation,1,61.62
18,2,3.0,19,11,4,inquiry,2,36.31
6,3,6.0,20,11,3,consultation,2,13.29
4,2,8.5,12,9,1,certificate,1,15.04
15,1,8.5,21,13,3,certificate,0,162.08
7,4,6.0,16,14,0,consultation,1,13.82
24,1,6.0,27,13,3,consultation,2,176.34
3,2,8.5,16,11,3,certificate,1,12.96
30,3,8.5,40,14,0,certificate,2,117.23
11,4,3.0,19,14,5,inquiry,2,5.37
29,4,3.0,38,17,6,inquiry,2,18.47
16,3,3.0,28,16,2,inquiry,3,9.55
2,1,4.0,6,15,6,blood_lab,1,3.88
19,2,3.0,32,12,2,inquiry,2,35.08
11,3,3.0,12,11,0,inquiry,2,13.71
19,2,8.5,22,10,1,certificate,1,77.81
1,1,10.0,8,9,5,registration,2,7.1
11,4,3.0,13,11,4,inquiry,3,6.96
34,4,4.0,40,13,1,blood_lab,3,40.37
29,2,6.0,41,14,4,consultation,1,124.24
31,1,8.5,38,8,5,certificate,3,256.82
24,4,6.0,31,12,0,consultation,3,46.87
15,1,6.0,19,12,4,consultation,1,128.3
13,1,6.0,23,16,4,consultation,2,89.05
0,1,3.0,3,9,4,inquiry,1,0.5
25,1,6.0,36,15,4,consultation,3,169.73
29,3,8.5,31,11,4,certificate,3,113.53
4,3,3.0,16,12,4,inquiry,3,0.5
8,3,6.0,22,11,0,consultation,3,18.78
19,1,3.0,23,14,4,inquiry,3,79.18
12,1,8.5,17,15,1,certificate,1,100.27
33,1,10.0,45,11,5,registration,1,407.73
5,4,8.5,15,8,0,certificate,2,13.46
2,4,4.0,16,11,2,blood_lab,3,0.5
7,1,10.0,9,17,6,registration,1,66.18
19,4,3.0,26,12,4,inquiry,2,19.5
4,4,8.5,15,9,6,certificate,1,7.76
13,1,10.0,26,16,5,registration,2,127.0
29,1,4.0,31,13,4,blood_lab,1,165.53
31,4,4.0,41,16,6,blood_lab,0,29.65
30,2,4.0,35,16,6,blood_lab,0,60.64
26,1,6.0,35,13,4,consultation,1,224.02
5,3,4.0,14,10,3,blood_lab,3,4.3
31,4,8.5,39,10,6,certificate,1,65.44
18,3,3.0,30,11,1,inquiry,3,19.8
29,3,10.0,31,13,5,registration,1,120.35
6,4,6.0,11,14,3,consultation,3,5.15
12,3,6.0,23,10,0,consultation,1,25.64
29,4,8.5,31,14,2,certificate,0,78.23
26,3,6.0,29,17,5,consultation,1,52.78
31,1,8.5,38,11,1,certificate,2,327.13
14,4,8.5,25,13,3,certificate,0,37.28
13,3,6.0,27,8,5,consultation,1,26.08
14,2,4.0,23,9,6,blood_lab,2,24.61
1,3,8.5,13,9,0,certificate,3,0.5
28,3,8.5,42,16,3,certificate,0,75.7
15,1,3.0,26,15,4,inquiry,3,47.28
28,3,4.0,37,13,3,blood_lab,3,42.14
11,3,3.0,18,15,1,inquiry,3,5.04
19,3,6.0,31,16,3,consultation,1,35.85
20,2,6.0,25,9,4,consultation,2,66.76
8,1,3.0,17,15,0,inquiry,3,25.41
22,1,10.0,28,9,6,registration,1,221.15
1,2,10.0,8,17,6,registration,0,3.2
14,4,10.0,23,12,4,registration,3,46.81
25,1,10.0,26,13,5,registration,0,312.26
27,1,4.0,32,8,6,blood_lab,1,107.53
34,1,10.0,45,11,0,registration,0,491.47
12,3,10.0,19,12,6,registration,0,47.06
5,1,10.0,17,8,1,registration,2,47.42
32,3,8.5,46,9,0,certificate,3,98.18
18,1,4.0,30,17,6,blood_lab,3,66.59
17,2,8.5,19,10,3,certificate,1,73.09
23,2,8.5,26,9,2,certificate,1,98.16
14,1,4.0,22,13,0,blood_lab,1,76.81
4,3,8.5,6,17,1,certificate,1,10.93
26,1,8.5,38,12,6,certificate,3,272.97
32,4,10.0,36,11,1,registration,0,100.13
24,2,10.0,26,8,5,registration,3,117.12
12,1,4.0,17,16,0,blood_lab,3,48.7
7,3,6.0,19,10,5,consultation,2,10.88
15,4,10.0,19,12,2,registration,1,43.85
27,1,8.5,38,14,5,certificate,2,287.89
33,2,4.0,37,10,0,blood_lab,1,74.07
33,2,10.0,46,10,4,registration,3,187.47
32,3,10.0,46,17,5,registration,2,101.46
8,2,10.0,9,13,5,registration,0,49.86
11,2,4.0,23,17,3,blood_lab,1,24.56
26,2,10.0,32,11,1,registration,3,160.68
21,1,6.0,30,12,6,consultation,2,154.89
22,4,8.5,35,13,0,certificate,2,64.5
24,1,10.0,28,13,1,registration,2,295.46
7,3,10.0,17,12,0,registration,0,36.83
11,1,4.0,16,9,4,blood_lab,0,48.59
1,2,6.0,2,10,2,consultation,3,0.5
28,2,8.5,37,13,3,certificate,3,144.4
17,3,3.0,24,9,1,inquiry,1,14.58
22,2,10.0,35,15,3,registration,0,109.36
26,1,10.0,39,10,5,registration,3,257.73
15,2,6.0,24,12,4,consultation,1,65.52
15,2,10.0,18,16,2,registration,3,71.46
5,4,8.5,6,11,1,certificate,2,9.99
33,2,3.0,46,17,0,inquiry,1,58.03
2,1,3.0,13,13,5,inquiry,3,1.94
22,4,8.5,29,8,6,certificate,1,44.9
6,1,3.0,10,11,2,inquiry,0,22.12
34,4,4.0,42,17,6,blood_lab,0,34.52
7,2,8.5,9,13,2,certificate,1,34.83
18,3,8.5,23,8,0,certificate,1,54.26
34,3,6.0,38,16,6,consultation,0,65.45
10,2,6.0,24,15,3,consultation,0,29.67
0,3,8.5,8,10,1,certificate,0,1.17
2,3,6.0,12,10,4,consultation,3,1.36
6,2,6.0,16,17,4,consultation,1,20.62
10,1,3.0,11,14,4,inquiry,0,43.15
24,4,4.0,30,10,2,blood_lab,0,21.67
34,3,6.0,40,8,5,consultation,0,67.9
2,1,6.0,11,15,3,consultation,2,9.28
23,4,6.0,29,16,6,consultation,3,30.98
30,4,4.0,44,13,4,blood_lab,1,43.58
24,4,4.0,36,12,1,blood_lab,1,27.12
9,3,6.0,15,8,2,consultation,3,12.6
22,4,6.0,29,14,2,consultation,2,38.64
26,4,3.0,32,16,4,inquiry,1,18.72
29,3,3.0,35,12,3,inquiry,2,34.3
14,2,4.0,18,9,5,blood_lab,3,23.34
5,2,6.0,10,17,2,consultation,3,11.34
4,1,3.0,6,10,6,inquiry,0,12.81
0,3,10.0,3,14,5,registration,3,0.5
33,2,6.0,41,17,5,consultation,3,93.95
17,4,3.0,20,16,0,inquiry,2,11.75
20,1,4.0,24,16,0,blood_lab,3,86.01
13,2,3.0,14,10,1,inquiry,0,18.45
19,3,3.0,23,8,5,inquiry,2,10.87
13,1,3.0,18,17,0,inquiry,0,42.45
26,3,3.0,32,17,0,inquiry,3,27.41
23,4,3.0,32,15,5,inquiry,3,10.33
24,4,8.5,29,17,2,certificate,0,51.87
25,2,4.0,38,14,4,blood_lab,0,71.07
9,2,10.0,15,15,5,registration,3,39.62
28,4,6.0,39,16,6,consultation,1,40.46
32,1,6.0,40,11,0,consultation,3,271.41
32,3,10.0,34,13,1,registration,1,131.18
12,4,10.0,24,16,5,registration,0,30.1
17,3,4.0,29,14,0,blood_lab,3,31.26
33,3,3.0,34,13,1,inquiry,2,41.87
21,3,3.0,35,9,6,inquiry,1,20.72
19,1,3.0,27,11,0,inquiry,2,82.43
17,2,6.0,22,12,6,consultation,2,59.88
12,1,8.5,16,9,2,certificate,1,100.93
33,4,10.0,40,17,6,registration,2,78.78
34,2,10.0,41,12,0,registration,3,240.71
29,3,10.0,33,14,0,registration,2,135.86
9,1,6.0,15,14,3,consultation,0,65.76
6,2,3.0,12,15,6,inquiry,0,8.09
18,2,6.0,32,9,4,consultation,3,60.44
13,4,3.0,17,10,6,inquiry,0,9.0
32,4,4.0,42,14,5,blood_lab,2,39.24
27,4,4.0,41,17,5,blood_lab,1,22.6
11,1,4.0,13,9,5,blood_lab,0,46.09
8,1,3.0,15,14,1,inquiry,1,25.89
13,1,4.0,20,17,2,blood_lab,2,48.46
11,2,6.0,21,16,5,consultation,1,29.14
29,1,4.0,39,15,5,blood_lab,3,110.0
1,2,10.0,6,14,3,registration,0,5.17
25,2,3.0,31,13,1,inquiry,1,48.21
2,4,4.0,6,11,1,blood_lab,1,3.52
1,2,6.0,4,9,5,consultation,1,1.2
32,4,10.0,42,12,3,registration,1,95.16
3,4,4.0,11,10,1,blood_lab,2,0.5
25,2,6.0,36,16,2,consultation,1,73.75
2,2,3.0,15,11,6,inquiry,1,3.95
23,1,6.0,30,13,2,consultation,1,170.89
31,3,3.0,44,8,6,inquiry,3,25.11
16,1,3.0,21,13,6,inquiry,3,54.87
14,4,10.0,28,9,4,registration,1,38.93
27,2,3.0,29,14,4,inquiry,0,62.01
30,2,8.5,43,12,2,certificate,1,161.06
1,2,8.5,14,16,2,certificate,0,3.46
7,3,8.5,9,11,6,certificate,0,25.04
9,2,4.0,17,16,4,blood_lab,3,15.2
26,1,3.0,36,17,6,inquiry,0,79.01
8,1,3.0,18,17,6,inquiry,1,21.86
2,2,8.5,5,12,4,certificate,3,7.15
3,1,10.0,6,14,6,registration,0,38.47
14,4,8.5,17,14,4,certificate,0,43.55
17,4,10.0,19,13,3,registration,0,54.21
10,2,4.0,20,12,1,blood_lab,2,21.98
8,3,3.0,20,15,3,inquiry,0,10.47
25,3,10.0,39,14,3,registration,2,100.29
11,2,3.0,13,16,5,inquiry,2,14.37
30,2,6.0,41,11,3,consultation,0,112.41
15,2,8.5,22,8,4,certificate,3,69.41
18,1,3.0,30,10,3,inquiry,2,50.31
4,2,4.0,13,10,1,blood_lab,1,5.27
11,4,3.0,20,13,1,inquiry,2,8.1
18,3,6.0,25,8,5,consultation,2,31.56
33,2,10.0,38,11,3,registration,3,199.89
22,3,10.0,32,17,5,registration,3,68.41
17,3,3.0,24,11,4,inquiry,0,25.88
20,3,4.0,29,9,1,blood_lab,2,20.59
11,1,8.5,14,8,4,certificate,3,102.2
0,1,6.0,6,14,5,consultation,3,0.5
13,3,6.0,27,16,3,consultation,0,26.71
5,3,10.0,17,12,0,registration,0,22.71
25,1,4.0,36,11,0,blood_lab,1,144.42
24,4,4.0,33,10,0,blood_lab,0,28.29
7,2,3.0,14,15,1,inquiry,3,5.56
25,3,6.0,31,10,6,consultation,0,50.99
20,1,8.5,22,17,0,certificate,0,194.19
6,3,10.0,8,13,6,registration,3,22.23
22,2,4.0,25,14,0,blood_lab,0,65.06
28,2,10.0,40,12,4,registration,0,202.4
4,2,4.0,6,13,2,blood_lab,1,2.88
23,4,4.0,28,16,3,blood_lab,0,21.73
16,4,4.0,19,11,1,blood_lab,1,19.75
2,4,8.5,11,12,3,certificate,0,4.91
9,1,4.0,23,13,3,blood_lab,3,40.31
3,2,4.0,11,16,2,blood_lab,0,7.21
32,2,8.5,42,11,6,certificate,3,165.37
33,3,10.0,44,11,3,registration,1,136.61
23,3,3.0,25,8,5,inquiry,1,19.8
24,1,8.5,27,16,4,certificate,1,234.83
11,2,10.0,15,9,6,registration,3,51.4
11,2,8.5,25,9,5,certificate,3,43.23
27,1,10.0,35,8,4,registration,3,304.28
33,1,3.0,41,12,1,inquiry,3,122.67
0,4,10.0,3,13,3,registration,0,0.5
19,1,3.0,23,9,5,inquiry,0,56.84
33,1,6.0,41,17,2,consultation,3,191.37
26,1,4.0,40,13,2,blood_lab,2,130.19
29,2,3.0,32,11,6,inquiry,2,49.48
11,1,4.0,20,11,3,blood_lab,0,54.92
20,3,3.0,21,12,3,inquiry,1,20.75
20,2,8.5,30,13,2,certificate,3,99.5
11,1,6.0,17,17,2,consultation,0,68.53
14,4,10.0,17,8,6,registration,0,37.02
20,1,6.0,28,10,2,consultation,0,117.31
22,1,8.5,34,14,3,certificate,3,231.57
34,2,10.0,42,8,5,registration,3,166.18
17,3,3.0,28,13,3,inquiry,0,21.61
34,2,8.5,48,12,4,certificate,3,199.41
8,3,8.5,10,10,5,certificate,0,19.63
12,3,10.0,21,10,4,registration,2,43.2
12,1,8.5,23,16,2,certificate,1,101.53
2,4,4.0,10,8,3,blood_lab,3,0.5
3,4,10.0,11,10,1,registration,1,5.84
34,3,6.0,43,10,0,consultation,2,77.13
2,3,8.5,6,14,2,certificate,3,4.16
4,3,6.0,18,11,5,consultation,0,9.55
21,2,4.0,26,12,3,blood_lab,0,54.76
25,4,8.5,38,16,3,certificate,1,52.39
8,2,8.5,16,13,4,certificate,2,45.37
26,4,4.0,33,9,1,blood_lab,2,27.93
0,2,6.0,13,8,6,consultation,1,0.5
24,4,6.0,38,11,5,consultation,3,41.08
20,4,4.0,33,11,1,blood_lab,1,22.86
33,2,3.0,46,17,5,inquiry,0,50.08
19,1,4.0,31,8,0,blood_lab,3,83.69
24,1,4.0,37,16,4,blood_lab,2,105.86
29,1,8.5,37,14,6,certificate,2,304.97
16,1,8.5,17,14,0,certificate,2,190.13
25,4,6.0,39,9,5,consultation,3,31.58
27,2,6.0,40,14,5,consultation,1,100.11
1,4,3.0,7,17,6,inquiry,0,0.5
9,4,6.0,22,12,0,consultation,0,25.84
26,3,4.0,36,8,6,blood_lab,2,32.09
23,4,8.5,24,15,6,certificate,1,50.13
21,2,3.0,27,9,5,inquiry,1,31.33
32,1,3.0,33,12,5,inquiry,2,117.87
12,1,8.5,22,13,2,certificate,2,125.79
6,3,6.0,10,15,4,consultation,3,7.92
4,4,6.0,8,10,0,consultation,0,7.81
4,2,6.0,13,16,4,consultation,2,15.31
27,3,4.0,39,12,0,blood_lab,3,48.22
4,3,3.0,5,10,4,inquiry,3,1.04
0,4,4.0,14,11,2,blood_lab,1,0.5
23,3,8.5,27,12,5,certificate,2,78.81
33,2,4.0,35,11,6,blood_lab,3,78.07
11,2,6.0,23,12,0,consultation,2,43.87
28,3,4.0,31,13,5,blood_lab,0,46.15
12,4,8.5,14,17,2,certificate,2,23.25
2,2,4.0,8,13,2,blood_lab,0,6.16
27,1,3.0,29,17,1,inquiry,1,79.47
22,4,6.0,29,8,5,consultation,2,28.57
15,2,6.0,17,17,2,consultation,1,42.41
6,4,3.0,9,14,4,inquiry,0,3.79
32,3,6.0,35,13,1,consultation,0,81.5
9,3,6.0,23,9,4,consultation,2,16.25
18,1,6.0,28,12,5,consultation,2,133.84
32,2,4.0,34,17,2,blood_lab,1,61.59
27,2,4.0,38,8,6,blood_lab,1,50.06
6,3,8.5,17,15,1,certificate,1,15.66
1,1,8.5,4,11,2,certificate,2,4.09
4,3,6.0,17,16,0,consultation,0,6.79
14,3,3.0,17,16,4,inquiry,3,13.57
2,4,4.0,10,10,6,blood_lab,0,0.5
3,3,4.0,16,16,4,blood_lab,0,6.21
20,3,3.0,23,10,2,inquiry,1,19.72
15,4,4.0,29,11,3,blood_lab,1,18.58
27,3,8.5,32,10,1,certificate,2,76.17
9,1,10.0,13,10,5,registration,2,86.88
27,3,6.0,31,16,2,consultation,0,54.32
8,1,3.0,18,16,3,inquiry,3,19.81
34,2,10.0,38,10,0,registration,0,194.14
0,2,3.0,3,13,4,inquiry,2,0.5
21,1,10.0,33,15,5,registration,0,210.84
31,2,4.0,38,11,6,blood_lab,2,71.42
26,2,4.0,34,15,4,blood_lab,0,57.91
33,1,4.0,46,8,1,blood_lab,1,132.81
29,4,3.0,42,16,3,inquiry,0,23.72
30,2,8.5,34,11,3,certificate,3,154.11
2,4,3.0,14,16,3,inquiry,2,0.5
18,4,10.0,20,8,4,registration,3,47.37
12,4,8.5,25,10,3,certificate,2,22.11
2,3,6.0,16,9,1,consultation,3,0.5
8,2,4.0,12,11,0,blood_lab,1,19.22
27,3,8.5,30,16,4,certificate,0,89.99
31,2,6.0,37,15,1,consultation,3,86.43
24,3,10.0,25,16,2,registration,1,80.01
29,4,3.0,31,12,2,inquiry,3,20.98
30,3,4.0,42,14,4,blood_lab,0,58.5
19,1,3.0,28,17,6,inquiry,0,55.76
23,1,8.5,34,15,0,certificate,1,222.69
5,4,10.0,13,8,0,registration,1,12.03
33,2,3.0,44,10,2,inquiry,3,44.73
31,1,10.0,42,17,5,registration,0,309.38
28,1,6.0,39,9,3,consultation,3,163.91
11,2,4.0,14,11,1,blood_lab,3,20.53
7,2,3.0,21,12,6,inquiry,1,11.71
9,3,6.0,20,10,2,consultation,2,15.68
19,3,4.0,26,10,6,blood_lab,0,24.97
7,3,10.0,15,10,2,registration,3,18.56
7,4,6.0,14,13,0,consultation,3,13.44
33,1,10.0,44,10,3,registration,2,326.55
22,1,8.5,26,13,6,certificate,0,232.38
29,1,6.0,34,11,0,consultation,1,248.06
13,3,8.5,20,9,3,certificate,1,37.28
6,3,8.5,8,11,6,certificate,1,21.14
15,2,8.5,27,16,5,certificate,2,58.89
29,2,8.5,38,14,0,certificate,3,171.23
20,4,6.0,26,14,4,consultation,1,43.62
6,1,10.0,9,8,3,registration,1,57.4
6,1,6.0,17,11,6,consultation,1,41.9
9,3,8.5,20,8,6,certificate,3,21.57
10,4,6.0,19,10,5,consultation,2,11.97
4,1,8.5,16,9,2,certificate,3,32.16
29,2,10.0,30,10,2,registration,0,146.7
28,3,3.0,29,10,0,inquiry,1,33.31
16,4,8.5,20,10,6,certificate,2,29.62
25,3,3.0,32,16,0,inquiry,3,26.14
8,4,4.0,9,13,4,blood_lab,0,13.56
24,2,8.5,29,9,3,certificate,3,98.37
30,2,4.0,40,11,0,blood_lab,0,83.7
25,1,10.0,37,12,5,registration,1,314.99
1,2,3.0,5,15,1,inquiry,3,0.5
14,2,6.0,16,11,0,consultation,1,60.44
11,2,8.5,18,13,6,certificate,1,54.45
18,1,4.0,21,13,6,blood_lab,2,86.36
24,1,3.0,32,12,1,inquiry,1,89.06
17,3,6.0,28,10,0,consultation,0,36.35
3,3,3.0,16,9,0,inquiry,3,0.5
22,1,10.0,33,9,3,registration,2,219.06
0,2,3.0,1,11,0,inquiry,0,0.5
24,2,4.0,33,16,5,blood_lab,3,40.89
20,1,10.0,33,14,2,registration,2,246.86
17,2,10.0,26,9,1,registration,0,86.56
20,2,3.0,25,12,5,inquiry,3,33.45
31,1,6.0,40,11,0,consultation,0,269.01
28,4,10.0,30,10,3,registration,3,69.3
33,4,6.0,44,13,2,consultation,3,55.95
30,1,10.0,33,17,2,registration,3,295.21
22,3,3.0,28,16,4,inquiry,0,30.68
15,2,3.0,26,10,0,inquiry,0,25.27
2,2,10.0,5,8,5,registration,2,7.06
33,3,3.0,39,14,6,inquiry,1,37.57
23,4,8.5,29,14,0,certificate,3,66.86
16,2,3.0,18,15,1,inquiry,2,19.97
17,1,6.0,20,9,5,consultation,0,103.94
2,2,4.0,8,9,2,blood_lab,3,2.25
23,4,3.0,30,9,0,inquiry,0,21.51
18,2,8.5,30,15,2,certificate,0,76.1
0,1,8.5,13,8,0,certificate,1,0.5
30,4,8.5,35,9,2,certificate,1,61.84
20,1,3.0,26,16,5,inquiry,1,57.66
31,3,8.5,45,15,4,certificate,2,98.6
5,2,4.0,8,16,0,blood_lab,2,7.99
12,3,3.0,13,16,5,inquiry,1,11.71
29,1,6.0,37,13,0,consultation,0,250.7
19,4,6.0,31,15,5,consultation,1,28.36
30,4,4.0,38,9,4,blood_lab,2,30.64
2,3,10.0,8,8,4,registration,0,9.61
10,1,10.0,24,17,4,registration,0,115.17
26,2,6.0,37,9,0,consultation,3,84.99
33,4,10.0,43,13,3,registration,2,97.33
27,4,10.0,34,12,4,registration,1,96.21
30,4,4.0,31,15,2,blood_lab,0,28.0
12,3,4.0,20,17,3,blood_lab,2,14.85
12,4,3.0,14,13,1,inquiry,0,10.61
0,2,10.0,13,12,4,registration,2,0.5
33,1,10.0,41,8,2,registration,0,332.47
12,1,4.0,16,8,0,blood_lab,1,55.44
29,1,4.0,36,15,6,blood_lab,3,111.89
9,1,3.0,16,17,2,inquiry,2,22.77
29,1,6.0,36,16,4,consultation,3,193.49
26,3,3.0,29,13,4,inquiry,2,35.27
30,2,6.0,33,11,6,consultation,0,113.94
3,4,6.0,12,12,4,consultation,2,4.75
24,2,6.0,33,10,1,consultation,0,72.46
5,3,4.0,19,13,6,blood_lab,0,7.65
17,3,4.0,21,15,2,blood_lab,2,18.09
30,4,6.0,39,12,0,consultation,2,61.34
9,4,10.0,18,12,0,registration,2,29.62
14,4,3.0,15,17,2,inquiry,2,9.36
15,2,6.0,20,12,1,consultation,0,60.36
29,2,6.0,30,9,0,consultation,3,94.56
24,4,8.5,37,8,0,certificate,1,57.17
13,3,6.0,23,15,3,consultation,2,26.2
5,4,10.0,10,16,1,registration,2,10.39
16,1,8.5,30,9,4,certificate,2,153.9
19,1,10.0,28,10,3,registration,1,185.28
15,1,10.0,27,11,4,registration,3,211.96
21,3,4.0,29,9,5,blood_lab,2,24.58
24,1,3.0,25,16,2,inquiry,3,63.08
31,3,4.0,36,10,0,blood_lab,3,44.77
13,4,8.5,22,11,1,certificate,3,25.33
0,3,8.5,6,9,3,certificate,1,0.5
12,1,4.0,22,8,1,blood_lab,3,43.58
30,4,4.0,31,10,2,blood_lab,0,28.4
15,3,3.0,23,13,3,inquiry,1,18.04
14,3,4.0,24,17,1,blood_lab,1,19.13
31,1,10.0,44,14,3,registration,3,383.45
9,2,4.0,14,9,6,blood_lab,2,14.32
2,3,10.0,5,17,2,registration,1,3.66
8,2,3.0,21,17,2,inquiry,2,11.92
17,2,10.0,18,8,0,registration,1,98.8
8,4,10.0,20,15,0,registration,0,23.39
7,2,3.0,10,12,2,inquiry,3,10.2
24,1,4.0,31,16,2,blood_lab,2,92.83
13,1,10.0,20,9,1,registration,1,126.88
26,1,8.5,32,9,1,certificate,1,215.44
33,1,3.0,45,14,6,inquiry,3,119.03
6,1,3.0,7,10,4,inquiry,0,24.1
30,4,6.0,40,9,0,consultation,0,50.37
3,3,8.5,16,16,5,certificate,2,3.98
27,2,10.0,41,17,1,registration,0,130.71
6,3,8.5,15,11,3,certificate,0,20.38
9,1,4.0,12,12,0,blood_lab,0,53.51
17,4,3.0,23,17,5,inquiry,0,13.31
24,2,4.0,25,17,0,blood_lab,3,51.92
12,3,6.0,21,8,6,consultation,0,21.04
3,1,4.0,15,11,4,blood_lab,1,16.7
3,3,8.5,14,11,2,certificate,0,9.63
19,1,3.0,20,17,4,inquiry,0,64.36
14,4,4.0,16,16,2,blood_lab,2,11.72
28,3,10.0,32,9,4,registration,3,103.89
34,1,4.0,36,10,6,blood_lab,0,138.18
17,2,10.0,30,12,6,registration,0,107.05
0,2,6.0,13,13,5,consultation,0,1.45
16,2,10.0,29,17,2,registration,1,80.37
30,3,8.5,32,11,6,certificate,0,108.47
21,2,10.0,22,12,2,registration,1,130.56
33,3,3.0,42,11,3,inquiry,1,39.4
24,2,3.0,38,10,1,inquiry,1,35.53
2,3,6.0,6,13,5,consultation,0,5.09
9,3,8.5,21,13,3,certificate,3,27.07
14,1,10.0,26,14,6,registration,1,174.11
10,2,4.0,14,14,4,blood_lab,2,24.81
33,4,4.0,37,17,3,blood_lab,0,31.8
32,2,4.0,46,15,4,blood_lab,0,72.25
30,4,4.0,44,17,3,blood_lab,0,30.76
5,1,3.0,19,14,4,inquiry,1,17.59
9,3,3.0,16,17,1,inquiry,1,7.66
15,4,6.0,17,15,2,consultation,3,19.8
14,4,4.0,18,8,0,blood_lab,0,16.54
32,2,10.0,42,17,5,registration,1,157.09
21,1,4.0,32,8,0,blood_lab,2,92.05
0,2,8.5,7,9,0,certificate,1,0.5
19,3,3.0,28,9,0,inquiry,3,19.17
14,1,3.0,20,12,4,inquiry,1,60.17
25,4,4.0,31,16,4,blood_lab,2,27.55
27,2,4.0,33,17,2,blood_lab,0,50.56
9,4,10.0,17,16,3,registration,1,21.14
13,3,4.0,22,15,2,blood_lab,2,15.87
23,4,4.0,24,14,4,blood_lab,3,29.19
16,2,10.0,26,15,4,registration,0,90.96
28,4,8.5,34,12,0,certificate,0,86.05
8,4,10.0,13,16,0,registration,1,22.25
26,2,3.0,27,10,1,inquiry,0,40.67
30,2,4.0,31,16,1,blood_lab,3,53.62
34,2,10.0,48,10,4,registration,3,190.79
1,3,3.0,12,14,4,inquiry,2,0.5
29,4,8.5,31,8,4,certificate,0,74.82
17,2,6.0,18,14,6,consultation,2,60.2
8,4,4.0,13,12,4,blood_lab,0,12.16
5,4,10.0,14,10,0,registration,3,9.47
24,4,4.0,35,13,4,blood_lab,3,29.66
0,2,8.5,3,9,5,certificate,3,0.5
9,1,10.0,11,10,5,registration,1,86.3
34,4,6.0,37,14,0,consultation,0,75.0
23,1,6.0,35,10,2,consultation,0,134.79
21,1,4.0,23,10,1,blood_lab,3,80.78
4,2,8.5,8,11,4,certificate,3,23.77
0,1,8.5,7,12,3,certificate,3,0.5
10,2,10.0,18,12,0,registration,1,70.81
24,2,4.0,30,15,1,blood_lab,1,46.57
25,1,10.0,30,10,5,registration,2,246.04
29,4,10.0,37,10,4,registration,2,80.08
1,1,10.0,9,16,4,registration,2,8.42
15,3,6.0,16,8,4,consultation,3,31.09
22,1,4.0,28,17,1,blood_lab,1,87.05
33,2,3.0,45,17,4,inquiry,1,53.67
0,4,10.0,5,16,1,registration,2,0.5
17,3,8.5,20,16,3,certificate,1,47.74
11,2,10.0,18,14,4,registration,1,78.13
18,1,10.0,24,16,2,registration,1,179.97
18,3,4.0,25,14,4,blood_lab,3,26.64
10,2,8.5,15,11,6,certificate,3,48.49
4,3,10.0,17,16,1,registration,1,11.59
19,4,4.0,27,9,6,blood_lab,1,15.53
26,2,4.0,31,8,6,blood_lab,3,47.12
9,2,8.5,17,17,2,certificate,0,37.68
29,3,8.5,41,10,0,certificate,0,94.15
15,3,8.5,16,16,3,certificate,2,39.3
8,1,6.0,17,17,2,consultation,1,43.7
3,2,6.0,8,14,5,consultation,3,7.13
24,4,3.0,28,15,2,inquiry,3,15.4
1,2,4.0,8,14,1,blood_lab,2,0.5
27,2,6.0,36,16,6,consultation,3,75.9
17,2,3.0,23,8,0,inquiry,0,28.69
7,1,10.0,16,8,0,registration,1,79.28
1,1,10.0,10,10,5,registration,2,4.26
30,1,6.0,42,12,3,consultation,2,220.32
28,4,10.0,33,9,2,registration,2,65.29
14,2,8.5,16,11,3,certificate,3,70.77
10,1,8.5,23,14,4,certificate,1,117.34
17,3,6.0,28,10,4,consultation,2,36.42
26,2,8.5,30,8,0,certificate,0,126.93
28,1,10.0,32,15,6,registration,0,277.4
13,4,8.5,26,9,6,certificate,0,29.49
20,3,3.0,31,12,2,inquiry,0,24.14
20,2,6.0,22,12,6,consultation,0,74.48
5,4,10.0,13,12,4,registration,2,14.97
10,3,6.0,13,17,2,consultation,1,18.36
29,4,3.0,39,12,4,inquiry,0,30.53
1,3,4.0,5,14,2,blood_lab,0,2.68
5,2,3.0,14,14,4,inquiry,3,6.09
29,4,10.0,35,8,1,registration,0,71.03
19,1,8.5,28,9,2,certificate,1,159.3
33,4,6.0,37,12,0,consultation,1,69.08
1,3,3.0,3,12,3,inquiry,1,0.5
17,4,10.0,31,8,1,registration,0,41.72
11,3,3.0,23,14,3,inquiry,2,9.12
33,4,3.0,40,11,4,inquiry,2,32.5
2,2,4.0,14,8,0,blood_lab,0,4.51
14,1,6.0,21,15,1,consultation,3,81.71
30,2,3.0,34,16,0,inquiry,1,48.93
26,3,3.0,29,14,6,inquiry,1,31.81
13,2,4.0,24,13,1,blood_lab,2,32.55
23,3,8.5,37,8,2,certificate,1,62.06
2,4,6.0,5,16,2,consultation,2,0.5
26,2,6.0,29,9,5,consultation,2,71.89
14,4,8.5,17,12,3,certificate,0,37.24
26,1,6.0,28,14,4,consultation,3,221.8
17,3,6.0,24,11,2,consultation,3,37.06
3,2,10.0,5,13,1,registration,2,15.42
34,1,4.0,41,12,4,blood_lab,0,195.28
29,4,8.5,38,9,0,certificate,3,68.13
29,3,6.0,39,9,1,consultation,1,57.04
5,4,8.5,15,16,0,certificate,0,12.06
20,4,3.0,26,9,2,inquiry,2,12.13
26,1,8.5,39,11,3,certificate,2,273.28
24,4,10.0,37,11,1,registration,2,70.23
31,2,3.0,38,10,0,inquiry,3,47.18
30,4,10.0,31,12,1,registration,0,95.16
14,1,6.0,21,8,3,consultation,1,82.49
23,3,10.0,30,15,4,registration,2,87.37
15,4,4.0,17,16,1,blood_lab,1,12.47
27,4,10.0,33,11,4,registration,3,90.56
10,1,10.0,12,13,6,registration,3,120.51
3,1,10.0,5,15,5,registration,3,26.51
14,1,4.0,19,10,6,blood_lab,2,53.54
3,1,8.5,12,9,5,certificate,2,18.9
6,1,3.0,19,15,5,inquiry,3,15.33
27,2,3.0,41,14,3,inquiry,3,49.75
17,1,4.0,28,11,2,blood_lab,3,78.14
22,3,10.0,31,11,2,registration,3,87.04
3,3,3.0,15,13,1,inquiry,1,0.5
3,1,8.5,12,10,3,certificate,3,19.06
12,4,10.0,18,9,4,registration,1,35.15
24,1,6.0,35,14,6,consultation,3,174.82
23,1,4.0,33,11,1,blood_lab,1,111.58
27,4,10.0,34,8,3,registration,2,65.47
16,3,3.0,17,8,0,inquiry,2,13.99
3,3,8.5,14,9,1,certificate,0,10.68
8,3,4.0,11,17,5,blood_lab,2,3.14
5,3,10.0,15,16,0,registration,3,14.97
19,2,3.0,23,14,2,inquiry,2,31.43
18,4,4.0,27,8,4,blood_lab,0,20.14
19,2,6.0,24,9,0,consultation,2,61.01
11,2,3.0,16,11,2,inquiry,1,19.46
2,2,4.0,12,15,6,blood_lab,2,0.5
16,4,10.0,22,8,4,registration,3,38.79
12,4,8.5,16,12,1,certificate,3,30.61
15,2,6.0,27,15,3,consultation,2,41.83
8,2,10.0,14,17,3,registration,3,37.55
24,1,4.0,30,16,1,blood_lab,1,93.02
3,3,3.0,17,15,5,inquiry,2,0.5
7,3,6.0,11,8,5,consultation,3,9.15
5,4,8.5,11,10,2,certificate,0,12.04
6,1,6.0,17,8,1,consultation,2,32.19
10,3,10.0,23,11,3,registration,3,34.75
33,3,8.5,45,9,0,certificate,1,105.93
10,1,10.0,14,14,4,registration,1,138.41
17,1,8.5,21,11,2,certificate,0,183.46
29,4,8.5,33,14,0,certificate,0,86.69
27,2,6.0,34,11,1,consultation,3,96.14
6,4,10.0,8,14,3,registration,3,14.97
16,2,8.5,30,12,4,certificate,0,98.07
17,2,4.0,27,13,6,blood_lab,3,40.5
4,2,8.5,7,16,0,certificate,3,18.35
16,1,4.0,23,8,3,blood_lab,2,63.31
9,1,8.5,19,17,2,certificate,3,74.85
7,3,10.0,11,15,2,registration,2,22.57
20,4,3.0,25,13,6,inquiry,3,15.26
26,4,6.0,31,8,2,consultation,2,35.13
14,3,4.0,20,15,2,blood_lab,2,17.2
0,2,6.0,10,9,6,consultation,0,0.5
10,4,3.0,20,9,0,inquiry,2,3.64
22,3,8.5,25,10,6,certificate,3,54.28
11,4,8.5,24,10,2,certificate,2,24.17
28,3,10.0,32,8,2,registration,2,88.96
7,4,6.0,12,10,3,consultation,0,9.33
29,2,8.5,31,16,1,certificate,3,118.66
19,4,10.0,31,8,4,registration,2,50.46
13,4,4.0,21,17,3,blood_lab,1,10.81
20,2,8.5,34,10,2,certificate,2,83.1
17,1,6.0,27,13,1,consultation,3,124.79
3,3,8.5,4,16,1,certificate,1,8.7
31,1,4.0,38,16,4,blood_lab,3,137.51
19,1,3.0,22,17,1,inquiry,3,51.24
24,1,8.5,28,9,6,certificate,3,201.3
17,3,4.0,25,16,5,blood_lab,3,20.76
22,4,8.5,28,16,2,certificate,3,40.56
25,1,10.0,36,12,6,registration,2,308.33
32,2,10.0,37,8,4,registration,2,181.35
3,1,6.0,15,17,6,consultation,1,13.83
26,3,8.5,35,8,5,certificate,2,70.74
5,4,6.0,8,17,1,consultation,0,8.37
9,4,4.0,14,14,2,blood_lab,0,14.46
34,2,8.5,46,14,1,certificate,3,174.19
2,2,6.0,8,11,6,consultation,2,3.95
16,3,8.5,22,10,2,certificate,0,45.99
15,2,6.0,24,8,2,consultation,1,42.96
31,1,3.0,32,16,4,inquiry,3,101.92
21,4,3.0,26,12,0,inquiry,2,23.12
21,4,3.0,23,12,0,inquiry,0,22.71
5,2,3.0,10,13,6,inquiry,0,11.0
28,4,8.5,35,13,1,certificate,3,67.98
3,3,10.0,13,16,6,registration,0,6.59
28,3,4.0,40,10,4,blood_lab,1,43.29
17,2,3.0,18,17,1,inquiry,2,22.19
14,3,8.5,22,10,2,certificate,1,38.08
11,1,3.0,23,17,5,inquiry,1,35.76
23,2,3.0,32,13,5,inquiry,3,40.26
12,3,8.5,15,15,6,certificate,3,29.05
6,2,10.0,11,15,4,registration,0,37.14
11,4,4.0,23,10,3,blood_lab,2,6.34
27,3,3.0,37,13,5,inquiry,2,31.56
9,2,6.0,10,9,5,consultation,1,25.73
5,3,4.0,14,9,2,blood_lab,1,2.94
10,3,8.5,12,17,4,certificate,0,35.4
9,4,4.0,14,12,4,blood_lab,1,10.18
22,3,3.0,28,11,2,inquiry,3,20.76
7,2,10.0,13,8,4,registration,3,34.88
3,3,10.0,13,12,3,registration,3,5.35
22,1,4.0,27,9,6,blood_lab,3,83.02
17,1,8.5,30,15,1,certificate,2,142.54
23,1,6.0,24,17,2,consultation,0,137.87
10,2,8.5,12,8,0,certificate,3,41.06
26,3,10.0,37,9,0,registration,1,98.58
29,4,4.0,36,9,0,blood_lab,0,30.5
12,2,10.0,18,8,0,registration,3,67.65
5,2,4.0,18,8,2,blood_lab,3,5.43
31,4,10.0,42,17,1,registration,3,69.85
31,3,8.5,36,13,0,certificate,3,119.58
21,2,6.0,30,9,1,consultation,1,63.8
32,4,6.0,34,10,1,consultation,1,44.62
29,2,8.5,36,13,0,certificate,1,177.26
11,1,6.0,13,9,0,consultation,3,71.79
9,3,3.0,10,15,2,inquiry,3,3.76
14,1,6.0,19,12,0,consultation,1,118.62
33,1,8.5,35,16,0,certificate,0,322.93
12,1,8.5,25,15,1,certificate,3,97.43
24,2,4.0,34,11,0,blood_lab,3,65.5
4,1,3.0,15,15,4,inquiry,3,9.72
33,1,10.0,39,17,3,registration,2,323.77
33,3,4.0,38,17,4,blood_lab,1,49.25
24,1,10.0,33,13,2,registration,2,299.21
19,1,3.0,25,15,3,inquiry,0,55.13
25,4,10.0,33,16,0,registration,3,65.01
13,3,8.5,24,12,6,certificate,3,44.59
21,4,10.0,31,15,2,registration,0,54.14
33,4,8.5,44,11,2,certificate,2,84.47
10,1,10.0,17,9,5,registration,0,99.02
5,2,8.5,18,16,2,certificate,3,15.06
34,4,6.0,40,10,2,consultation,0,49.76
14,2,3.0,28,14,3,inquiry,3,22.57
29,4,4.0,35,14,2,blood_lab,2,32.31
8,3,3.0,10,14,2,inquiry,2,5.6
14,1,3.0,21,16,0,inquiry,2,45.39
5,2,3.0,16,8,5,inquiry,0,7.43
29,4,3.0,43,14,5,inquiry,0,24.98
17,3,6.0,23,11,2,consultation,0,44.81
2,3,3.0,7,16,1,inquiry,2,1.18
18,1,3.0,26,12,4,inquiry,0,81.26
13,1,3.0,25,12,0,inquiry,2,52.12
12,1,4.0,17,15,0,blood_lab,2,50.58
7,1,10.0,19,16,0,registration,2,76.47
29,3,4.0,34,10,4,blood_lab,0,42.79
4,4,8.5,9,12,0,certificate,1,12.55
16,1,8.5,22,12,4,certificate,0,194.14
19,3,4.0,24,13,6,blood_lab,2,26.22
1,4,10.0,13,11,2,registration,1,2.43
26,2,4.0,30,8,2,blood_lab,3,47.8
22,1,10.0,36,8,2,registration,3,213.72
11,1,8.5,22,11,6,certificate,3,112.04
20,1,10.0,26,16,3,registration,2,194.55
10,1,8.5,20,16,2,certificate,1,82.78
19,3,6.0,26,10,6,consultation,2,34.74
28,2,10.0,39,16,2,registration,2,137.18
8,2,4.0,20,13,5,blood_lab,2,14.1
18,4,8.5,24,17,0,certificate,0,44.83
7,2,8.5,21,10,5,certificate,1,23.92
24,1,8.5,29,16,5,certificate,1,204.72
15,2,4.0,28,11,1,blood_lab,1,36.8
14,4,4.0,21,14,1,blood_lab,2,14.34
17,4,3.0,23,13,0,inquiry,1,19.69
20,3,6.0,29,17,1,consultation,1,37.6
6,4,8.5,13,14,4,certificate,2,16.93
27,2,10.0,36,9,2,registration,0,135.47
11,1,10.0,24,10,6,registration,1,107.73
9,2,6.0,12,16,6,consultation,0,25.39
9,3,4.0,15,10,6,blood_lab,3,6.39
21,2,8.5,33,15,5,certificate,1,87.64
5,1,8.5,18,13,5,certificate,1,54.87
8,4,3.0,19,14,2,inquiry,2,6.86
31,1,8.5,32,8,5,certificate,2,257.4
21,2,4.0,33,13,6,blood_lab,0,49.82
16,3,8.5,19,17,1,certificate,3,39.27
25,4,4.0,32,17,4,blood_lab,3,22.91
0,3,3.0,12,15,0,inquiry,0,0.5
9,2,6.0,17,8,2,consultation,0,27.79
34,3,6.0,40,8,2,consultation,1,67.15
20,1,10.0,31,11,3,registration,0,249.78
0,3,4.0,12,9,6,blood_lab,0,0.5
15,2,3.0,18,9,4,inquiry,2,21.56
1,3,8.5,2,8,6,certificate,1,0.5
25,4,4.0,33,12,3,blood_lab,1,31.08
33,3,4.0,38,9,1,blood_lab,3,37.42
19,4,4.0,25,17,3,blood_lab,3,14.8
13,4,6.0,20,9,4,consultation,3,17.82
24,4,3.0,29,15,2,inquiry,1,18.8
34,1,6.0,48,12,4,consultation,0,292.89
30,1,6.0,39,10,5,consultation,3,174.64
2,1,6.0,6,16,2,consultation,2,9.95
33,3,6.0,34,11,3,consultation,1,82.21
0,4,3.0,3,16,1,inquiry,2,0.5
12,3,8.5,14,11,1,certificate,3,37.09
26,3,4.0,29,8,0,blood_lab,2,39.17
15,4,6.0,26,9,3,consultation,2,16.6
28,4,8.5,35,17,2,certificate,2,56.19
31,4,4.0,34,17,5,blood_lab,0,31.76
0,2,4.0,2,13,1,blood_lab,0,0.5
30,4,10.0,38,15,5,registration,0,74.67
25,3,10.0,29,13,0,registration,0,117.58
16,1,8.5,21,10,0,certificate,1,151.12
18,2,8.5,25,15,1,certificate,3,73.01
31,1,6.0,33,10,1,consultation,3,180.55
20,3,6.0,33,13,6,consultation,2,44.35
14,3,3.0,21,15,1,inquiry,2,12.18
34,2,6.0,42,14,2,consultation,1,126.47
5,4,4.0,10,17,6,blood_lab,2,2.3
29,2,4.0,38,16,3,blood_lab,3,54.42
11,4,4.0,25,9,1,blood_lab,1,10.19
29,4,4.0,32,15,1,blood_lab,1,27.13
34,4,8.5,39,12,5,certificate,3,85.54
30,4,3.0,39,13,3,inquiry,3,21.89
16,2,6.0,21,14,1,consultation,1,59.68
24,3,4.0,38,17,2,blood_lab,0,31.63
27,2,3.0,40,15,4,inquiry,1,47.31
22,1,6.0,23,16,6,consultation,1,128.58
30,2,10.0,37,16,3,registration,2,148.67
12,4,10.0,18,9,5,registration,1,28.28
4,3,10.0,12,11,5,registration,1,14.9
28,3,4.0,38,8,1,blood_lab,1,36.22
16,3,4.0,28,11,4,blood_lab,3,26.05
32,2,4.0,34,10,5,blood_lab,1,61.56
4,2,4.0,7,14,6,blood_lab,3,5.56
16,2,4.0,19,17,1,blood_lab,1,30.37
24,3,4.0,37,9,6,blood_lab,2,27.2
32,1,10.0,36,13,2,registration,2,395.51
20,1,4.0,23,17,6,blood_lab,1,74.85
32,1,10.0,35,15,4,registration,1,368.01
32,3,8.5,46,11,6,certificate,3,107.71
32,3,8.5,46,16,3,certificate,1,88.29
29,3,8.5,37,10,3,certificate,1,80.63
33,1,8.5,40,8,3,certificate,0,282.67
19,3,8.5,30,17,2,certificate,2,50.74
12,2,10.0,24,12,4,registration,3,82.38
26,2,8.5,38,13,5,certificate,3,131.22
31,1,10.0,43,16,1,registration,3,305.81
23,4,8.5,34,14,4,certificate,0,72.38
9,4,4.0,21,15,1,blood_lab,1,9.13
0,3,6.0,1,15,0,consultation,3,0.5
34,4,3.0,42,9,6,inquiry,0,22.44
13,2,3.0,20,11,3,inquiry,3,21.55
4,2,6.0,18,13,6,consultation,2,13.03
15,1,3.0,22,14,4,inquiry,1,63.39
6,1,10.0,9,9,5,registration,3,55.46
33,1,10.0,43,11,0,registration,1,473.14
0,1,10.0,6,15,2,registration,1,0.5
31,3,3.0,34,12,6,inquiry,3,32.53
21,1,3.0,35,11,2,inquiry,0,79.48
2,1,10.0,3,9,4,registration,3,18.11
1,3,10.0,12,11,4,registration,1,2.9
2,2,8.5,14,11,5,certificate,3,7.92
18,4,4.0,32,10,2,blood_lab,1,16.78
6,4,3.0,7,16,6,inquiry,1,7.0
26,2,6.0,34,14,3,consultation,0,99.85
14,4,6.0,16,16,1,consultation,3,16.25
29,4,8.5,36,16,2,certificate,0,64.49
15,4,10.0,24,12,4,registration,2,51.08
24,2,3.0,31,17,0,inquiry,1,36.7
25,3,3.0,37,14,2,inquiry,2,28.36
8,4,8.5,16,15,0,certificate,3,15.38
23,1,3.0,37,17,0,inquiry,3,77.13
24,4,8.5,36,12,2,certificate,0,63.98
25,1,3.0,36,12,6,inquiry,2,91.22
32,3,10.0,35,12,4,registration,2,148.66
6,2,10.0,20,8,2,registration,3,27.54
11,2,4.0,15,13,2,blood_lab,0,27.86
19,1,6.0,27,13,6,consultation,1,142.86
20,3,3.0,24,16,2,inquiry,0,23.02
24,3,10.0,35,11,0,registration,3,110.03
34,1,4.0,45,10,4,blood_lab,1,157.01
18,3,4.0,21,10,4,blood_lab,2,26.13
29,3,6.0,37,10,3,consultation,0,57.23
13,2,4.0,20,15,5,blood_lab,3,22.37
17,1,4.0,27,8,0,blood_lab,3,76.74
19,1,10.0,21,12,6,registration,0,242.74
26,2,4.0,31,15,4,blood_lab,2,55.71
24,2,8.5,30,9,1,certificate,2,98.93
29,4,3.0,33,8,1,inquiry,3,18.93
26,3,10.0,31,12,4,registration,2,121.08
5,2,8.5,16,16,4,certificate,1,23.21
31,4,4.0,45,12,6,blood_lab,0,38.99
23,1,3.0,34,12,5,inquiry,3,80.88
27,1,8.5,38,17,6,certificate,2,226.33
25,4,6.0,28,14,3,consultation,2,43.75
15,3,3.0,26,14,3,inquiry,2,13.37
2,2,8.5,4,15,4,certificate,1,7.55
29,3,4.0,34,14,1,blood_lab,2,45.85
21,1,8.5,25,17,3,certificate,0,174.97
26,1,3.0,38,15,6,inquiry,0,78.28
8,1,3.0,16,13,6,inquiry,2,28.42
25,1,6.0,38,9,3,consultation,3,145.23
31,2,4.0,40,16,5,blood_lab,3,55.98
23,4,4.0,25,13,5,blood_lab,3,24.27
6,3,3.0,7,15,4,inquiry,0,9.57
17,1,8.5,30,9,5,certificate,1,143.05
23,4,10.0,32,16,6,registration,0,55.27
11,3,4.0,18,11,3,blood_lab,1,17.19
9,1,3.0,15,12,4,inquiry,2,34.31
18,3,8.5,32,11,1,certificate,3,58.69
21,1,10.0,30,13,6,registration,2,260.17
31,1,6.0,36,10,0,consultation,3,208.89
13,2,4.0,27,8,0,blood_lab,2,28.65
8,4,6.0,18,11,4,consultation,0,21.93
8,2,8.5,17,8,3,certificate,0,33.89
12,2,10.0,22,8,0,registration,2,65.58
8,2,4.0,17,17,6,blood_lab,3,11.33
2,2,8.5,10,16,3,certificate,0,5.77
21,1,6.0,26,8,4,consultation,1,141.25
29,3,4.0,33,17,5,blood_lab,1,35.88
0,1,10.0,2,15,4,registration,2,0.5
22,3,8.5,33,14,0,certificate,3,87.01
10,2,4.0,17,17,6,blood_lab,1,20.7
6,1,10.0,16,9,5,registration,1,60.36
19,1,4.0,33,14,2,blood_lab,3,90.13
29,2,10.0,37,16,1,registration,1,142.36
0,3,6.0,6,17,5,consultation,0,0.5
32,2,3.0,42,17,1,inquiry,3,45.76
17,4,4.0,20,13,1,blood_lab,2,21.01
28,4,8.5,32,8,5,certificate,1,59.96
19,3,4.0,22,10,3,blood_lab,0,26.68
23,4,6.0,25,16,5,consultation,3,29.49
24,4,10.0,25,8,4,registration,0,70.76
8,4,8.5,10,10,0,certificate,2,17.36
20,2,4.0,29,9,0,blood_lab,2,41.95
22,1,10.0,36,9,5,registration,3,214.2
0,3,4.0,12,17,3,blood_lab,0,3.73
15,1,3.0,18,9,6,inquiry,1,41.56
24,3,6.0,27,8,2,consultation,3,44.61
30,4,8.5,41,9,3,certificate,1,63.01
3,3,6.0,9,10,2,consultation,1,1.48
17,3,3.0,31,15,4,inquiry,0,20.47
7,4,8.5,18,15,3,certificate,0,11.02
32,1,10.0,46,16,2,registration,2,317.4
8,2,3.0,10,13,4,inquiry,2,14.58
27,1,4.0,35,12,4,blood_lab,2,152.48
18,4,4.0,22,17,3,blood_lab,3,13.85
14,2,4.0,20,8,4,blood_lab,3,26.42
19,4,4.0,22,15,1,blood_lab,1,16.51
34,3,8.5,42,14,3,certificate,0,118.78
8,3,10.0,16,16,5,registration,3,23.68
9,1,10.0,14,11,1,registration,2,112.15
1,1,6.0,7,14,5,consultation,3,2.34
6,1,3.0,9,17,5,inquiry,1,12.68
27,2,10.0,30,16,5,registration,2,132.86
2,2,6.0,5,16,4,consultation,3,3.88
26,4,3.0,40,9,2,inquiry,0,17.64
23,1,8.5,26,17,5,certificate,0,199.29
1,2,3.0,10,14,4,inquiry,0,0.5
24,3,10.0,28,8,5,registration,2,76.27
12,1,8.5,19,9,0,certificate,0,117.71
27,2,3.0,41,12,2,inquiry,3,47.04
7,3,6.0,15,10,3,consultation,2,8.18
22,2,10.0,26,9,3,registration,1,108.97
25,1,8.5,32,17,0,certificate,0,242.31
18,1,6.0,20,17,1,consultation,2,102.06
29,3,3.0,31,12,4,inquiry,3,33.77
34,3,4.0,38,12,5,blood_lab,2,53.58
2,1,4.0,7,16,5,blood_lab,1,4.7
18,4,6.0,25,8,5,consultation,0,27.08
13,3,4.0,21,11,3,blood_lab,0,22.68
25,4,10.0,34,10,3,registration,1,62.14
20,2,10.0,24,17,4,registration,3,108.78
24,3,6.0,33,12,0,consultation,3,69.13
18,2,8.5,26,9,4,certificate,3,82.25
0,3,3.0,13,8,5,inquiry,3,0.5
23,4,10.0,35,11,1,registration,1,71.31
3,1,4.0,17,8,0,blood_lab,3,10.1
27,3,6.0,31,11,1,consultation,0,67.83
5,3,8.5,16,10,5,certificate,0,12.98
30,1,3.0,41,13,6,inquiry,2,112.33
23,2,4.0,29,9,6,blood_lab,3,38.74
20,4,3.0,30,8,3,inquiry,3,11.53
25,4,8.5,39,14,6,certificate,2,64.56
12,2,10.0,14,10,6,registration,1,56.38
22,4,3.0,23,10,3,inquiry,0,17.81
29,4,6.0,36,11,0,consultation,1,61.3
7,2,4.0,12,10,4,blood_lab,3,8.95
32,1,8.5,36,16,1,certificate,2,267.29
20,4,6.0,26,16,3,consultation,0,26.88
12,3,10.0,25,9,6,registration,0,38.5
30,2,10.0,41,16,3,registration,0,150.72
2,2,8.5,6,11,4,certificate,0,14.0
16,2,3.0,20,9,5,inquiry,2,18.73
18,4,4.0,26,9,0,blood_lab,2,14.96
11,2,6.0,14,13,5,consultation,3,36.4
13,4,4.0,22,12,1,blood_lab,2,15.0
16,3,3.0,17,13,6,inquiry,1,18.77
23,3,8.5,31,9,3,certificate,0,66.32
13,4,6.0,19,14,4,consultation,3,22.2
27,3,6.0,31,11,5,consultation,3,61.34
14,2,4.0,17,9,4,blood_lab,3,27.87
18,1,3.0,28,16,3,inquiry,2,47.86
33,1,8.5,38,15,6,certificate,0,281.35
19,4,4.0,28,17,4,blood_lab,3,17.42
4,3,10.0,16,9,6,registration,0,9.01
20,1,3.0,34,10,2,inquiry,3,53.08
29,4,6.0,38,9,4,consultation,1,45.9
21,1,8.5,35,8,6,certificate,2,175.52
30,4,10.0,43,14,2,registration,1,91.76
3,4,10.0,13,16,4,registration,0,8.1
0,1,4.0,14,14,5,blood_lab,0,0.5
20,3,8.5,23,9,2,certificate,3,53.6
0,2,3.0,11,15,4,inquiry,0,0.5
15,3,3.0,19,11,2,inquiry,2,18.46
5,3,4.0,16,10,4,blood_lab,3,4.87
14,1,6.0,21,10,6,consultation,3,81.17
4,1,6.0,13,12,2,consultation,3,26.87
16,3,8.5,29,9,0,certificate,2,50.36
14,1,4.0,18,11,6,blood_lab,1,69.78
6,1,3.0,16,8,3,inquiry,2,12.78
17,1,3.0,26,9,6,inquiry,2,47.99
0,3,8.5,6,11,2,certificate,2,0.5
20,3,10.0,23,13,3,registration,1,81.21
11,2,3.0,25,16,2,inquiry,3,10.21
22,4,6.0,27,11,2,consultation,2,42.17
3,3,10.0,8,11,5,registration,1,11.06
32,4,10.0,35,13,0,registration,2,112.98
12,2,10.0,13,17,1,registration,0,56.58
7,1,10.0,16,13,0,registration,3,95.94
9,1,6.0,23,8,1,consultation,2,51.65
0,4,6.0,2,16,5,consultation,0,0.5
4,3,6.0,10,15,6,consultation,0,9.84
2,2,6.0,10,13,3,consultation,3,3.22
25,3,4.0,38,8,5,blood_lab,0,37.52
8,4,10.0,16,11,5,registration,2,23.06
20,2,4.0,34,16,6,blood_lab,1,37.75
24,4,10.0,35,17,0,registration,3,64.29
27,4,4.0,37,16,2,blood_lab,0,25.31
9,3,4.0,12,15,1,blood_lab,3,6.67
24,2,3.0,36,11,3,inquiry,3,40.54
30,3,8.5,32,11,6,certificate,1,104.75
15,1,10.0,17,10,6,registration,1,146.71
12,4,8.5,25,11,2,certificate,1,24.86
30,3,3.0,36,12,5,inquiry,3,31.71
3,4,8.5,9,11,2,certificate,2,2.67
13,2,8.5,24,14,0,certificate,1,79.79
9,2,3.0,10,14,5,inquiry,1,14.36
20,4,3.0,33,17,4,inquiry,1,17.85
23,3,3.0,26,16,4,inquiry,1,26.98
6,2,6.0,11,14,2,consultation,0,23.79
34,3,10.0,38,17,6,registration,0,114.38
17,4,3.0,30,15,5,inquiry,1,10.24
7,1,3.0,16,9,6,inquiry,1,18.47
7,4,3.0,14,8,1,inquiry,2,2.87
25,2,6.0,28,9,4,consultation,2,84.79
11,3,6.0,12,12,4,consultation,3,30.09
6,3,8.5,18,16,6,certificate,3,10.18
4,1,10.0,10,15,5,registration,2,37.58
32,1,4.0,41,12,6,blood_lab,1,161.4
12,2,3.0,17,17,2,inquiry,0,17.95
16,1,8.5,29,9,6,certificate,3,130.34
31,3,8.5,34,9,6,certificate,0,89.01
24,1,10.0,28,10,2,registration,0,239.33
29,3,4.0,36,10,5,blood_lab,3,37.37
7,2,8.5,17,12,1,certificate,3,32.72
16,4,8.5,28,14,6,certificate,1,39.98
25,1,4.0,37,8,0,blood_lab,2,111.47
9,4,8.5,12,10,5,certificate,0,17.7
23,2,4.0,26,8,3,blood_lab,0,45.3
6,1,8.5,16,8,6,certificate,1,50.01
9,3,4.0,18,16,0,blood_lab,2,8.0
6,3,6.0,7,10,3,consultation,1,13.3
13,1,6.0,18,9,3,consultation,3,73.97
20,3,8.5,29,15,5,certificate,1,55.01
21,1,4.0,30,14,2,blood_lab,2,101.0
24,4,10.0,30,15,2,registration,3,55.62
22,2,8.5,28,9,1,certificate,1,91.3
16,3,3.0,18,10,1,inquiry,2,14.16
33,2,3.0,35,13,3,inquiry,3,57.69
17,4,8.5,24,10,3,certificate,0,36.68
0,1,6.0,9,17,6,consultation,2,0.75
34,1,8.5,38,17,6,certificate,3,281.36
11,1,3.0,16,9,5,inquiry,3,28.34
17,2,3.0,24,9,0,inquiry,3,22.93
1,1,3.0,10,11,4,inquiry,3,0.5
7,2,4.0,17,13,1,blood_lab,2,10.96
7,1,3.0,10,9,1,inquiry,3,15.7
18,1,4.0,28,13,6,blood_lab,2,85.69
17,1,10.0,29,13,3,registration,0,212.11
23,4,3.0,37,12,6,inquiry,1,21.5
20,3,4.0,31,11,6,blood_lab,0,35.16
32,4,3.0,37,16,2,inquiry,0,24.83
29,3,3.0,33,14,1,inquiry,1,32.99
30,1,10.0,41,8,3,registration,2,300.63
30,3,4.0,31,12,5,blood_lab,0,51.72
2,1,6.0,15,9,1,consultation,2,9.39
12,2,6.0,14,17,6,consultation,3,30.15
6,3,6.0,13,12,6,consultation,3,7.07
20,2,3.0,30,14,4,inquiry,0,42.4
3,3,8.5,10,17,5,certificate,2,5.34
14,1,4.0,20,13,5,blood_lab,0,70.36
5,3,3.0,14,17,4,inquiry,2,1.5
13,3,10.0,16,10,6,registration,1,39.97
9,1,4.0,21,10,3,blood_lab,2,30.86
2,3,3.0,13,16,0,inquiry,2,1.51
4,2,3.0,13,9,4,inquiry,3,2.35
7,3,3.0,13,15,3,inquiry,0,6.39
9,3,3.0,10,9,2,inquiry,3,6.06
22,1,10.0,27,15,0,registration,0,252.83
5,2,10.0,15,15,3,registration,3,20.6
24,3,6.0,31,9,0,consultation,3,50.4
25,1,8.5,37,13,0,certificate,3,301.68
9,1,3.0,20,11,3,inquiry,3,28.28
25,1,4.0,30,11,1,blood_lab,0,124.19
10,1,6.0,15,13,3,consultation,3,71.92
23,4,10.0,26,13,0,registration,0,80.92
18,2,10.0,30,9,0,registration,1,100.14
22,1,3.0,34,13,2,inquiry,1,80.65
16,1,8.5,30,13,2,certificate,3,164.94
1,2,3.0,13,17,5,inquiry,3,0.5
4,4,10.0,11,12,5,registration,2,10.48
2,3,10.0,9,16,2,registration,0,8.03
30,2,8.5,40,9,5,certificate,2,125.88
18,2,3.0,24,15,6,inquiry,2,28.17
1,3,6.0,12,17,1,consultation,0,2.52
28,4,3.0,39,16,1,inquiry,0,21.45
4,2,10.0,17,13,4,registration,0,28.34
26,4,10.0,27,15,0,registration,2,71.86
30,2,10.0,38,12,2,registration,2,184.41
10,3,8.5,12,8,0,certificate,0,32.19
3,4,8.5,16,17,1,certificate,2,4.44
21,3,10.0,22,13,3,registration,0,87.52
13,3,3.0,15,9,1,inquiry,2,8.53
27,2,4.0,37,10,2,blood_lab,3,47.43
30,3,10.0,39,12,5,registration,2,122.08
15,2,10.0,21,16,1,registration,0,77.0
0,4,6.0,12,13,3,consultation,1,0.5
7,1,8.5,12,17,2,certificate,2,57.07
4,4,3.0,16,17,4,inquiry,0,5.38
4,1,8.5,10,9,6,certificate,1,33.61
30,3,6.0,31,15,6,consultation,3,57.14
29,4,6.0,35,8,5,consultation,0,43.45
12,1,6.0,15,17,1,consultation,0,71.66
6,1,6.0,9,10,2,consultation,0,35.53
5,1,10.0,14,8,2,registration,2,44.11
31,4,3.0,39,13,3,inquiry,0,31.25
33,2,3.0,45,8,3,inquiry,2,47.17
21,3,4.0,28,14,4,blood_lab,0,39.26
8,4,10.0,10,11,6,registration,2,19.35
0,1,3.0,1,8,6,inquiry,2,0.5
14,1,3.0,24,13,2,inquiry,0,50.6
22,4,8.5,29,17,0,certificate,3,48.54
19,1,8.5,26,17,5,certificate,2,155.7
27,1,8.5,30,10,3,certificate,2,227.41
28,1,6.0,42,11,0,consultation,3,236.59
27,1,8.5,31,9,4,certificate,3,258.49
15,1,3.0,20,12,6,inquiry,0,58.72
10,2,10.0,17,17,2,registration,2,46.96
1,1,4.0,2,10,2,blood_lab,3,1.69
0,3,4.0,4,8,2,blood_lab,3,0.5
3,1,3.0,10,16,3,inquiry,3,3.77
16,2,6.0,20,12,1,consultation,2,57.56
19,3,8.5,24,14,3,certificate,0,66.61
11,1,8.5,12,12,2,certificate,3,110.75
23,1,10.0,28,16,2,registration,3,226.54
14,4,3.0,16,12,3,inquiry,0,17.15
28,3,6.0,31,13,3,consultation,0,69.74
15,1,3.0,17,17,4,inquiry,0,53.67
7,4,3.0,19,15,4,inquiry,0,0.91
21,4,10.0,33,12,6,registration,1,63.52
28,1,6.0,40,8,0,consultation,0,192.57
1,3,6.0,3,15,5,consultation,2,0.5
5,3,8.5,14,17,3,certificate,0,15.89
29,4,10.0,36,11,0,registration,2,96.98
25,1,4.0,35,10,2,blood_lab,3,95.64
8,2,10.0,20,8,0,registration,2,45.41
27,3,3.0,39,9,0,inquiry,3,26.42
34,4,3.0,38,17,3,inquiry,2,22.45
27,2,8.5,32,13,6,certificate,3,137.23
4,2,8.5,15,9,2,certificate,3,13.7
6,3,10.0,15,17,2,registration,0,20.1
30,1,3.0,36,13,3,inquiry,2,110.57
21,1,8.5,22,15,1,certificate,2,175.74
26,1,3.0,36,12,3,inquiry,2,97.63
7,4,8.5,11,15,2,certificate,2,8.5
30,4,4.0,43,13,0,blood_lab,3,37.83
11,4,8.5,12,13,3,certificate,1,28.24
6,2,10.0,20,13,5,registration,2,30.64
2,1,6.0,7,10,2,consultation,1,10.6
3,4,10.0,8,9,3,registration,2,7.55
7,3,6.0,8,16,5,consultation,3,8.3
1,2,6.0,3,11,6,consultation,3,1.17
14,3,4.0,23,11,6,blood_lab,2,20.54
20,4,4.0,25,8,4,blood_lab,1,19.69
10,3,8.5,20,9,0,certificate,0,31.58
26,1,4.0,35,13,3,blood_lab,3,126.18
26,1,3.0,28,17,5,inquiry,2,76.12
11,3,4.0,25,15,0,blood_lab,3,11.53
30,2,6.0,43,15,2,consultation,3,85.8
11,2,3.0,15,10,1,inquiry,0,18.4
28,3,3.0,31,14,4,inquiry,0,39.65
0,2,3.0,3,14,3,inquiry,2,0.5
17,3,10.0,25,11,4,registration,0,83.28
19,3,6.0,27,8,4,consultation,0,40.68
27,2,3.0,40,17,0,inquiry,1,43.36
32,2,3.0,40,9,5,inquiry,0,47.55
8,2,6.0,18,13,0,consultation,3,25.51
18,2,3.0,20,10,0,inquiry,3,25.98
33,3,8.5,45,13,3,certificate,1,117.8
15,3,3.0,21,15,4,inquiry,0,15.62
3,4,8.5,5,11,4,certificate,2,4.58
26,4,8.5,28,16,5,certificate,2,53.0
22,3,6.0,27,16,2,consultation,2,39.5
33,3,4.0,35,16,4,blood_lab,3,43.39
8,1,6.0,14,13,5,consultation,0,58.03
22,4,3.0,32,12,3,inquiry,0,20.28
22,4,6.0,35,9,1,consultation,2,31.97
17,3,3.0,26,9,3,inquiry,1,13.58
32,3,6.0,33,11,5,consultation,1,78.8
10,2,3.0,12,10,3,inquiry,0,11.37
21,1,4.0,30,12,0,blood_lab,0,121.7
31,4,4.0,34,8,3,blood_lab,0,31.63
16,2,6.0,26,16,5,consultation,3,42.53
12,1,6.0,24,10,3,consultation,3,67.16
19,4,8.5,26,15,3,certificate,2,37.14
4,4,6.0,18,10,2,consultation,1,7.06
23,3,8.5,25,14,6,certificate,1,79.55
29,2,6.0,34,16,4,consultation,0,97.32
29,4,4.0,38,8,0,blood_lab,0,36.83
3,1,10.0,4,15,2,registration,2,27.06
30,4,6.0,32,8,1,consultation,3,44.16
23,4,4.0,34,11,1,blood_lab,2,22.42
19,1,6.0,32,17,0,consultation,2,128.39
28,2,3.0,35,17,1,inquiry,0,41.18
21,4,3.0,24,17,3,inquiry,0,16.01
25,4,10.0,39,9,2,registration,2,60.95
11,3,8.5,23,10,1,certificate,3,28.58
19,2,4.0,30,10,0,blood_lab,3,40.99
32,2,3.0,38,8,0,inquiry,1,57.78
7,1,4.0,8,9,1,blood_lab,1,29.67
8,4,8.5,18,15,0,certificate,1,17.14
4,3,8.5,10,9,3,certificate,2,6.87
30,4,8.5,38,8,2,certificate,0,62.12
16,1,4.0,28,11,1,blood_lab,3,79.17
10,3,6.0,24,16,1,consultation,1,18.24
28,4,8.5,37,15,4,certificate,3,62.28
0,3,6.0,9,11,2,consultation,0,0.5
2,4,4.0,4,13,6,blood_lab,0,4.71
12,2,8.5,24,17,6,certificate,1,45.08
4,4,6.0,5,9,6,consultation,2,2.4
22,2,10.0,36,13,3,registration,1,135.55
30,3,4.0,44,10,0,blood_lab,3,40.83
3,3,3.0,15,8,6,inquiry,2,3.96
14,1,8.5,22,16,0,certificate,1,137.67
12,4,8.5,17,8,4,certificate,1,28.77
32,3,8.5,41,14,5,certificate,0,111.48
32,1,3.0,41,15,4,inquiry,1,108.27
25,4,4.0,35,13,6,blood_lab,1,30.07
17,3,8.5,19,8,4,certificate,2,50.55
29,2,3.0,35,9,0,inquiry,1,47.92
15,1,3.0,16,17,2,inquiry,2,42.79
25,2,3.0,29,10,5,inquiry,0,37.56
2,1,3.0,14,15,2,inquiry,1,0.99
20,3,4.0,30,15,5,blood_lab,0,27.69
33,4,3.0,44,11,1,inquiry,2,27.15
10,4,10.0,14,12,2,registration,3,24.19
22,1,6.0,23,8,2,consultation,0,133.05
25,1,10.0,30,15,5,registration,2,250.15
23,2,10.0,26,10,5,registration,2,110.75
14,2,8.5,19,9,2,certificate,2,56.14
18,3,10.0,23,17,1,registration,1,57.15
4,2,3.0,13,8,4,inquiry,0,8.39
1,3,10.0,4,11,0,registration,1,3.9
19,4,6.0,23,16,4,consultation,2,26.57
23,4,3.0,35,13,1,inquiry,1,22.07
17,3,4.0,24,15,3,blood_lab,0,21.41
29,4,6.0,34,16,1,consultation,2,38.45
20,1,6.0,26,14,2,consultation,3,143.99
31,1,10.0,43,15,5,registration,1,309.48
19,4,6.0,30,11,3,consultation,1,32.68
0,3,8.5,8,14,5,certificate,2,0.5
17,1,6.0,18,8,4,consultation,1,117.5
30,3,6.0,44,11,5,consultation,2,75.31
14,3,8.5,25,9,6,certificate,2,37.97
3,2,6.0,11,14,1,consultation,0,13.4
30,3,3.0,35,16,4,inquiry,0,34.21
25,2,10.0,39,12,2,registration,1,152.22
1,2,6.0,13,11,5,consultation,1,2.45
28,3,10.0,42,17,5,registration,1,94.68
12,2,6.0,26,9,1,consultation,1,33.7
20,3,8.5,26,16,4,certificate,3,62.44
25,1,8.5,35,14,3,certificate,0,261.51
22,3,10.0,33,17,5,registration,3,69.62
30,4,6.0,38,11,6,consultation,0,57.2
25,1,8.5,35,14,2,certificate,1,264.36
28,2,10.0,42,16,1,registration,0,141.55
8,1,6.0,16,11,5,consultation,0,62.28
17,4,4.0,21,13,3,blood_lab,0,18.74
8,3,4.0,20,12,5,blood_lab,0,15.29
32,4,8.5,46,16,1,certificate,1,63.48
15,3,3.0,29,14,6,inquiry,2,18.0
12,4,4.0,15,16,5,blood_lab,3,7.79
22,4,10.0,23,16,4,registration,0,60.99
22,3,8.5,29,14,2,certificate,1,75.74
5,4,8.5,12,9,1,certificate,3,5.17
8,1,3.0,10,17,4,inquiry,1,24.41
4,3,10.0,13,8,1,registration,2,10.17
23,1,3.0,32,17,3,inquiry,1,66.33
0,2,3.0,8,13,4,inquiry,3,0.5
13,2,4.0,17,8,3,blood_lab,1,24.74
19,3,4.0,25,14,2,blood_lab,2,34.54
0,1,3.0,2,17,3,inquiry,1,0.5
2,2,8.5,10,9,0,certificate,3,8.69
13,3,8.5,17,12,2,certificate,0,47.36
33,1,10.0,37,17,2,registration,2,327.97
34,3,10.0,38,12,3,registration,2,137.86
4,2,8.5,6,9,5,certificate,1,15.29
0,2,4.0,9,8,0,blood_lab,3,0.5
16,1,8.5,22,12,2,certificate,0,173.56
15,4,3.0,29,8,6,inquiry,3,10.19
12,2,4.0,13,15,3,blood_lab,0,23.58
10,4,3.0,23,10,1,inquiry,1,5.9
26,3,8.5,30,16,1,certificate,2,68.64
14,4,3.0,15,13,5,inquiry,3,9.19
23,4,8.5,25,11,6,certificate,0,62.99
23,3,10.0,25,10,3,registration,1,71.34
32,1,10.0,44,8,5,registration,2,314.37
33,4,3.0,44,16,1,inquiry,1,23.14
18,1,8.5,31,10,2,certificate,0,150.35
34,3,3.0,45,9,4,inquiry,3,35.43
17,3,8.5,29,11,5,certificate,3,54.99
22,2,4.0,33,16,3,blood_lab,1,40.07
17,3,6.0,24,13,0,consultation,1,46.45
34,3,6.0,35,17,6,consultation,2,63.19
8,2,6.0,14,16,4,consultation,1,25.03
8,2,6.0,22,14,1,consultation,0,29.28
23,3,10.0,30,11,4,registration,1,111.28
25,4,6.0,38,15,5,consultation,3,31.33
14,2,8.5,16,17,3,certificate,2,56.22
32,3,8.5,38,10,3,certificate,2,85.27
15,4,6.0,24,15,4,consultation,1,21.11
12,4,6.0,22,10,6,consultation,2,14.8
32,3,4.0,46,10,0,blood_lab,2,48.24
17,4,3.0,27,12,2,inquiry,2,13.98
14,2,6.0,28,16,3,consultation,0,41.82
21,3,8.5,25,17,6,certificate,0,58.56
11,4,4.0,24,10,1,blood_lab,3,6.7
24,1,3.0,30,15,6,inquiry,1,70.69
24,1,4.0,36,8,0,blood_lab,1,109.46
33,2,6.0,39,17,0,consultation,1,106.55
15,1,4.0,22,12,4,blood_lab,1,87.37
24,2,4.0,29,14,0,blood_lab,2,64.75
18,1,6.0,23,16,4,consultation,1,124.49
1,4,8.5,8,9,5,certificate,1,2.21
9,3,6.0,13,16,1,consultation,0,18.01
13,3,3.0,24,12,2,inquiry,3,11.3
14,1,3.0,23,9,1,inquiry,0,41.38
9,4,10.0,23,17,5,registration,2,21.62
11,3,8.5,24,9,1,certificate,1,26.65
34,3,4.0,35,10,6,blood_lab,3,42.28
21,3,3.0,27,12,3,inquiry,1,24.74
13,1,3.0,23,11,5,inquiry,0,47.73
16,1,8.5,17,13,1,certificate,2,167.55
29,1,4.0,30,9,6,blood_lab,2,113.13
17,2,3.0,28,11,1,inquiry,2,28.56
31,1,6.0,41,10,6,consultation,0,187.4
22,3,6.0,24,11,5,consultation,1,54.74
3,3,3.0,17,16,3,inquiry,1,1.26
34,3,3.0,47,8,2,inquiry,2,31.93
9,3,6.0,15,10,4,consultation,3,14.16
15,4,6.0,24,12,0,consultation,3,30.22
25,4,4.0,29,16,2,blood_lab,1,24.8
8,3,6.0,21,12,1,consultation,1,15.51
10,4,8.5,23,9,3,certificate,3,18.73
33,3,6.0,38,12,6,consultation,2,78.38
33,3,4.0,46,14,3,blood_lab,3,50.87
10,4,10.0,12,9,2,registration,2,22.36
20,3,8.5,29,14,5,certificate,2,66.0
0,1,4.0,1,14,1,blood_lab,0,0.5
9,4,6.0,14,16,2,consultation,1,9.96
4,2,4.0,17,8,2,blood_lab,3,2.13
21,2,10.0,27,10,6,registration,3,99.68
14,2,6.0,15,17,3,consultation,3,39.14
32,1,10.0,46,10,3,registration,2,314.7
9,3,6.0,16,12,4,consultation,3,21.42
10,3,8.5,11,12,5,certificate,1,32.77
20,4,3.0,26,8,4,inquiry,2,14.16
33,4,3.0,39,13,5,inquiry,0,31.59
22,1,4.0,27,11,3,blood_lab,3,105.13
12,1,4.0,20,15,2,blood_lab,2,51.38
20,4,4.0,30,17,5,blood_lab,1,19.12
25,4,8.5,36,13,4,certificate,2,71.88
11,1,3.0,23,13,2,inquiry,3,37.22
23,4,10.0,27,9,3,registration,2,58.69
32,3,8.5,45,12,2,certificate,1,107.59
13,3,4.0,24,10,0,blood_lab,1,18.26
7,1,6.0,20,10,0,consultation,2,45.55
32,2,3.0,35,13,6,inquiry,1,57.15
0,4,6.0,10,13,6,consultation,2,0.5
10,4,6.0,18,17,5,consultation,2,14.01
18,3,10.0,22,9,3,registration,3,55.44
28,3,3.0,37,10,3,inquiry,2,22.4
17,2,8.5,27,15,3,certificate,2,68.2
21,4,3.0,29,16,6,inquiry,1,11.35
23,1,4.0,24,14,1,blood_lab,2,111.95
5,3,6.0,19,14,6,consultation,1,11.37
20,3,3.0,23,13,5,inquiry,0,27.16
30,2,10.0,44,16,2,registration,2,145.9
16,2,4.0,26,11,0,blood_lab,1,46.35
32,4,4.0,33,10,0,blood_lab,3,31.4
5,1,6.0,16,13,6,consultation,2,33.53
24,4,4.0,31,8,3,blood_lab,1,25.36
17,4,10.0,18,8,4,registration,0,47.39
7,3,10.0,16,10,3,registration,3,19.02
8,2,8.5,20,12,0,certificate,2,46.56
28,2,3.0,36,8,1,inquiry,2,37.5
23,4,6.0,31,10,1,consultation,2,33.74
0,3,4.0,4,14,0,blood_lab,0,3.63
10,3,6.0,20,9,3,consultation,2,16.46
3,1,8.5,11,15,5,certificate,3,20.6
2,3,6.0,13,10,0,consultation,0,5.75
12,4,6.0,22,14,1,consultation,2,22.84
10,2,6.0,18,17,4,consultation,1,31.77
12,4,10.0,21,17,1,registration,1,29.43
20,3,8.5,32,14,2,certificate,3,65.38
31,2,3.0,41,11,1,inquiry,3,51.58
16,3,6.0,20,16,5,consultation,2,29.79
2,4,6.0,3,17,4,consultation,3,0.5
31,2,4.0,40,11,0,blood_lab,0,88.36
29,2,8.5,43,15,1,certificate,2,123.31
28,1,10.0,42,14,3,registration,1,349.98
23,1,6.0,31,16,4,consultation,3,153.87
13,3,8.5,18,15,6,certificate,0,37.17
24,4,3.0,36,11,5,inquiry,3,18.34
32,4,10.0,42,10,6,registration,0,82.13
11,2,8.5,25,11,6,certificate,1,54.78
12,4,6.0,13,8,4,consultation,0,22.12
8,2,10.0,14,16,0,registration,0,43.25
17,3,4.0,18,13,0,blood_lab,2,32.16
13,4,6.0,19,8,0,consultation,0,21.6
13,3,6.0,21,15,6,consultation,3,21.58
17,1,10.0,22,12,3,registration,2,211.49
1,4,8.5,14,13,3,certificate,0,6.08
5,2,4.0,11,17,5,blood_lab,2,7.11
6,1,10.0,11,13,5,registration,1,72.95
11,3,4.0,17,12,2,blood_lab,1,18.21
26,1,3.0,39,14,2,inquiry,2,92.36
5,1,3.0,11,8,3,inquiry,3,7.11
28,2,3.0,36,15,1,inquiry,1,42.44
18,2,10.0,28,8,4,registration,2,96.44
4,3,4.0,13,15,2,blood_lab,0,7.7
10,1,4.0,14,8,6,blood_lab,2,36.22
15,4,8.5,17,13,3,certificate,0,42.49
4,4,3.0,12,14,1,inquiry,1,4.63
22,1,3.0,28,15,4,inquiry,3,71.99
0,3,6.0,5,16,1,consultation,1,0.5
13,3,10.0,20,10,5,registration,2,40.07
19,1,10.0,23,11,4,registration,1,273.44
34,1,6.0,37,8,4,consultation,3,229.42
11,3,4.0,20,17,4,blood_lab,0,20.32
18,2,3.0,20,12,2,inquiry,0,33.4
8,2,3.0,9,11,1,inquiry,3,12.72
18,3,4.0,28,14,4,blood_lab,3,32.24
10,4,3.0,24,16,3,inquiry,3,7.33
26,3,3.0,31,17,2,inquiry,2,23.9
30,3,8.5,35,17,6,certificate,2,80.27
31,1,10.0,45,16,0,registration,3,351.86
14,4,10.0,20,17,6,registration,3,30.6
8,3,3.0,15,10,1,inquiry,3,4.78
9,1,4.0,18,17,1,blood_lab,1,33.99
6,4,10.0,10,15,0,registration,1,13.89
10,4,8.5,14,16,0,certificate,0,22.75
28,2,10.0,38,12,6,registration,1,173.46
7,4,8.5,12,14,3,certificate,0,18.27
27,2,8.5,36,11,5,certificate,0,146.17
13,2,6.0,21,10,5,consultation,3,36.37
8,4,8.5,15,16,4,certificate,2,19.26
16,3,4.0,27,16,4,blood_lab,2,21.3
14,2,10.0,18,15,3,registration,1,67.69
14,2,3.0,26,8,6,inquiry,2,17.49
29,2,4.0,41,13,2,blood_lab,3,69.0
29,2,6.0,33,15,3,consultation,0,86.96
16,1,8.5,30,14,4,certificate,1,194.95
32,4,10.0,40,15,4,registration,2,86.14
33,2,6.0,42,15,1,consultation,2,96.84
9,3,8.5,20,11,3,certificate,0,29.13
19,3,8.5,29,17,2,certificate,3,51.37
19,4,6.0,25,8,1,consultation,1,24.49
25,4,10.0,30,9,4,registration,3,69.44
17,2,6.0,28,9,3,consultation,0,50.81
19,2,8.5,28,14,3,certificate,1,96.3
26,1,10.0,37,16,3,registration,3,256.39
2,1,10.0,8,11,4,registration,3,23.47
25,4,6.0,34,13,4,consultation,3,49.61
31,2,6.0,32,14,0,consultation,1,130.11
34,4,3.0,35,13,6,inquiry,2,30.43
7,1,10.0,21,13,2,registration,1,86.68
26,3,4.0,32,15,2,blood_lab,3,30.51
10,4,4.0,12,8,6,blood_lab,3,9.24
29,3,8.5,37,12,1,certificate,3,95.33
12,2,6.0,17,11,3,consultation,2,41.86
30,4,10.0,43,11,1,registration,1,94.76
25,2,6.0,31,13,3,consultation,0,93.41
16,1,8.5,18,8,6,certificate,3,130.96
15,1,10.0,26,8,5,registration,1,148.35
15,4,3.0,18,8,0,inquiry,0,15.2
18,3,4.0,20,16,2,blood_lab,0,26.31
14,4,8.5,27,16,3,certificate,0,26.96
11,4,10.0,21,10,4,registration,1,31.65
1,2,10.0,12,16,1,registration,2,2.56
14,1,10.0,24,9,5,registration,0,143.37
9,1,10.0,14,9,5,registration,3,86.64
24,2,10.0,29,12,6,registration,2,146.24
0,3,3.0,5,9,4,inquiry,0,0.5
12,1,3.0,17,13,5,inquiry,0,44.89
16,2,4.0,21,10,4,blood_lab,1,35.58
1,1,3.0,8,13,4,inquiry,1,5.67
24,4,10.0,31,14,6,registration,1,73.13
24,2,6.0,27,9,5,consultation,3,67.23
32,1,8.5,35,17,2,certificate,1,270.94
29,3,10.0,43,17,5,registration,2,95.19
25,2,4.0,39,8,4,blood_lab,3,53.17
21,1,4.0,22,11,5,blood_lab,3,103.16
9,3,3.0,13,17,3,inquiry,2,8.02
14,3,6.0,19,14,4,consultation,2,35.94
14,1,3.0,17,10,1,inquiry,1,40.04
23,3,8.5,31,10,3,certificate,0,65.84
1,4,4.0,7,11,4,blood_lab,2,1.11
29,4,8.5,30,10,1,certificate,3,57.77
26,3,3.0,40,15,1,inquiry,1,24.92
27,4,3.0,39,10,4,inquiry,3,19.68
31,4,4.0,34,9,1,blood_lab,1,29.75
25,4,6.0,29,13,1,consultation,3,41.06
20,2,6.0,34,15,6,consultation,0,59.61
17,3,6.0,27,11,6,consultation,0,44.1
13,3,8.5,15,9,6,certificate,0,35.36
25,1,4.0,33,17,5,blood_lab,2,96.93
7,2,4.0,9,11,6,blood_lab,1,14.66
10,3,8.5,14,17,4,certificate,0,32.24
29,3,8.5,41,10,0,certificate,3,91.53
33,4,4.0,35,11,1,blood_lab,3,37.76
15,1,4.0,24,9,3,blood_lab,1,60.59
12,1,8.5,24,11,1,certificate,2,118.74
0,3,8.5,7,12,2,certificate,1,0.5
15,1,4.0,24,11,0,blood_lab,1,83.14
27,2,6.0,31,17,6,consultation,3,74.89
32,1,3.0,41,10,3,inquiry,1,92.02
15,1,8.5,16,14,5,certificate,2,156.28
5,1,4.0,10,17,4,blood_lab,2,21.41
21,3,3.0,28,14,4,inquiry,1,27.87
23,1,8.5,37,11,3,certificate,2,241.34
32,2,8.5,33,12,0,certificate,2,195.65
24,3,3.0,35,11,1,inquiry,2,24.12
34,3,6.0,45,9,1,consultation,2,67.5
30,4,4.0,41,15,2,blood_lab,3,23.26
19,2,3.0,29,17,1,inquiry,0,30.79
1,2,3.0,3,17,1,inquiry,0,3.6
2,2,3.0,5,17,6,inquiry,1,0.5
28,2,4.0,39,15,2,blood_lab,2,52.78
0,4,10.0,14,11,6,registration,0,2.07
11,1,3.0,24,17,3,inquiry,1,31.71
25,4,4.0,38,13,3,blood_lab,2,31.27
18,4,8.5,30,11,4,certificate,3,52.41
2,1,8.5,16,17,5,certificate,0,16.11
30,3,8.5,39,17,5,certificate,1,80.42
34,3,10.0,36,9,5,registration,1,108.94
7,2,10.0,14,9,6,registration,1,33.19
8,1,3.0,18,11,2,inquiry,2,23.53
12,2,10.0,20,9,3,registration,0,57.89
4,4,3.0,18,8,2,inquiry,3,0.5
24,3,8.5,33,14,5,certificate,2,81.72
30,2,10.0,32,14,5,registration,0,188.13
18,1,3.0,24,13,4,inquiry,0,78.25
21,1,8.5,29,8,1,certificate,1,177.61
17,2,10.0,21,14,6,registration,0,105.14
8,3,8.5,11,10,4,certificate,2,26.1
22,1,3.0,23,10,0,inquiry,1,74.36
2,2,6.0,9,14,0,consultation,1,7.22
14,3,4.0,19,11,4,blood_lab,1,27.57
22,4,10.0,27,11,0,registration,3,74.61
32,3,4.0,38,14,6,blood_lab,1,49.54
23,2,6.0,34,15,3,consultation,2,66.65
29,3,6.0,42,8,3,consultation,0,56.77
25,4,10.0,28,8,2,registration,2,56.69
13,4,8.5,14,11,0,certificate,2,37.19
27,1,10.0,29,9,6,registration,1,270.31
5,1,10.0,18,8,3,registration,3,47.13
15,2,3.0,22,10,0,inquiry,0,26.74
28,3,3.0,32,14,0,inquiry,1,39.32
22,2,6.0,26,11,1,consultation,0,84.77
25,1,10.0,26,12,2,registration,0,311.89
0,1,4.0,1,14,5,blood_lab,0,0.5
30,1,4.0,42,10,5,blood_lab,2,116.65
9,4,3.0,18,14,2,inquiry,1,9.06
19,1,4.0,23,9,2,blood_lab,1,71.39
6,3,6.0,16,14,3,consultation,1,8.92
21,4,10.0,25,10,1,registration,3,50.49
24,3,3.0,36,17,3,inquiry,0,22.15
24,2,3.0,38,12,5,inquiry,1,43.52
5,3,10.0,11,16,2,registration,2,13.12
3,4,8.5,7,8,2,certificate,3,2.9
23,2,8.5,30,11,2,certificate,3,117.64
11,2,3.0,23,11,5,inquiry,0,20.46
9,4,6.0,10,17,2,consultation,3,7.7
6,4,6.0,19,10,2,consultation,0,10.85
18,2,10.0,30,13,3,registration,3,109.1
32,2,8.5,41,13,2,certificate,2,167.44
7,2,10.0,14,10,4,registration,3,40.1
4,1,4.0,16,8,5,blood_lab,0,13.59
18,4,3.0,27,8,1,inquiry,0,12.58
1,1,8.5,6,17,2,certificate,0,4.7
13,2,3.0,15,11,1,inquiry,1,21.82
16,2,8.5,19,11,0,certificate,0,100.93
24,1,3.0,26,16,5,inquiry,1,71.11
18,4,10.0,19,13,1,registration,0,58.1
27,1,8.5,36,14,6,certificate,3,284.8
0,4,10.0,13,16,2,registration,1,1.07
18,3,10.0,24,16,6,registration,2,59.14
14,1,6.0,18,15,3,consultation,0,85.51
9,2,4.0,10,13,0,blood_lab,3,21.18
9,1,3.0,13,17,5,inquiry,1,26.93
3,1,10.0,9,13,3,registration,3,35.7
10,1,6.0,23,12,2,consultation,0,74.37
0,1,8.5,9,17,2,certificate,3,0.5
31,3,10.0,39,10,5,registration,3,98.94
4,1,3.0,18,10,4,inquiry,1,11.39
20,2,3.0,30,12,1,inquiry,0,41.53
18,4,6.0,28,17,5,consultation,1,26.51
14,4,10.0,16,13,4,registration,1,49.95
22,2,6.0,33,13,6,consultation,1,79.9
2,4,10.0,3,17,5,registration,0,3.2
30,3,8.5,36,13,5,certificate,2,103.16
27,4,6.0,31,15,5,consultation,2,40.02
31,4,8.5,45,8,2,certificate,3,60.31
19,1,10.0,25,12,1,registration,3,231.02
32,3,4.0,42,14,6,blood_lab,3,47.45
15,4,3.0,25,11,6,inquiry,3,8.94
20,3,10.0,24,10,4,registration,1,74.28
25,4,10.0,31,14,3,registration,2,77.01
15,2,10.0,21,8,5,registration,3,69.45
22,4,8.5,25,16,3,certificate,2,41.14
12,4,3.0,18,8,0,inquiry,1,11.43
20,3,8.5,34,8,6,certificate,0,57.03
0,2,4.0,1,17,1,blood_lab,3,0.5
29,2,4.0,39,16,6,blood_lab,1,54.08
26,4,6.0,40,17,2,consultation,2,38.59
23,4,6.0,31,15,5,consultation,1,32.06
25,4,3.0,34,9,4,inquiry,2,21.98
6,1,8.5,14,17,3,certificate,2,51.6
27,2,3.0,31,9,0,inquiry,3,41.43
4,3,6.0,6,10,1,consultation,1,8.34
34,4,3.0,46,11,5,inquiry,1,30.98
29,2,6.0,36,13,0,consultation,0,122.66
19,3,10.0,21,12,4,registration,1,89.52
11,4,6.0,16,8,2,consultation,2,15.47
2,2,6.0,6,17,3,consultation,3,1.2
10,3,4.0,14,10,6,blood_lab,1,12.14
28,4,4.0,30,10,0,blood_lab,3,26.81
1,3,6.0,7,8,1,consultation,1,0.5
8,2,10.0,18,17,2,registration,1,37.88
8,2,6.0,17,16,2,consultation,1,23.89
29,1,4.0,33,11,5,blood_lab,0,146.21
20,3,3.0,26,14,5,inquiry,0,27.13
17,2,6.0,26,13,5,consultation,3,61.03
10,3,10.0,20,11,2,registration,3,35.61
15,3,6.0,26,16,5,consultation,0,28.62
21,2,4.0,24,16,0,blood_lab,2,46.57
22,1,4.0,28,14,0,blood_lab,2,122.97
20,3,6.0,31,8,5,consultation,2,35.35
33,2,8.5,40,14,4,certificate,0,203.32
9,1,8.5,20,15,3,certificate,1,73.1
19,3,3.0,26,17,2,inquiry,1,17.56
33,3,8.5,44,17,4,certificate,1,109.11
21,1,3.0,25,14,5,inquiry,1,76.11
1,3,6.0,11,11,5,consultation,2,0.5
4,1,8.5,16,15,6,certificate,3,27.82
25,3,8.5,27,9,2,certificate,0,70.34
0,4,10.0,13,17,4,registration,3,0.5
20,2,8.5,22,11,2,certificate,3,103.55
7,4,10.0,18,11,1,registration,0,18.09
6,1,3.0,14,16,2,inquiry,0,19.39
12,4,3.0,19,10,2,inquiry,2,7.01
26,2,8.5,40,16,6,certificate,2,108.45
24,2,10.0,28,13,0,registration,2,170.36
17,4,3.0,25,9,6,inquiry,0,13.02
13,4,3.0,18,12,6,inquiry,3,5.68
27,3,4.0,34,16,3,blood_lab,3,36.39
3,2,4.0,4,8,2,blood_lab,1,4.96
31,2,10.0,40,16,1,registration,2,149.03
31,4,8.5,33,8,2,certificate,3,58.24
4,1,3.0,8,16,5,inquiry,3,8.14
8,2,6.0,11,8,1,consultation,2,23.11
17,3,4.0,24,13,1,blood_lab,3,22.89
2,1,4.0,12,15,6,blood_lab,1,3.17
9,3,8.5,17,10,3,certificate,0,25.58
33,4,8.5,36,8,3,certificate,2,68.05
9,1,6.0,12,12,0,consultation,1,77.11
0,3,10.0,3,12,3,registration,3,0.5
26,4,3.0,35,14,0,inquiry,0,28.64
9,4,4.0,18,8,2,blood_lab,2,6.62
19,3,4.0,23,14,2,blood_lab,3,26.81
5,1,8.5,8,15,6,certificate,0,38.86
15,1,8.5,26,12,3,certificate,2,159.69
20,1,4.0,26,17,4,blood_lab,1,90.8
10,3,4.0,19,8,3,blood_lab,3,4.65
9,1,6.0,14,13,1,consultation,2,62.38
33,1,10.0,40,8,5,registration,2,328.53
29,3,10.0,30,15,5,registration,3,90.95
32,3,8.5,33,11,2,certificate,2,111.63
6,4,3.0,11,15,4,inquiry,2,3.72
1,4,6.0,2,12,1,consultation,2,0.5
18,1,4.0,19,15,5,blood_lab,3,69.15
22,2,8.5,23,14,2,certificate,3,112.96
17,3,8.5,27,11,3,certificate,2,57.25
5,1,10.0,15,15,1,registration,1,51.73
29,4,3.0,42,10,4,inquiry,3,18.88
13,3,8.5,24,8,0,certificate,1,39.82
9,3,8.5,22,8,4,certificate,2,23.39
8,3,10.0,17,17,4,registration,2,28.03
17,2,3.0,29,13,4,inquiry,3,31.09
3,2,10.0,7,13,2,registration,0,20.31
15,3,10.0,18,11,4,registration,1,70.63
10,1,4.0,19,17,2,blood_lab,3,34.38
7,2,3.0,10,12,6,inquiry,3,8.73
30,3,4.0,37,13,0,blood_lab,1,56.2
32,4,8.5,45,14,6,certificate,1,83.19
20,1,10.0,22,10,0,registration,3,224.73
22,2,8.5,35,15,0,certificate,0,104.39
9,3,6.0,19,12,5,consultation,1,24.23
32,1,3.0,44,15,6,inquiry,1,95.42
7,2,8.5,13,12,3,certificate,2,29.33
5,4,6.0,17,8,4,consultation,0,6.84
32,2,4.0,46,10,2,blood_lab,1,62.21
18,3,3.0,29,12,4,inquiry,2,24.23
21,4,3.0,35,11,4,inquiry,3,16.78
16,4,10.0,17,16,3,registration,2,32.41
11,2,10.0,14,15,5,registration,1,56.1
4,1,4.0,9,14,2,blood_lab,2,17.13
12,2,8.5,16,9,4,certificate,2,54.45
5,1,10.0,15,12,2,registration,3,56.72
34,4,3.0,37,17,0,inquiry,1,29.27
31,3,8.5,34,11,3,certificate,0,110.76
19,4,10.0,21,8,1,registration,2,44.0
16,1,6.0,18,17,2,consultation,2,92.31
8,2,4.0,16,14,2,blood_lab,1,17.61
31,2,3.0,45,10,4,inquiry,3,49.53
30,3,8.5,41,8,2,certificate,1,83.27
34,3,8.5,46,15,5,certificate,0,92.72
25,2,8.5,30,9,5,certificate,2,104.61
34,1,6.0,40,15,0,consultation,2,231.68
33,3,4.0,41,12,1,blood_lab,3,53.79
32,2,10.0,45,15,5,registration,0,160.7
18,3,3.0,24,15,4,inquiry,1,19.15
11,2,6.0,18,15,3,consultation,3,28.13
10,1,4.0,20,17,5,blood_lab,3,36.36
10,4,8.5,18,14,4,certificate,0,32.0
27,3,3.0,31,9,2,inquiry,2,23.06
31,2,10.0,40,9,0,registration,1,177.11
33,4,8.5,46,12,3,certificate,2,84.89
22,2,3.0,30,12,2,inquiry,3,35.75
18,1,6.0,20,13,1,consultation,1,132.09
22,4,8.5,34,11,3,certificate,1,57.78
6,2,4.0,11,10,5,blood_lab,0,9.53
20,2,3.0,26,12,0,inquiry,0,40.05
13,2,4.0,15,13,5,blood_lab,2,31.64
22,2,4.0,27,17,5,blood_lab,0,45.77
29,1,8.5,37,14,0,certificate,1,349.31
10,4,8.5,18,8,4,certificate,0,23.07
26,1,4.0,39,14,3,blood_lab,2,129.23
30,4,3.0,37,15,5,inquiry,2,22.42
31,4,10.0,37,8,1,registration,2,74.38
29,2,10.0,32,16,0,registration,3,162.89
24,4,3.0,33,11,3,inquiry,2,22.22
5,1,3.0,14,16,0,inquiry,0,14.86
12,3,4.0,18,9,6,blood_lab,1,13.01
12,3,8.5,13,12,0,certificate,1,48.88
23,4,8.5,28,15,6,certificate,1,49.9
2,4,8.5,16,13,2,certificate,0,7.51
16,2,8.5,20,14,0,certificate,1,94.7
30,3,8.5,41,17,1,certificate,2,85.76
21,2,8.5,33,12,5,certificate,3,109.44
18,2,4.0,25,15,6,blood_lab,2,32.84
8,2,3.0,18,11,6,inquiry,1,14.26
2,1,4.0,12,8,5,blood_lab,3,2.58
20,4,10.0,31,16,0,registration,1,54.4
31,1,3.0,45,13,6,inquiry,0,116.88
33,3,8.5,46,9,4,certificate,1,111.06
3,3,4.0,10,13,0,blood_lab,1,3.91
16,3,10.0,21,13,6,registration,3,62.43
22,3,4.0,26,17,6,blood_lab,1,28.47
2,1,6.0,13,15,2,consultation,2,11.0
25,3,4.0,39,12,5,blood_lab,3,38.11
30,2,8.5,42,12,5,certificate,0,158.88
34,2,10.0,47,11,4,registration,3,244.02
26,4,4.0,33,10,3,blood_lab,3,21.97
19,1,3.0,33,12,2,inquiry,0,72.67
14,1,8.5,26,15,3,certificate,0,118.18
21,1,4.0,26,10,3,blood_lab,2,82.59
1,3,10.0,15,14,4,registration,3,1.82
27,2,4.0,35,17,0,blood_lab,0,61.4
19,1,10.0,29,10,0,registration,0,218.94
32,2,10.0,35,14,0,registration,1,229.68
34,3,3.0,35,12,3,inquiry,1,36.93
19,4,8.5,30,8,1,certificate,1,35.54
34,4,8.5,35,9,6,certificate,1,73.06
24,1,8.5,34,12,0,certificate,3,287.06
18,2,10.0,21,8,2,registration,1,85.8
32,1,6.0,36,15,6,consultation,2,188.51
18,4,10.0,28,16,2,registration,3,41.53
27,2,10.0,39,8,5,registration,2,131.11
4,3,3.0,12,13,0,inquiry,0,4.24
12,1,4.0,23,16,2,blood_lab,2,47.98
31,1,10.0,45,8,0,registration,0,357.2
11,3,3.0,15,8,1,inquiry,1,9.07
5,4,4.0,17,14,3,blood_lab,2,5.36
20,4,8.5,32,17,1,certificate,0,42.5
28,2,6.0,41,11,1,consultation,2,104.11
29,3,3.0,42,11,0,inquiry,1,40.6
32,2,6.0,37,10,1,consultation,3,91.36
8,1,8.5,18,14,3,certificate,0,83.29
28,1,10.0,41,15,1,registration,1,279.54
23,1,4.0,31,11,0,blood_lab,2,128.15
25,2,6.0,30,16,4,consultation,3,80.12
26,4,8.5,28,8,5,certificate,3,49.98
7,1,6.0,15,9,3,consultation,2,40.64
7,2,3.0,14,17,4,inquiry,1,11.83
33,2,3.0,37,15,2,inquiry,1,46.05
24,1,4.0,32,16,5,blood_lab,2,92.1
15,2,3.0,27,16,3,inquiry,3,17.83
13,4,8.5,17,14,3,certificate,3,28.69
4,1,6.0,15,9,3,consultation,3,19.33
11,1,3.0,23,10,4,inquiry,3,31.91
6,1,4.0,15,15,3,blood_lab,3,16.68
21,2,6.0,29,17,0,consultation,3,67.74
15,4,3.0,27,11,2,inquiry,3,10.48
16,2,4.0,30,14,3,blood_lab,1,39.82
30,1,6.0,40,17,2,consultation,3,175.46
27,1,10.0,37,17,6,registration,1,267.13
11,1,3.0,23,9,3,inquiry,3,27.03
9,1,4.0,17,13,0,blood_lab,3,47.76
5,2,10.0,8,13,3,registration,3,25.97
15,1,3.0,21,13,4,inquiry,1,62.94
16,4,4.0,21,10,5,blood_lab,2,16.07
10,3,10.0,16,16,2,registration,3,27.12
22,4,4.0,31,12,6,blood_lab,3,25.01
5,4,8.5,18,11,0,certificate,2,11.78
14,4,8.5,15,17,5,certificate,3,25.83
32,4,10.0,42,12,0,registration,1,116.98
0,3,6.0,11,15,3,consultation,2,0.5
29,1,8.5,38,17,0,certificate,2,282.45
25,4,4.0,31,16,4,blood_lab,3,24.98
7,3,8.5,10,11,4,certificate,0,31.81
20,2,6.0,24,16,3,consultation,2,58.57
23,1,3.0,29,9,5,inquiry,2,65.39
34,1,4.0,46,16,5,blood_lab,2,135.98
13,2,4.0,18,15,5,blood_lab,0,28.06
31,2,4.0,34,12,5,blood_lab,3,74.61
27,2,10.0,33,14,6,registration,3,165.35
15,4,4.0,17,8,0,blood_lab,2,15.13
7,1,3.0,21,11,4,inquiry,2,28.97
7,4,4.0,21,14,3,blood_lab,2,5.95
3,1,8.5,9,8,2,certificate,1,21.92
21,3,6.0,22,8,4,consultation,0,48.74
22,4,10.0,28,17,1,registration,0,56.46
18,4,8.5,32,16,1,certificate,0,37.36
12,2,10.0,18,9,1,registration,2,56.65
27,3,6.0,28,9,6,consultation,0,51.1
1,3,4.0,11,12,6,blood_lab,1,0.5
2,3,6.0,16,12,3,consultation,2,1.31
29,4,8.5,35,16,5,certificate,0,60.55
15,4,8.5,16,17,1,certificate,1,32.62
25,4,8.5,37,9,1,certificate,2,50.7
10,4,4.0,15,9,2,blood_lab,1,7.22
33,3,8.5,35,12,0,certificate,1,135.53
20,4,4.0,22,9,2,blood_lab,2,18.74
8,4,4.0,22,10,2,blood_lab,0,9.91
16,1,6.0,26,12,2,consultation,1,117.29
4,2,6.0,15,9,6,consultation,3,9.31
25,1,6.0,30,15,0,consultation,1,171.85
10,4,3.0,23,13,5,inquiry,1,7.2
14,2,3.0,25,10,1,inquiry,0,22.15
9,1,10.0,13,11,3,registration,1,111.59
14,3,10.0,15,8,4,registration,3,49.46
11,3,10.0,22,15,1,registration,3,29.03
20,2,8.5,30,17,0,certificate,3,93.52
15,1,8.5,24,9,0,certificate,1,143.33
7,3,10.0,18,8,3,registration,2,21.17
13,1,10.0,21,9,3,registration,1,128.32
10,3,3.0,22,13,5,inquiry,1,11.19
19,1,6.0,20,8,3,consultation,3,109.2
31,2,6.0,44,17,5,consultation,0,95.92
24,1,6.0,33,8,3,consultation,2,139.09
5,3,4.0,10,15,2,blood_lab,1,4.91
9,1,8.5,22,11,6,certificate,1,90.27
30,1,10.0,40,14,3,registration,0,372.35
22,3,6.0,24,9,3,consultation,0,42.91
22,1,10.0,26,16,6,registration,3,215.09
28,4,6.0,36,12,2,consultation,3,53.33
20,4,4.0,23,17,5,blood_lab,3,15.76
27,3,3.0,28,15,2,inquiry,2,23.6
14,1,4.0,27,9,4,blood_lab,1,64.14
15,3,4.0,29,12,4,blood_lab,1,29.35
25,3,8.5,39,13,1,certificate,0,88.32
18,1,6.0,29,8,0,consultation,1,120.34
1,1,8.5,4,10,3,certificate,0,7.23
8,1,3.0,12,11,2,inquiry,1,29.38
1,4,6.0,2,15,4,consultation,1,0.5
34,3,3.0,43,10,0,inquiry,2,34.46
21,2,6.0,25,14,6,consultation,2,76.7
29,2,4.0,40,16,5,blood_lab,0,60.56
28,4,6.0,33,9,6,consultation,3,38.94
16,1,3.0,25,12,4,inquiry,1,68.39
14,1,6.0,23,10,6,consultation,2,80.88
34,3,3.0,41,10,6,inquiry,1,31.48
0,3,8.5,14,10,6,certificate,3,0.5
31,3,8.5,32,17,3,certificate,2,79.88
11,1,8.5,14,11,3,certificate,1,115.38
9,1,10.0,18,8,2,registration,0,90.17
32,1,3.0,34,12,5,inquiry,0,120.71
17,3,3.0,19,15,1,inquiry,3,13.11
22,1,8.5,23,17,2,certificate,2,184.77
6,3,8.5,12,16,4,certificate,3,18.14
34,1,8.5,42,9,3,certificate,1,288.97
7,2,8.5,9,12,2,certificate,3,35.07
3,4,10.0,16,10,1,registration,1,7.78
26,4,6.0,34,13,4,consultation,0,58.34
17,3,10.0,21,14,0,registration,3,78.94
0,2,4.0,5,15,3,blood_lab,1,0.5
26,3,8.5,33,15,4,certificate,3,80.23
29,2,3.0,43,10,1,inquiry,3,41.28
19,2,6.0,33,10,3,consultation,1,56.22
18,3,8.5,22,10,6,certificate,1,47.67
7,2,6.0,10,15,2,consultation,0,18.04
17,1,3.0,27,12,6,inquiry,0,64.24
9,1,3.0,22,13,0,inquiry,3,34.66
10,3,8.5,12,14,1,certificate,1,38.06
14,1,10.0,27,14,3,registration,2,171.63
2,4,3.0,3,12,3,inquiry,2,0.5
3,3,6.0,9,17,2,consultation,0,8.12
12,4,10.0,25,11,1,registration,2,37.58
7,1,6.0,17,8,2,consultation,3,36.92
17,2,3.0,24,16,2,inquiry,1,26.59
0,2,3.0,4,10,5,inquiry,0,0.94
15,2,3.0,29,11,2,inquiry,2,25.76
9,3,10.0,22,15,6,registration,0,33.24
13,2,3.0,15,14,1,inquiry,0,24.91
34,3,3.0,43,12,5,inquiry,2,39.55
18,2,4.0,23,14,3,blood_lab,0,41.58
2,4,8.5,7,14,4,certificate,0,6.86
6,1,4.0,16,11,3,blood_lab,1,30.97
6,2,8.5,13,15,1,certificate,3,23.42
12,3,4.0,13,9,4,blood_lab,3,15.56
28,1,4.0,29,12,5,blood_lab,1,138.93
11,3,4.0,16,8,4,blood_lab,0,16.63
1,2,6.0,10,10,5,consultation,0,6.02
20,4,10.0,21,14,3,registration,3,61.55
16,2,8.5,22,8,4,certificate,3,71.5
17,1,8.5,21,11,0,certificate,2,207.83
29,1,6.0,39,16,3,consultation,2,172.18
15,4,4.0,23,10,2,blood_lab,1,14.57
14,3,3.0,25,17,2,inquiry,1,13.24
33,2,6.0,41,17,3,consultation,3,95.45
29,1,10.0,33,13,3,registration,1,361.27
4,1,4.0,6,16,1,blood_lab,0,17.48
23,1,4.0,33,10,2,blood_lab,2,86.59
16,4,3.0,19,17,1,inquiry,0,13.14
7,4,10.0,16,16,4,registration,1,18.87
12,4,3.0,23,11,2,inquiry,2,10.72
34,2,4.0,42,14,4,blood_lab,1,99.92
4,1,8.5,12,9,0,certificate,0,36.2
26,4,4.0,37,16,4,blood_lab,2,30.22
26,4,6.0,38,9,1,consultation,2,36.97
21,4,6.0,33,11,0,consultation,2,41.76
13,4,3.0,14,16,6,inquiry,2,9.52
4,4,6.0,10,14,4,consultation,1,9.26
13,3,4.0,23,13,0,blood_lab,1,24.28
28,4,3.0,41,16,4,inquiry,0,22.27
25,1,8.5,37,10,3,certificate,3,208.28
18,1,3.0,25,15,0,inquiry,1,62.35
15,2,3.0,25,11,4,inquiry,3,30.09
5,4,4.0,16,17,6,blood_lab,0,1.91
29,1,6.0,34,17,5,consultation,1,171.61
14,4,3.0,17,16,4,inquiry,2,9.75
18,1,3.0,27,13,0,inquiry,0,80.13
5,4,6.0,17,11,4,consultation,3,7.26
21,2,6.0,23,16,1,consultation,1,61.2
27,4,6.0,35,14,4,consultation,3,52.44
9,4,10.0,14,13,5,registration,2,25.72
27,1,8.5,41,9,0,certificate,1,261.27
31,2,4.0,45,9,3,blood_lab,1,56.76
5,3,3.0,15,8,4,inquiry,0,6.35
30,2,4.0,35,9,4,blood_lab,0,66.73
14,3,6.0,17,9,2,consultation,3,24.56
34,3,6.0,35,9,6,consultation,3,60.48
28,4,10.0,42,11,1,registration,3,84.69
0,1,10.0,7,11,6,registration,3,0.5
1,1,8.5,4,11,6,certificate,0,11.94
18,2,3.0,22,15,2,inquiry,1,27.78
16,3,8.5,28,13,4,certificate,1,63.53
8,4,3.0,14,8,6,inquiry,3,1.43
29,4,6.0,32,16,4,consultation,0,49.49
26,1,4.0,39,16,4,blood_lab,2,116.84
32,1,10.0,38,16,3,registration,0,320.18
18,3,8.5,19,9,6,certificate,0,50.5
30,1,6.0,41,8,6,consultation,2,177.87
8,1,6.0,18,12,1,consultation,3,56.17
14,2,8.5,21,13,3,certificate,3,70.87
18,1,3.0,25,10,0,inquiry,2,59.53
24,2,4.0,30,11,2,blood_lab,0,59.74
23,3,4.0,31,10,3,blood_lab,2,31.78
12,4,10.0,18,9,4,registration,0,35.46
25,1,10.0,34,15,5,registration,3,247.74
33,3,6.0,37,12,6,consultation,1,83.35
0,1,10.0,14,13,4,registration,2,0.5
2,2,6.0,14,15,1,consultation,3,0.5
7,1,6.0,12,14,2,consultation,1,52.08
15,3,10.0,16,13,5,registration,0,62.83
5,3,4.0,15,13,0,blood_lab,1,8.29
18,1,6.0,32,17,0,consultation,3,120.26
21,1,8.5,22,17,1,certificate,2,172.99
14,2,8.5,19,17,4,certificate,3,64.8
24,3,6.0,26,12,6,consultation,3,57.1
31,3,10.0,45,11,5,registration,0,128.25
13,3,10.0,27,8,1,registration,1,42.67
4,1,6.0,15,12,6,consultation,0,32.47
1,2,8.5,5,11,2,certificate,2,3.13
18,2,8.5,28,15,1,certificate,3,74.07
31,4,8.5,32,16,3,certificate,3,60.99
32,2,6.0,46,12,4,consultation,0,138.63
32,1,4.0,42,12,1,blood_lab,1,155.54
18,3,4.0,21,10,2,blood_lab,3,21.29
28,4,6.0,32,15,2,consultation,3,36.33
3,1,3.0,6,10,3,inquiry,1,6.94
5,4,8.5,11,11,2,certificate,3,7.69
28,4,3.0,37,15,0,inquiry,3,20.83
23,4,6.0,34,9,5,consultation,1,33.07
19,1,3.0,22,15,1,inquiry,0,55.57
31,3,8.5,42,12,1,certificate,0,109.81
19,2,3.0,31,16,0,inquiry,0,33.15
13,4,4.0,17,15,6,blood_lab,3,8.37
32,2,4.0,37,12,2,blood_lab,2,77.56
13,2,3.0,20,15,3,inquiry,2,16.91
12,2,6.0,16,13,1,consultation,2,44.09
6,3,3.0,14,10,1,inquiry,2,5.41
2,2,8.5,7,13,0,certificate,1,11.81
28,2,4.0,41,9,5,blood_lab,3,52.21
7,1,3.0,19,10,5,inquiry,2,20.6
14,3,4.0,27,10,6,blood_lab,1,13.44
6,3,10.0,19,9,0,registration,3,18.64
28,1,6.0,29,17,2,consultation,1,170.29
2,4,8.5,4,14,3,certificate,2,1.57
25,3,8.5,29,15,6,certificate,0,72.4
2,1,8.5,7,12,4,certificate,0,23.92
29,3,4.0,43,16,4,blood_lab,0,46.72
13,1,4.0,24,9,2,blood_lab,0,51.85
2,4,10.0,3,13,5,registration,0,7.49
2,1,3.0,16,11,6,inquiry,1,5.41
32,2,8.5,43,14,4,certificate,3,191.02
3,3,6.0,10,16,4,consultation,3,1.77
30,4,10.0,34,10,1,registration,1,76.21
2,1,6.0,6,13,1,consultation,1,14.53
26,3,8.5,32,15,6,certificate,1,72.54
15,2,6.0,19,15,2,consultation,1,43.04
25,4,4.0,30,15,5,blood_lab,1,23.94
12,4,4.0,23,9,5,blood_lab,2,6.96
5,2,10.0,7,14,6,registration,0,30.17
9,1,8.5,18,14,5,certificate,3,94.22
2,2,8.5,13,10,3,certificate,0,7.28
17,3,3.0,25,8,4,inquiry,1,16.08
1,2,4.0,4,10,2,blood_lab,0,0.5
2,2,6.0,4,16,1,consultation,3,3.45
22,4,6.0,30,13,6,consultation,2,38.32
19,4,8.5,29,11,0,certificate,0,54.93
23,1,3.0,31,16,6,inquiry,0,68.28
23,1,4.0,34,10,1,blood_lab,3,86.49
25,2,10.0,34,15,3,registration,1,121.47
14,4,3.0,22,16,2,inquiry,3,6.77
0,2,10.0,10,17,1,registration,3,0.5
0,2,6.0,5,9,5,consultation,2,0.5
20,2,10.0,21,9,1,registration,0,100.22
30,2,3.0,39,14,1,inquiry,3,51.76
27,2,8.5,34,9,3,certificate,1,115.38
29,3,10.0,38,15,5,registration,3,89.83
10,4,8.5,16,11,3,certificate,2,21.64
15,4,8.5,20,10,3,certificate,0,29.76
8,4,3.0,13,17,4,inquiry,2,3.16
15,3,6.0,17,13,5,consultation,2,31.81
15,4,10.0,20,11,5,registration,1,43.99
16,1,3.0,22,11,5,inquiry,2,57.25
24,3,6.0,38,17,6,consultation,2,46.74
28,2,6.0,39,10,0,consultation,0,96.47
31,3,10.0,44,13,4,registration,2,144.57
1,2,6.0,6,13,6,consultation,2,0.5
23,3,3.0,37,10,4,inquiry,0,26.03
6,4,4.0,8,15,6,blood_lab,0,7.52
31,4,3.0,40,16,1,inquiry,2,21.14
6,3,6.0,19,13,5,consultation,2,11.51
25,1,4.0,26,15,6,blood_lab,1,99.25
24,2,6.0,34,12,0,consultation,3,97.87
8,4,3.0,19,12,0,inquiry,2,9.01
16,4,3.0,21,13,5,inquiry,0,14.18
26,2,3.0,35,17,6,inquiry,2,36.95
20,3,4.0,28,14,3,blood_lab,0,35.73
6,2,10.0,9,16,4,registration,1,34.56
13,1,4.0,17,9,0,blood_lab,3,54.5
20,3,3.0,23,15,3,inquiry,3,16.43
21,4,6.0,24,11,2,consultation,2,34.91
25,2,10.0,29,14,1,registration,2,151.73
29,3,8.5,31,12,0,certificate,1,120.76
31,2,4.0,37,15,0,blood_lab,0,72.88
9,1,3.0,13,14,1,inquiry,3,29.3
6,1,6.0,16,13,5,consultation,3,40.48
13,3,8.5,19,8,2,certificate,3,31.78
22,1,10.0,26,13,5,registration,3,269.97
34,4,3.0,39,8,0,inquiry,3,23.16
4,4,10.0,18,12,0,registration,2,14.4
34,1,4.0,38,14,4,blood_lab,2,190.81
13,3,6.0,24,13,6,consultation,0,35.27
12,1,8.5,26,8,3,certificate,0,103.56
28,1,10.0,35,13,1,registration,2,345.96
18,1,8.5,25,9,2,certificate,3,148.56
27,4,8.5,38,8,1,certificate,3,52.19
29,1,10.0,40,14,5,registration,3,360.84
9,1,6.0,19,14,3,consultation,0,68.21
10,4,8.5,22,8,1,certificate,2,18.23
27,3,10.0,34,13,1,registration,0,115.91
18,1,10.0,25,16,1,registration,1,176.51
29,1,10.0,37,9,0,registration,2,328.12
20,2,6.0,25,10,2,consultation,0,62.99
32,2,10.0,45,12,1,registration,0,200.93
18,3,10.0,28,12,0,registration,2,80.72
3,3,4.0,16,9,1,blood_lab,1,3.26
4,2,10.0,6,9,0,registration,1,21.35
18,3,8.5,31,13,5,certificate,1,59.72
26,4,4.0,28,14,0,blood_lab,1,36.04
1,3,10.0,10,17,1,registration,1,1.25
23,1,4.0,29,13,0,blood_lab,0,130.93
16,3,4.0,27,11,0,blood_lab,2,27.73
4,1,6.0,17,12,1,consultation,2,27.18
19,3,10.0,23,13,2,registration,0,79.31
14,3,3.0,25,11,0,inquiry,2,15.95
14,2,4.0,23,13,5,blood_lab,0,33.95
24,2,3.0,38,16,0,inquiry,1,41.83
11,1,6.0,12,16,6,consultation,2,63.64
16,4,4.0,23,17,5,blood_lab,1,12.13
11,3,10.0,15,11,3,registration,1,44.5
6,4,8.5,18,14,5,certificate,2,13.72
24,4,4.0,29,11,4,blood_lab,3,29.17
14,1,4.0,15,12,5,blood_lab,0,67.94
2,1,3.0,15,15,0,inquiry,2,4.53
4,3,6.0,15,15,2,consultation,2,5.3
5,4,8.5,16,11,4,certificate,2,10.04
2,2,4.0,5,11,1,blood_lab,3,0.5
23,1,3.0,33,8,4,inquiry,1,77.59
8,2,3.0,13,15,1,inquiry,3,7.79
10,3,4.0,13,15,3,blood_lab,0,13.29
29,1,8.5,39,13,2,certificate,3,306.3
31,4,10.0,42,8,4,registration,3,85.83
14,2,4.0,22,15,0,blood_lab,3,24.64
22,2,10.0,27,8,1,registration,1,107.06
24,4,8.5,30,10,2,certificate,1,45.41
16,2,6.0,26,10,0,consultation,0,55.7
2,3,4.0,14,16,6,blood_lab,0,3.18
28,3,6.0,35,13,1,consultation,1,68.03
33,1,4.0,38,9,2,blood_lab,3,126.17
19,4,8.5,32,13,1,certificate,3,44.49
29,2,4.0,34,12,0,blood_lab,1,79.39
24,2,3.0,35,15,2,inquiry,2,34.36
16,1,3.0,26,14,4,inquiry,1,63.88
8,2,8.5,20,9,0,certificate,0,39.77
20,2,8.5,22,13,2,certificate,0,106.62
14,1,8.5,16,13,4,certificate,1,169.57
31,2,3.0,40,9,6,inquiry,3,41.03
3,2,3.0,17,13,4,inquiry,3,2.87
22,1,6.0,36,16,5,consultation,0,135.26
14,3,8.5,19,11,3,certificate,1,46.12
8,3,10.0,19,8,1,registration,3,21.27
15,4,8.5,18,17,0,certificate,1,35.25
23,2,4.0,28,17,3,blood_lab,3,39.91
6,3,10.0,13,14,4,registration,0,28.77
4,1,3.0,14,11,4,inquiry,3,12.21
2,1,4.0,16,17,0,blood_lab,2,8.07
5,1,4.0,19,9,0,blood_lab,0,23.92
34,2,4.0,41,9,5,blood_lab,3,62.45
11,3,8.5,20,10,0,certificate,3,30.15
1,2,3.0,15,17,2,inquiry,2,0.5
4,4,8.5,9,9,5,certificate,3,5.55
20,4,10.0,29,10,6,registration,0,48.63
8,1,4.0,22,17,4,blood_lab,2,31.37
26,2,6.0,39,8,1,consultation,3,72.18
0,1,3.0,13,15,1,inquiry,3,0.5
17,4,8.5,18,17,0,certificate,3,38.48
34,4,8.5,46,10,3,certificate,2,71.11
11,4,6.0,12,15,4,consultation,1,14.41
18,3,8.5,24,14,6,certificate,3,59.09
24,1,4.0,30,8,0,blood_lab,2,106.38
31,4,3.0,34,11,3,inquiry,2,26.29
25,4,4.0,34,14,0,blood_lab,2,31.58
19,1,8.5,29,9,2,certificate,0,162.52
29,4,3.0,30,14,4,inquiry,1,31.55
24,4,10.0,32,9,5,registration,1,57.4
27,3,10.0,35,16,4,registration,2,98.67
1,2,10.0,15,8,4,registration,3,1.07
6,1,3.0,17,8,1,inquiry,1,16.47
33,3,3.0,37,17,6,inquiry,0,35.24
12,1,4.0,25,13,4,blood_lab,0,66.85
9,3,4.0,16,17,0,blood_lab,3,11.03
12,4,6.0,14,15,3,consultation,2,13.3
6,2,3.0,7,11,6,inquiry,1,11.83
26,3,8.5,31,9,0,certificate,2,82.89
21,3,8.5,22,16,5,certificate,1,57.32
17,3,6.0,18,11,5,consultation,0,40.13
11,4,6.0,18,15,1,consultation,0,16.97
7,2,10.0,18,8,6,registration,1,33.06
31,1,3.0,42,13,3,inquiry,0,115.09
15,2,6.0,27,15,0,consultation,3,48.04
20,2,8.5,26,8,0,certificate,1,94.82
4,1,8.5,12,10,6,certificate,3,30.03
7,3,3.0,10,14,5,inquiry,1,7.79
28,4,3.0,34,16,4,inquiry,3,20.09
14,3,10.0,20,13,3,registration,1,55.87
7,3,8.5,11,16,3,certificate,1,17.81
27,1,3.0,32,14,5,inquiry,3,95.68
7,1,3.0,15,15,5,inquiry,0,21.41
13,2,10.0,14,14,1,registration,3,76.91
2,3,8.5,10,11,4,certificate,2,3.82
34,3,6.0,39,8,2,consultation,2,64.84
7,3,4.0,12,12,4,blood_lab,2,11.4
27,2,6.0,39,9,0,consultation,0,93.26
12,4,3.0,22,14,6,inquiry,0,9.89
30,2,4.0,41,15,0,blood_lab,2,68.84
32,1,10.0,38,12,4,registration,1,458.79
29,1,8.5,41,12,2,certificate,2,303.79
29,2,3.0,37,9,3,inquiry,2,39.6
4,2,4.0,18,14,0,blood_lab,1,8.16
33,1,3.0,34,11,6,inquiry,1,121.58
22,3,3.0,29,10,2,inquiry,1,19.42
3,2,8.5,6,11,0,certificate,3,11.51
7,1,4.0,20,13,3,blood_lab,2,33.2
7,1,8.5,20,11,4,certificate,3,85.92
31,2,8.5,41,9,0,certificate,3,150.73
9,3,10.0,22,12,3,registration,0,36.65
31,2,6.0,39,15,1,consultation,1,90.22
17,2,10.0,20,13,0,registration,1,118.63
21,2,3.0,27,14,0,inquiry,3,42.89
0,1,10.0,12,12,6,registration,3,0.5
30,3,8.5,44,14,6,certificate,2,103.71
32,1,4.0,41,9,4,blood_lab,2,143.02
6,4,4.0,16,14,6,blood_lab,2,1.2
32,1,4.0,39,10,4,blood_lab,1,147.41
22,1,6.0,33,15,0,consultation,3,146.31
10,1,10.0,16,8,6,registration,1,98.24
12,4,6.0,17,11,3,consultation,3,17.9
34,3,3.0,38,15,0,inquiry,2,36.58
5,4,8.5,14,17,4,certificate,0,13.36
16,4,6.0,28,17,4,consultation,0,28.91
27,1,8.5,38,10,6,certificate,0,229.72
7,4,10.0,16,11,4,registration,3,19.36
6,1,3.0,11,14,4,inquiry,0,27.49
33,2,8.5,37,15,6,certificate,0,137.23
25,4,10.0,32,12,1,registration,3,72.08
17,3,4.0,18,10,4,blood_lab,2,23.81
29,2,6.0,40,9,2,consultation,0,91.2
7,4,10.0,16,10,1,registration,1,15.57
15,3,4.0,19,9,5,blood_lab,1,23.48
3,4,10.0,11,8,0,registration,1,6.37
20,4,4.0,24,14,5,blood_lab,3,19.94
3,2,3.0,15,15,3,inquiry,3,0.5
19,2,4.0,27,17,1,blood_lab,0,39.16
29,3,8.5,42,13,6,certificate,0,104.09
5,3,4.0,13,12,1,blood_lab,1,10.37
14,1,6.0,28,15,4,consultation,0,96.48
34,1,6.0,42,13,6,consultation,2,251.92
11,3,4.0,22,16,2,blood_lab,3,10.02
11,3,10.0,14,10,4,registration,2,42.18
15,1,4.0,25,9,4,blood_lab,3,63.8
6,2,4.0,8,12,0,blood_lab,2,16.24
20,4,3.0,23,17,5,inquiry,0,16.0
6,2,4.0,19,16,6,blood_lab,3,8.01
19,3,3.0,21,16,5,inquiry,1,20.2
25,1,3.0,26,16,6,inquiry,2,69.47
31,2,8.5,34,16,2,certificate,2,125.55
0,2,3.0,5,11,0,inquiry,2,0.5
16,4,6.0,29,8,2,consultation,0,21.92
0,3,6.0,8,9,3,consultation,1,0.5
20,4,4.0,34,15,3,blood_lab,0,17.23
25,4,6.0,27,8,3,consultation,1,36.31
4,1,3.0,5,9,4,inquiry,2,12.22
22,3,6.0,34,9,6,consultation,1,42.01
24,4,3.0,34,15,4,inquiry,0,19.68
6,2,6.0,17,10,6,consultation,3,11.65
23,3,8.5,30,12,6,certificate,1,78.96
30,3,10.0,40,9,2,registration,1,99.88
15,2,6.0,24,15,5,consultation,2,41.9
10,4,3.0,14,17,1,inquiry,2,5.56
13,4,6.0,20,16,1,consultation,0,21.01
13,4,4.0,16,17,3,blood_lab,0,14.59
32,1,8.5,41,13,4,certificate,3,386.13
16,1,4.0,23,16,2,blood_lab,1,63.38
9,3,6.0,22,10,0,consultation,0,23.15
26,1,4.0,27,10,6,blood_lab,1,103.34
29,4,3.0,42,14,6,inquiry,2,24.57
8,1,6.0,11,12,2,consultation,3,55.21
19,2,3.0,24,17,2,inquiry,2,23.96
10,4,3.0,23,17,1,inquiry,2,1.76
24,3,6.0,32,17,2,consultation,3,45.47
14,2,10.0,28,12,1,registration,3,84.84
25,1,3.0,38,14,3,inquiry,0,96.73
26,4,4.0,29,8,4,blood_lab,0,28.9
29,2,8.5,43,12,4,certificate,2,176.85
32,4,6.0,41,11,2,consultation,2,60.56
23,2,3.0,33,10,2,inquiry,0,36.17
34,2,8.5,42,17,1,certificate,0,146.39
29,3,8.5,34,12,6,certificate,0,103.21
23,1,3.0,33,16,2,inquiry,3,67.0
12,4,8.5,23,16,2,certificate,1,25.04
29,3,10.0,37,13,4,registration,0,137.02
29,3,8.5,43,14,5,certificate,1,99.1
33,4,6.0,47,12,6,consultation,3,61.35
0,2,4.0,9,17,3,blood_lab,3,0.5
20,3,4.0,24,14,6,blood_lab,0,31.55
0,4,3.0,12,12,5,inquiry,0,0.5
8,3,8.5,11,16,0,certificate,0,25.89
18,3,6.0,21,9,4,consultation,2,34.97
6,3,4.0,7,8,5,blood_lab,2,6.59
31,1,8.5,34,17,3,certificate,3,262.47
32,1,3.0,36,11,5,inquiry,3,116.95
17,3,6.0,31,15,4,consultation,1,36.33
6,4,10.0,11,15,5,registration,1,15.69
32,2,3.0,41,14,6,inquiry,3,55.41
31,1,10.0,35,10,1,registration,3,308.19
34,2,4.0,42,8,5,blood_lab,0,69.54
13,1,8.5,25,11,3,certificate,0,139.47
21,1,4.0,34,13,1,blood_lab,1,101.76
27,2,4.0,35,9,1,blood_lab,1,52.22
22,4,10.0,34,8,1,registration,0,54.02
27,1,3.0,30,11,4,inquiry,0,119.24
24,3,8.5,27,14,5,certificate,3,78.98
29,3,6.0,33,15,4,consultation,2,63.11
22,3,6.0,24,15,5,consultation,0,43.04
22,4,10.0,23,12,6,registration,3,64.46
7,3,4.0,16,16,1,blood_lab,0,9.03
7,3,8.5,11,12,3,certificate,3,19.16
9,2,4.0,18,13,0,blood_lab,3,22.21
8,1,6.0,12,8,3,consultation,1,49.25
11,3,8.5,19,13,1,certificate,0,39.91
23,2,4.0,28,12,5,blood_lab,1,57.22
2,2,6.0,10,13,1,consultation,2,0.5
11,4,3.0,22,8,3,inquiry,1,7.56
7,1,10.0,9,11,1,registration,1,87.98
10,3,10.0,16,14,5,registration,2,36.82
9,1,10.0,23,16,6,registration,0,89.3
25,2,6.0,37,9,6,consultation,0,73.99
4,3,3.0,5,9,1,inquiry,2,0.5
8,1,8.5,19,10,1,certificate,2,62.39
30,4,10.0,35,16,5,registration,0,74.91
26,4,3.0,27,11,1,inquiry,0,21.38
10,2,3.0,22,11,6,inquiry,0,19.03
24,3,4.0,27,11,0,blood_lab,2,45.48
27,1,6.0,37,17,2,consultation,3,157.85
8,4,8.5,19,11,5,certificate,3,17.98
31,4,3.0,37,9,4,inquiry,3,25.26
30,1,6.0,40,14,3,consultation,2,221.62
18,2,8.5,28,9,0,certificate,0,88.45
32,2,8.5,34,12,0,certificate,0,199.66
18,2,8.5,32,13,0,certificate,3,104.98
15,1,3.0,17,15,5,inquiry,1,45.78
17,3,3.0,25,12,2,inquiry,3,19.44
6,3,8.5,17,13,3,certificate,0,20.97
28,3,6.0,39,15,2,consultation,1,55.26
0,3,4.0,14,11,3,blood_lab,0,1.84
14,1,3.0,23,17,6,inquiry,1,41.69
26,2,4.0,32,9,6,blood_lab,0,52.02
0,1,8.5,10,16,6,certificate,3,0.5
22,4,4.0,30,11,2,blood_lab,1,26.44
33,1,4.0,38,16,1,blood_lab,1,129.04
11,2,8.5,18,11,6,certificate,2,53.98
21,3,6.0,30,8,0,consultation,1,47.77
3,1,10.0,13,13,3,registration,2,34.8
0,1,3.0,14,8,6,inquiry,2,0.5
4,1,6.0,14,11,5,consultation,2,26.29
25,4,3.0,39,8,5,inquiry,3,14.41
3,1,8.5,13,10,2,certificate,0,24.5
1,4,10.0,15,13,5,registration,0,3.19
25,4,6.0,36,13,5,consultation,3,46.37
14,3,3.0,22,8,6,inquiry,1,8.96
